ore_ont_10019	OK	5	5	0	0	0	0	0	182	29	0	15	2	9	0	5	3	10
ore_ont_10009	OK	64	63	0	0	0	0	1	381	0	0	0	0	0	0	0	0	0
ore_ont_10026	OK	27	27	0	0	0	0	0	368	0	0	0	0	0	0	0	0	0
ore_ont_10004	OK	0	0	0	0	0	0	0	3076	0	0	0	0	0	0	0	0	0
ore_ont_10056	OK	0	0	0	0	0	0	0	467	0	0	0	0	0	0	0	0	0
ore_ont_10058	OK	61	61	0	0	0	0	0	4589	2	0	0	0	0	0	0	0	1
ore_ont_10053	OK	0	0	0	0	0	0	0	12165	0	0	0	0	0	0	0	0	0
ore_ont_10088	OK	37	12	0	0	0	4	21	173	0	0	0	0	0	0	0	0	0
ore_ont_10109	OK	53	47	0	0	0	0	6	344	28	0	2	0	0	9	7	2	6
ore_ont_10123	OK	0	0	0	0	0	0	0	2817	0	0	0	0	0	0	0	0	0
ore_ont_10080	OK	162	42	0	0	0	118	2	28407	390	2	149	0	220	0	24	11	68
ore_ont_10006	OK	36	36	0	0	0	0	0	60971	222	0	219	0	0	0	41	12	30
ore_ont_10008	OK	0	0	0	0	0	0	0	88446	219	0	219	0	0	0	41	12	30
ore_ont_10133	OK	0	0	0	0	0	0	0	951	0	0	0	0	0	0	0	0	0
ore_ont_10134	OK	0	0	0	0	0	0	0	1850	46	0	46	0	0	0	10	1	5
ore_ont_10127	OK	1064	5	0	0	0	488	571	699	0	0	0	0	0	0	0	0	0
ore_ont_10032	OK	0	0	0	0	0	0	0	121712	0	0	0	0	0	0	0	0	0
ore_ont_10146	OK	11	11	0	0	0	0	0	2956	193	0	193	0	0	0	94	0	2
ore_ont_10160	OK	0	0	0	0	0	0	0	2502	71	0	71	0	0	0	21	1	12
ore_ont_10068	OK	0	0	0	0	0	0	0	30111	0	0	0	0	0	0	0	0	0
ore_ont_10162	OK	0	0	0	0	0	0	0	1007	0	0	0	0	0	0	0	0	0
ore_ont_1016	OK	150	150	0	0	0	0	0	6207	1028	0	616	0	412	0	157	47	105
ore_ont_10173	OK	73	73	0	0	0	0	0	4014	2	0	0	0	0	0	0	0	1
ore_ont_10174	OK	0	0	0	0	0	0	0	133	0	0	0	0	0	0	0	0	0
ore_ont_10136	OK	1	1	0	0	0	0	0	57653	523	0	523	0	0	0	25	13	124
ore_ont_10176	OK	0	0	0	0	0	0	0	208	104	0	104	0	0	0	1	1	104
ore_ont_1017	OK	0	0	0	0	0	0	0	1687	0	0	0	0	0	0	0	0	0
ore_ont_10175	OK	0	0	0	0	0	0	0	98983	9163	3	9162	0	0	0	323	59	7348
ore_ont_10199	OK	36	36	0	0	0	0	0	48	0	0	0	0	0	0	0	0	0
ore_ont_10212	OK	292	5	0	0	0	125	162	202	0	0	0	0	0	0	0	0	0
ore_ont_10197	OK	29	21	0	0	0	8	0	2239	0	0	0	0	0	0	0	0	0
ore_ont_10230	OK	67	65	0	0	0	0	2	8872	0	0	0	0	0	0	0	0	0
ore_ont_10242	OK	320	74	0	0	0	246	0	4432	2	2	0	0	0	0	0	0	1
ore_ont_10254	OK	0	0	0	0	0	0	0	5393	0	0	0	0	0	0	0	0	0
ore_ont_10264	OK	62	62	0	0	0	0	0	0	0	0	0	0	0	0	0	0	0
ore_ont_10016	OK	0	0	0	0	0	0	0	257159	0	0	0	0	0	0	0	0	0
ore_ont_10270	OK	74	74	0	0	0	0	0	4243	2	0	0	0	0	0	0	0	1
ore_ont_10275	OK	0	0	0	0	0	0	0	2603	196	0	196	0	0	0	39	10	28
ore_ont_10283	OK	0	0	0	0	0	0	0	1459	0	0	0	0	0	0	0	0	0
ore_ont_10285	OK	8	6	0	0	0	0	2	155	22	3	18	0	0	0	8	0	4
ore_ont_10140	OK	0	0	0	0	0	0	0	204130	30363	2	30333	2	0	0	3301	59	676
ore_ont_10309	OK	49	49	0	0	0	0	0	6	0	0	0	0	0	0	0	0	0
ore_ont_10280	OK	0	0	0	0	0	0	0	8572	0	0	0	0	0	0	0	0	0
ore_ont_10314	OK	0	0	0	0	0	0	0	99	0	0	0	0	0	0	0	0	0
ore_ont_10320	OK	23	23	0	0	0	0	0	439	1	0	0	0	0	0	0	0	1
ore_ont_10321	OK	43	43	0	0	0	0	0	7	0	0	0	0	0	0	0	0	0
ore_ont_10340	OK	104	104	0	0	0	0	0	0	0	0	0	0	0	0	0	0	0
ore_ont_10326	OK	0	0	0	0	0	0	0	3895	0	0	0	0	0	0	0	0	0
ore_ont_1034	OK	137	137	0	0	0	0	0	0	0	0	0	0	0	0	0	0	0
ore_ont_10350	OK	0	0	0	0	0	0	0	2335	0	0	0	0	0	0	0	0	0
ore_ont_10355	OK	152	152	0	0	0	0	0	4	0	0	0	0	0	0	0	0	0
ore_ont_10348	OK	0	0	0	0	0	0	0	11156	0	0	0	0	0	0	0	0	0
ore_ont_10362	OK	36	36	0	0	0	0	0	183	4	0	2	0	0	0	0	0	1
ore_ont_1028	OK	0	0	0	0	0	0	0	25918	2722	0	2708	0	0	0	386	110	170
ore_ont_10366	OK	0	0	0	0	0	0	0	1882	941	1	941	0	0	0	64	26	178
ore_ont_10388	OK	38	36	0	0	0	2	0	150	3	0	0	0	0	0	0	0	1
ore_ont_10389	OK	0	0	0	0	0	0	0	10768	0	0	0	0	0	0	0	0	0
ore_ont_10384	OK	0	0	0	0	0	0	0	7277	0	0	0	0	0	0	0	0	0
ore_ont_10407	OK	49	0	0	0	0	0	49	27	5	1	0	0	3	0	0	0	1
ore_ont_10409	OK	73	73	0	0	0	0	0	3980	2	0	0	0	0	0	0	0	1
ore_ont_10413	OK	68	68	0	0	0	0	0	0	0	0	0	0	0	0	0	0	0
ore_ont_10419	OK	0	0	0	0	0	0	0	1470	0	0	0	0	0	0	0	0	0
ore_ont_10423	OK	73	73	0	0	0	0	0	4025	2	0	0	0	0	0	0	0	1
ore_ont_10391	OK	40	40	0	0	0	0	0	84	3	0	2	0	1	0	1	0	2
ore_ont_10431	OK	0	0	0	0	0	0	0	385	0	0	0	0	0	0	0	0	0
ore_ont_10073	OK	0	0	0	0	0	0	0	25555	1543	0	1543	0	0	0	174	60	162
ore_ont_10248	OK	0	0	0	0	0	0	0	118044	0	0	0	0	0	0	0	0	0
ore_ont_10460	OK	3	0	0	0	0	3	0	833	37	0	25	5	1	0	5	1	11
ore_ont_10481	OK	324	77	0	0	0	247	0	4443	2	2	0	0	0	0	0	0	1
ore_ont_10503	OK	103	95	0	0	0	0	8	1318	0	0	0	0	0	0	0	0	0
ore_ont_10516	OK	0	0	0	0	0	0	0	450	0	0	0	0	0	0	0	0	0
ore_ont_10517	OK	37	37	0	0	0	0	0	1173	25	5	13	0	0	0	5	0	4
ore_ont_10536	OK	90	90	0	0	0	0	0	4	0	0	0	0	0	0	0	0	0
ore_ont_10537	OK	81	81	0	0	0	0	0	106	0	0	0	0	0	0	0	0	0
ore_ont_1043	OK	726	0	0	0	0	726	0	35683	4306	4306	0	0	0	0	125	18	663
ore_ont_10571	OK	12	8	0	0	0	0	4	352	21	3	17	0	0	0	8	0	4
ore_ont_10580	OK	8	8	0	0	0	0	0	294	74	0	74	0	0	0	5	4	29
ore_ont_10588	OK	73	73	0	0	0	0	0	3980	2	0	0	0	0	0	0	0	1
ore_ont_10594	OK	68	68	0	0	0	0	0	4589	2	0	0	0	0	0	0	0	1
ore_ont_1059	OK	1639	5	0	0	0	0	1634	82378	7628	9	7615	0	2	0	279	52	6102
ore_ont_105	OK	0	0	0	0	0	0	0	347	0	0	0	0	0	0	0	0	0
ore_ont_10608	OK	0	0	0	0	0	0	0	4453	0	0	0	0	0	0	0	0	0
ore_ont_10621	OK	265	265	0	0	0	0	0	116927	562	28	559	0	0	0	128	26	25
ore_ont_1062	OK	64	64	0	0	0	0	0	4616	2	0	0	0	0	0	0	0	1
ore_ont_1065	OK	0	0	0	0	0	0	0	2349	0	0	0	0	0	0	0	0	0
ore_ont_10161	OK	0	0	0	0	0	0	0	678472	0	0	0	0	0	0	0	0	0
ore_ont_10672	OK	73	73	0	0	0	0	0	3982	2	0	0	0	0	0	0	0	1
ore_ont_10681	OK	64	63	0	0	0	0	1	164	0	0	0	0	0	0	0	0	0
ore_ont_1066	OK	76	0	0	0	0	75	1	42560	3726	0	3604	13	26	0	482	132	300
ore_ont_10380	OK	11	11	0	0	0	0	0	74703	236	0	236	0	0	0	98	4	13
ore_ont_10702	OK	18	16	0	0	0	0	2	357	86	8	0	0	46	0	10	3	31
ore_ont_10742	OK	0	0	0	0	0	0	0	5154	0	0	0	0	0	0	0	0	0
ore_ont_10749	OK	360	62	0	0	0	298	0	5253	2	2	0	0	0	0	0	0	1
ore_ont_10445	OK	0	0	0	0	0	0	0	442498	0	0	0	0	0	0	0	0	0
ore_ont_10752	OK	0	0	0	0	0	0	0	138	0	0	0	0	0	0	0	0	0
ore_ont_1012	OK	0	0	0	0	0	0	0	262266	0	0	0	0	0	0	0	0	0
ore_ont_10769	OK	90	90	0	0	0	0	0	0	0	0	0	0	0	0	0	0	0
ore_ont_10754	OK	2	2	0	0	0	0	0	52618	7	0	2	0	2	0	2	0	3
ore_ont_10776	OK	0	0	0	0	0	0	0	802	0	0	0	0	0	0	0	0	0
ore_ont_10774	OK	0	0	0	0	0	0	0	11877	0	0	0	0	0	0	0	0	0
ore_ont_10125	OK	11	11	0	0	0	0	0	143254	285	0	285	0	0	0	100	5	26
ore_ont_10805	OK	121	121	0	0	0	0	0	0	0	0	0	0	0	0	0	0	0
ore_ont_10781	OK	11	11	0	0	0	0	0	1287	0	0	0	0	0	0	0	0	0
ore_ont_10807	OK	36	36	0	0	0	0	0	983	24	5	13	0	0	0	5	0	4
ore_ont_10823	OK	73	73	0	0	0	0	0	0	0	0	0	0	0	0	0	0	0
ore_ont_10806	OK	0	0	0	0	0	0	0	12343	0	0	0	0	0	0	0	0	0
ore_ont_10833	OK	111	111	0	0	0	0	0	0	0	0	0	0	0	0	0	0	0
ore_ont_10697	OK	987	5	0	0	0	455	527	670	0	0	0	0	0	0	0	0	0
ore_ont_10860	FAIL
ore_ont_1082	OK	2220	0	0	0	0	2220	0	48566	4397	4397	0	0	0	0	533	160	300
ore_ont_10888	OK	81	81	0	0	0	0	0	106	0	0	0	0	0	0	0	0	0
ore_ont_10874	OK	68	67	0	0	0	0	1	19899	1	0	0	0	0	0	0	0	1
ore_ont_10892	OK	61	61	0	0	0	0	0	4624	2	0	0	0	0	0	0	0	1
ore_ont_10894	OK	7	7	0	0	0	0	0	168	1	0	0	0	0	0	0	0	1
ore_ont_10906	OK	6	2	0	0	0	0	4	135	26	2	15	0	4	0	6	2	10
ore_ont_10890	OK	0	0	0	0	0	0	0	13013	0	0	0	0	0	0	0	0	0
ore_ont_10908	OK	85	62	0	0	0	23	0	814	10	0	6	1	0	0	1	0	2
ore_ont_10778	OK	0	0	0	0	0	0	0	80761	0	0	0	0	0	0	0	0	0
ore_ont_1091	OK	60	60	0	0	0	0	0	4607	2	0	0	0	0	0	0	0	1
ore_ont_10930	OK	0	0	0	0	0	0	0	62193	219	0	219	0	0	0	41	12	30
ore_ont_10838	OK	36	36	0	0	0	0	0	2694	222	0	219	0	0	0	41	12	30
ore_ont_10568	OK	36	36	0	0	0	0	0	337369	496	0	493	0	0	0	41	12	30
ore_ont_10949	OK	2452	2452	0	0	0	0	0	1463	322	0	0	0	0	0	0	0	1
ore_ont_10951	OK	502	5	0	0	0	222	275	332	0	0	0	0	0	0	0	0	0
ore_ont_10952	OK	46	46	0	0	0	0	0	3009	5	0	0	0	0	0	0	0	1
ore_ont_10968	OK	0	0	0	0	0	0	0	4830	0	0	0	0	0	0	0	0	0
ore_ont_10985	OK	72	72	0	0	0	0	0	4013	2	0	0	0	0	0	0	0	1
ore_ont_10991	OK	0	0	0	0	0	0	0	4432	0	0	0	0	0	0	0	0	0
ore_ont_11003	OK	38	30	0	0	0	1	7	225	8	0	0	0	0	0	0	0	1
ore_ont_11004	OK	85	85	0	0	0	0	0	117	0	0	0	0	0	0	0	0	0
ore_ont_10992	OK	0	0	0	0	0	0	0	7279	0	0	0	0	0	0	0	0	0
ore_ont_11009	OK	0	0	0	0	0	0	0	1204	602	0	602	0	0	0	37	23	165
ore_ont_11010	OK	0	0	0	0	0	0	0	372	0	0	0	0	0	0	0	0	0
ore_ont_11014	OK	0	0	0	0	0	0	0	1815	0	0	0	0	0	0	0	0	0
ore_ont_11016	OK	2	2	0	0	0	0	0	891	7	0	2	0	2	0	2	0	3
ore_ont_10965	OK	0	0	0	0	0	0	0	11846	0	0	0	0	0	0	0	0	0
ore_ont_11005	OK	36	36	0	0	0	0	0	134148	222	0	219	0	0	0	41	12	30
ore_ont_11064	OK	12	10	0	0	0	2	0	1275	6	0	4	0	0	0	2	0	2
ore_ont_11081	OK	1730	0	0	0	0	1730	0	25459	3422	3422	0	0	0	0	80	30	603
ore_ont_11053	OK	0	0	0	0	0	0	0	34959	0	0	0	0	0	0	0	0	0
ore_ont_11085	OK	2073	1341	0	0	0	0	732	20758	0	0	0	0	0	0	0	0	0
ore_ont_11115	OK	34	34	0	0	0	0	0	1065	0	0	0	0	0	0	0	0	0
ore_ont_11124	OK	2	0	0	0	0	2	0	5767	655	0	655	0	0	0	106	20	84
ore_ont_11125	OK	148	148	0	0	0	0	0	60	0	0	0	0	0	0	0	0	0
ore_ont_10425	OK	58	56	0	0	0	0	2	4228740	0	0	0	0	0	0	0	0	0
ore_ont_11110	OK	0	0	0	0	0	0	0	32286	0	0	0	0	0	0	0	0	0
ore_ont_1112	OK	0	0	0	0	0	0	0	4454	0	0	0	0	0	0	0	0	0
ore_ont_11133	OK	0	0	0	0	0	0	0	247	0	0	0	0	0	0	0	0	0
ore_ont_11131	OK	0	0	0	0	0	0	0	4836	0	0	0	0	0	0	0	0	0
ore_ont_11149	OK	82	82	0	0	0	0	0	297	0	0	0	0	0	0	0	0	0
ore_ont_11140	OK	0	0	0	0	0	0	0	10355	0	0	0	0	0	0	0	0	0
ore_ont_11157	OK	174	48	0	0	0	125	1	1964	0	0	0	0	0	0	0	0	0
ore_ont_1117	OK	16	0	0	0	0	0	16	855	0	0	0	0	0	0	0	0	0
ore_ont_11196	OK	1392	12	0	0	0	497	883	51027	4584	1	4459	12	27	0	663	160	300
ore_ont_1115	OK	0	0	0	0	0	0	0	10610	0	0	0	0	0	0	0	0	0
ore_ont_1119	OK	0	0	0	0	0	0	0	17622	0	0	0	0	0	0	0	0	0
ore_ont_11203	OK	51	51	0	0	0	0	0	43	0	0	0	0	0	0	0	0	0
ore_ont_11037	OK	1	1	0	0	0	0	0	76753	3046	0	3046	0	0	0	59	17	850
ore_ont_11198	OK	0	0	0	0	0	0	0	66809	0	0	0	0	0	0	0	0	0
ore_ont_11207	OK	1773	5	0	0	0	828	940	1504	0	0	0	0	0	0	0	0	0
ore_ont_11274	OK	4	4	0	0	0	0	0	1611	0	0	0	0	0	0	0	0	0
ore_ont_1123	OK	262	218	0	0	1	9	34	52245	38	0	8	0	1	0	4	1	7
ore_ont_11282	OK	0	0	0	0	0	0	0	30417	274	0	274	0	0	0	0	0	1
ore_ont_11289	OK	68	68	0	0	0	0	0	4591	2	0	0	0	0	0	0	0	1
ore_ont_11291	OK	2	2	0	0	0	0	0	137	6	0	2	0	2	0	2	0	3
ore_ont_11270	OK	265	265	0	0	0	0	0	116927	562	28	559	0	0	0	128	26	25
ore_ont_11296	OK	51	49	0	0	1	0	1	56	0	0	0	0	0	0	0	0	0
ore_ont_11298	OK	0	0	0	0	0	0	0	4830	0	0	0	0	0	0	0	0	0
ore_ont_11305	OK	56	53	0	0	0	3	0	9463	197	9	3	0	141	0	12	4	48
ore_ont_11293	OK	0	0	0	0	0	0	0	114922	0	0	0	0	0	0	0	0	0
ore_ont_10750	OK	0	0	0	0	0	0	0	232753	0	0	0	0	0	0	0	0	0
ore_ont_11311	OK	9	9	0	0	0	0	0	24630	1877	0	1877	0	0	0	268	180	148
ore_ont_11316	OK	0	0	0	0	0	0	0	2653	219	0	219	0	0	0	41	12	30
ore_ont_11349	OK	0	0	0	0	0	0	0	2044	0	0	0	0	0	0	0	0	0
ore_ont_11357	OK	51	51	0	0	0	0	0	101	0	0	0	0	0	0	0	0	0
ore_ont_11371	OK	158	133	0	0	0	8	17	151	0	0	0	0	0	0	0	0	0
ore_ont_11362	OK	0	0	0	0	0	0	0	1333	0	0	0	0	0	0	0	0	0
ore_ont_11380	OK	0	0	0	0	0	0	0	164	2	0	2	0	0	0	0	0	1
ore_ont_11378	OK	629	622	0	0	0	0	7	10454	25	10	1	0	4	0	3	0	4
ore_ont_11392	OK	4	3	0	0	0	0	1	127	0	0	0	0	0	0	0	0	0
ore_ont_11389	OK	0	0	0	0	0	0	0	238818	0	0	0	0	0	0	0	0	0
ore_ont_11401	OK	53	53	0	0	0	0	0	299	15	0	0	0	1	0	0	0	1
ore_ont_11411	OK	29	21	0	0	0	8	0	2239	0	0	0	0	0	0	0	0	0
ore_ont_11416	OK	224	224	0	0	0	0	0	59	1	1	0	0	0	0	0	0	1
ore_ont_11315	OK	0	0	0	0	0	0	0	78530	4145	0	4145	0	0	0	1	1	4145
ore_ont_11452	OK	0	0	0	0	0	0	0	11936	0	0	0	0	0	0	0	0	0
ore_ont_11426	OK	9	9	0	0	0	0	0	19440	0	0	0	0	0	0	0	0	0
ore_ont_11457	OK	319	319	0	0	0	0	0	62310	59	8	28	0	5	0	10	1	6
ore_ont_11459	OK	0	0	0	0	0	0	0	121710	0	0	0	0	0	0	0	0	0
ore_ont_11460	OK	0	0	0	0	0	0	0	252909	30509	0	30481	0	0	0	3375	59	678
ore_ont_11477	OK	23	20	0	0	0	0	3	491	111	8	0	0	46	0	11	4	31
ore_ont_11484	OK	14	10	0	0	0	0	4	1962	0	0	0	0	0	0	0	0	0
ore_ont_11495	OK	1639	5	0	0	0	0	1634	85047	7682	0	7682	0	0	0	292	52	6102
ore_ont_11497	OK	0	0	0	0	0	0	0	276	0	0	0	0	0	0	0	0	0
ore_ont_11500	OK	0	0	0	0	0	0	0	41202	219	0	219	0	0	0	41	12	30
ore_ont_11502	OK	0	0	0	0	0	0	0	7279	0	0	0	0	0	0	0	0	0
ore_ont_11504	OK	0	0	0	0	0	0	0	401	0	0	0	0	0	0	0	0	0
ore_ont_11464	OK	0	0	0	0	0	0	0	21034	0	0	0	0	0	0	0	0	0
ore_ont_11522	OK	86	78	0	0	0	0	8	156	0	0	0	0	0	0	0	0	0
ore_ont_11523	OK	81	81	0	0	0	0	0	106	0	0	0	0	0	0	0	0	0
ore_ont_11526	OK	136	136	0	0	0	0	0	0	0	0	0	0	0	0	0	0	0
ore_ont_11533	OK	60	59	0	0	0	0	1	263	0	0	0	0	0	0	0	0	0
ore_ont_11536	OK	0	0	0	0	0	0	0	12250	0	0	0	0	0	0	0	0	0
ore_ont_11553	OK	1070	12	0	0	0	497	561	32415	4384	0	4259	12	27	0	610	154	300
ore_ont_11554	OK	187	187	0	0	0	0	0	211	24	5	12	0	1	0	4	0	3
ore_ont_11519	OK	0	0	0	0	0	0	0	126541	0	0	0	0	0	0	0	0	0
ore_ont_11564	OK	73	73	0	0	0	0	0	4044	2	0	0	0	0	0	0	0	1
ore_ont_11572	OK	0	0	0	0	0	0	0	935	0	0	0	0	0	0	0	0	0
ore_ont_11577	OK	0	0	0	0	0	0	0	101	0	0	0	0	0	0	0	0	0
ore_ont_11592	OK	4	2	0	0	0	0	2	159	0	0	0	0	0	0	0	0	0
ore_ont_11559	OK	13	0	0	0	0	0	13	69052	0	0	0	0	0	0	0	0	0
ore_ont_11597	OK	0	0	0	0	0	0	0	9082	0	0	0	0	0	0	0	0	0
ore_ont_11600	OK	0	0	0	0	0	0	0	13643	0	0	0	0	0	0	0	0	0
ore_ont_11619	OK	0	0	0	0	0	0	0	5100	0	0	0	0	0	0	0	0	0
ore_ont_11126	OK	18	16	0	0	0	0	2	6397838	0	0	0	0	0	0	0	0	0
ore_ont_11623	OK	150	150	0	0	0	0	0	4636	1038	0	626	0	412	0	158	48	105
ore_ont_11635	OK	0	0	0	0	0	0	0	2603	196	0	196	0	0	0	39	10	28
ore_ont_11626	OK	0	0	0	0	0	0	0	3698	0	0	0	0	0	0	0	0	0
ore_ont_11639	OK	0	0	0	0	0	0	0	283	0	0	0	0	0	0	0	0	0
ore_ont_11636	OK	61	61	0	0	0	0	0	4589	2	0	0	0	0	0	0	0	1
ore_ont_11629	OK	60	59	0	0	0	1	0	18114	3608	0	3395	0	213	0	396	141	399
ore_ont_11676	OK	79	79	0	0	0	0	0	0	0	0	0	0	0	0	0	0	0
ore_ont_11685	OK	399	393	0	0	0	0	6	989	0	0	0	0	0	0	0	0	0
ore_ont_11647	OK	103	101	0	0	0	0	2	86351	85	5	5	0	58	0	4	3	42
ore_ont_11675	OK	0	0	0	0	0	0	0	10255	0	0	0	0	0	0	0	0	0
ore_ont_11694	OK	12	10	0	0	0	0	2	182	0	0	0	0	0	0	0	0	0
ore_ont_11703	OK	11	11	0	0	0	0	0	2448	0	0	0	0	0	0	0	0	0
ore_ont_11696	OK	63	63	0	0	0	0	0	4589	2	0	0	0	0	0	0	0	1
ore_ont_11719	OK	0	0	0	0	0	0	0	1354	58	0	58	0	0	0	15	1	5
ore_ont_1172	OK	54	54	0	0	0	0	0	118	0	0	0	0	0	0	0	0	0
ore_ont_11695	OK	0	0	0	0	0	0	0	41996	3948	1	3828	13	25	0	606	150	205
ore_ont_11778	OK	153	0	0	0	0	153	0	142822	219	219	0	0	0	0	44	10	30
ore_ont_11792	OK	0	0	0	0	0	0	0	731	0	0	0	0	0	0	0	0	0
ore_ont_11745	OK	36	35	0	0	0	1	0	99168	14846	4	14846	0	0	0	548	153	4619
ore_ont_11817	OK	0	0	0	0	0	0	0	98785	9131	3	9130	0	0	0	323	59	7317
ore_ont_11827	OK	0	0	0	0	0	0	0	50900	0	0	0	0	0	0	0	0	0
ore_ont_1182	OK	1751	5	0	0	0	833	913	1554	0	0	0	0	0	0	0	0	0
ore_ont_11834	OK	27	27	0	0	0	0	0	158	12	0	0	0	0	0	0	0	1
ore_ont_11866	OK	68	68	0	0	0	0	0	0	0	0	0	0	0	0	0	0	0
ore_ont_11889	OK	11	10	0	0	0	0	1	578	0	0	0	0	0	0	0	0	0
ore_ont_11895	OK	6	6	0	0	0	0	0	233	0	0	0	0	0	0	0	0	0
ore_ont_11878	OK	0	0	0	0	0	0	0	6648	0	0	0	0	0	0	0	0	0
ore_ont_11896	OK	0	0	0	0	0	0	0	10355	0	0	0	0	0	0	0	0	0
ore_ont_11901	OK	81	81	0	0	0	0	0	106	0	0	0	0	0	0	0	0	0
ore_ont_11906	OK	0	0	0	0	0	0	0	19888	0	0	0	0	0	0	0	0	0
ore_ont_11910	OK	0	0	0	0	0	0	0	2803	0	0	0	0	0	0	0	0	0
ore_ont_11929	OK	81	81	0	0	0	0	0	106	0	0	0	0	0	0	0	0	0
ore_ont_11948	OK	68	68	0	0	0	0	0	4591	2	0	0	0	0	0	0	0	1
ore_ont_11949	OK	0	0	0	0	0	0	0	57	0	0	0	0	0	0	0	0	0
ore_ont_11739	OK	0	0	0	0	0	0	0	952087	0	0	0	0	0	0	0	0	0
ore_ont_11972	OK	81	81	0	0	0	0	0	106	0	0	0	0	0	0	0	0	0
ore_ont_11978	OK	54	54	0	0	0	0	0	118	0	0	0	0	0	0	0	0	0
ore_ont_11989	OK	73	73	0	0	0	0	0	4001	2	0	0	0	0	0	0	0	1
ore_ont_11899	OK	0	0	0	0	0	0	0	79110	4431	0	4431	0	0	0	17	13	4259
ore_ont_11395	OK	0	0	0	0	0	0	0	652355	0	0	0	0	0	0	0	0	0
ore_ont_12007	OK	0	0	0	0	0	0	0	326	0	0	0	0	0	0	0	0	0
ore_ont_12009	OK	0	0	0	0	0	0	0	1153	0	0	0	0	0	0	0	0	0
ore_ont_12000	OK	0	0	0	0	0	0	0	5423	0	0	0	0	0	0	0	0	0
ore_ont_12039	OK	78	78	0	0	0	0	0	4216	2	0	0	0	0	0	0	0	1
ore_ont_12043	OK	324	77	0	0	0	247	0	4455	2	2	0	0	0	0	0	0	1
ore_ont_12061	OK	0	0	0	0	0	0	0	232	0	0	0	0	0	0	0	0	0
ore_ont_12084	OK	27	27	0	0	0	0	0	807	1	0	0	0	0	0	0	0	1
ore_ont_12012	OK	103	103	0	0	0	0	0	91980	0	0	0	0	0	0	0	0	0
ore_ont_12097	OK	0	0	0	0	0	0	0	1688	0	0	0	0	0	0	0	0	0
ore_ont_12101	OK	41	41	0	0	0	0	0	68	0	0	0	0	0	0	0	0	0
ore_ont_12107	OK	83	62	0	0	0	21	0	83	5	0	4	1	0	0	1	0	2
ore_ont_12112	OK	59	58	0	0	0	0	1	110	0	0	0	0	0	0	0	0	0
ore_ont_12118	OK	90	90	0	0	0	0	0	4	0	0	0	0	0	0	0	0	0
ore_ont_1211	OK	0	0	0	0	0	0	0	1684	0	0	0	0	0	0	0	0	0
ore_ont_1194	OK	28677	32	0	0	0	28642	3	211734	24251	12881	11125	6	115	0	972	447	1528
ore_ont_1199	OK	36	36	0	0	0	0	0	33111	496	0	493	0	0	0	41	12	30
ore_ont_12141	OK	29	10	0	0	0	11	8	790	63	0	44	0	4	0	14	0	4
ore_ont_1212	OK	12	12	0	0	0	0	0	111	0	0	0	0	0	0	0	0	0
ore_ont_12150	OK	21	21	0	0	0	0	0	119	0	0	0	0	0	0	0	0	0
ore_ont_12152	OK	322	76	0	0	0	246	0	4432	2	2	0	0	0	0	0	0	1
ore_ont_12161	OK	0	0	0	0	0	0	0	11877	0	0	0	0	0	0	0	0	0
ore_ont_12149	OK	0	0	0	0	0	0	0	38589	0	0	0	0	0	0	0	0	0
ore_ont_12087	OK	0	0	0	0	0	0	0	254610	494	0	494	0	0	0	41	12	30
ore_ont_12191	OK	633	625	0	0	0	0	8	10475	25	10	1	0	4	0	3	0	4
ore_ont_12182	OK	0	0	0	0	0	0	0	5497	0	0	0	0	0	0	0	0	0
ore_ont_12194	OK	0	0	0	0	0	0	0	19382	0	0	0	0	0	0	0	0	0
ore_ont_12174	OK	25	13	0	0	0	0	12	541765	0	0	0	0	0	0	0	0	0
ore_ont_12219	OK	323	77	0	0	0	246	0	4451	2	2	0	0	0	0	0	0	1
ore_ont_12221	OK	0	0	0	0	0	0	0	21723	0	0	0	0	0	0	0	0	0
ore_ont_1222	OK	87	49	0	0	0	0	38	119	4	0	0	0	0	0	0	0	1
ore_ont_12253	OK	91	76	0	0	0	1	14	149	0	0	0	0	0	0	0	0	0
ore_ont_12269	OK	0	0	0	0	0	0	0	13730	0	0	0	0	0	0	0	0	0
ore_ont_12270	OK	17	10	0	0	0	0	7	855	0	0	0	0	0	0	0	0	0
ore_ont_12281	OK	0	0	0	0	0	0	0	2875	76	0	76	0	0	0	22	1	12
ore_ont_12284	OK	0	0	0	0	0	0	0	12531	0	0	0	0	0	0	0	0	0
ore_ont_12208	OK	22	14	0	0	0	8	0	137704	0	0	0	0	0	0	0	0	0
ore_ont_12323	OK	65	64	0	0	0	0	1	198	0	0	0	0	0	0	0	0	0
ore_ont_12325	OK	44	44	0	0	0	0	0	3126	5	0	0	0	0	0	0	0	1
ore_ont_12317	OK	0	0	0	0	0	0	0	25369	0	0	0	0	0	0	0	0	0
ore_ont_12342	OK	30	29	0	0	0	1	0	3800	19	0	1	0	2	0	1	0	3
ore_ont_12330	OK	0	0	0	0	0	0	0	30579	4306	0	4306	0	0	0	227	12	663
ore_ont_12360	OK	60	58	0	0	0	0	2	40	0	0	0	0	0	0	0	0	0
ore_ont_12369	OK	64	63	0	0	0	0	1	381	0	0	0	0	0	0	0	0	0
ore_ont_12372	OK	0	0	0	0	0	0	0	1058	0	0	0	0	0	0	0	0	0
ore_ont_12379	OK	0	0	0	0	0	0	0	548	0	0	0	0	0	0	0	0	0
ore_ont_12382	OK	0	0	0	0	0	0	0	792	1	0	1	0	0	0	0	0	1
ore_ont_12203	OK	1398	5	0	0	0	640	753	980	0	0	0	0	0	0	0	0	0
ore_ont_12397	OK	0	0	0	0	0	0	0	2675	0	0	0	0	0	0	0	0	0
ore_ont_12405	OK	0	0	0	0	0	0	0	6092	3046	0	3046	0	0	0	59	17	850
ore_ont_12410	OK	0	0	0	0	0	0	0	10404	0	0	0	0	0	0	0	0	0
ore_ont_12414	OK	0	0	0	0	0	0	0	47691	173	0	173	0	0	0	4	1	160
ore_ont_12415	OK	176	176	0	0	0	0	0	4	0	0	0	0	0	0	0	0	0
ore_ont_12418	OK	77	77	0	0	0	0	0	3975	2	0	0	0	0	0	0	0	1
ore_ont_12432	OK	151	151	0	0	0	0	0	4878	1044	0	632	0	412	0	160	48	105
ore_ont_12433	OK	13	2	0	0	0	11	0	810	63	0	46	0	4	0	14	0	4
ore_ont_12128	OK	367	27	0	0	0	0	340	439006	190	0	186	0	0	0	89	0	2
ore_ont_12451	OK	138	110	0	0	0	27	1	7543	102	1	73	1	21	0	16	5	27
ore_ont_10926	OK	36	36	0	0	0	0	0	3182288	294	0	291	0	0	0	41	12	30
ore_ont_12468	OK	74	74	0	0	0	0	0	3997	2	0	0	0	0	0	0	0	1
ore_ont_12387	OK	1	0	0	0	0	1	0	296201	275	275	0	0	0	0	1	0	2
ore_ont_12474	OK	77	77	0	0	0	0	0	3991	2	0	0	0	0	0	0	0	1
ore_ont_12452	OK	0	0	0	0	0	0	0	11179	0	0	0	0	0	0	0	0	0
ore_ont_12448	OK	0	0	0	0	0	0	0	41178	0	0	0	0	0	0	0	0	0
ore_ont_12486	OK	0	0	0	0	0	0	0	29701	0	0	0	0	0	0	0	0	0
ore_ont_12566	OK	107	106	0	0	0	0	1	235	5	0	0	0	0	0	0	0	1
ore_ont_12536	OK	11	7	0	0	1	2	1	13776	17	5	9	0	0	0	3	1	5
ore_ont_12584	OK	75	75	0	0	0	0	0	0	0	0	0	0	0	0	0	0	0
ore_ont_12635	OK	0	0	0	0	0	0	0	5155	0	0	0	0	0	0	0	0	0
ore_ont_12522	OK	947	4	0	0	0	942	1	2060	354	354	0	0	0	0	85	18	17
ore_ont_12653	OK	60	50	0	0	3	5	2	66	5	0	0	0	0	0	0	0	1
ore_ont_12665	OK	0	0	0	0	0	0	0	4453	0	0	0	0	0	0	0	0	0
ore_ont_12676	OK	73	0	0	0	0	73	0	20767	2587	3	2587	0	0	0	73	30	781
ore_ont_12698	OK	145	13	0	0	0	132	0	25140	113	0	58	0	21	0	7	4	26
ore_ont_1270	OK	12705	12702	0	0	0	0	3	6564	0	0	0	0	0	0	0	0	0
ore_ont_12721	OK	61	61	0	0	0	0	0	60	0	0	0	0	0	0	0	0	0
ore_ont_12723	OK	44	41	0	0	0	2	1	2068	46	0	18	0	0	0	5	1	5
ore_ont_12651	OK	0	0	0	0	0	0	0	121708	0	0	0	0	0	0	0	0	0
ore_ont_1272	OK	0	0	0	0	0	0	0	80337	219	0	219	0	0	0	41	12	30
ore_ont_12764	OK	0	0	0	0	0	0	0	1274	0	0	0	0	0	0	0	0	0
ore_ont_12776	OK	0	0	0	0	0	0	0	7047	0	0	0	0	0	0	0	0	0
ore_ont_12792	OK	11	11	0	0	0	0	0	18254	246	0	246	0	0	0	100	3	16
ore_ont_12801	OK	8	8	0	0	0	0	0	2474	198	0	198	0	0	0	40	10	28
ore_ont_12351	OK	78	11	0	0	0	67	0	143444	285	285	0	0	0	0	51	6	56
ore_ont_12824	OK	162	147	0	0	0	0	15	153	0	0	0	0	0	0	0	0	0
ore_ont_12831	OK	47	0	0	0	0	0	47	980	0	0	0	0	0	0	0	0	0
ore_ont_12836	OK	206	206	0	0	0	0	0	5115	0	0	0	0	0	0	0	0	0
ore_ont_12802	OK	0	0	0	0	0	0	0	14547	0	0	0	0	0	0	0	0	0
ore_ont_12884	OK	74	74	0	0	0	0	0	3980	2	0	0	0	0	0	0	0	1
ore_ont_12892	OK	0	0	0	0	0	0	0	951	0	0	0	0	0	0	0	0	0
ore_ont_12839	OK	0	0	0	0	0	0	0	42318	0	0	0	0	0	0	0	0	0
ore_ont_12528	OK	0	0	0	0	0	0	0	69312	0	0	0	0	0	0	0	0	0
ore_ont_12906	OK	0	0	0	0	0	0	0	88	0	0	0	0	0	0	0	0	0
ore_ont_12914	OK	60	0	0	0	0	60	0	3380	972	2	972	0	0	0	42	26	374
ore_ont_12916	OK	45	45	0	0	0	0	0	3558	5	0	0	0	0	0	0	0	1
ore_ont_12925	OK	27	27	0	0	0	0	0	1116	1	0	0	0	0	0	0	0	1
ore_ont_12931	OK	0	0	0	0	0	0	0	1985	0	0	0	0	0	0	0	0	0
ore_ont_12932	OK	0	0	0	0	0	0	0	251	0	0	0	0	0	0	0	0	0
ore_ont_12901	OK	440	5	0	0	0	191	244	299	0	0	0	0	0	0	0	0	0
ore_ont_12743	OK	36	36	0	0	0	0	0	248386	222	0	219	0	0	0	41	12	30
ore_ont_12948	OK	68	68	0	0	0	0	0	308	0	0	0	0	0	0	0	0	0
ore_ont_12957	OK	3	3	0	0	0	0	0	89	0	0	0	0	0	0	0	0	0
ore_ont_12955	OK	101	81	0	0	0	3	17	113	0	0	0	0	0	0	0	0	0
ore_ont_12936	OK	0	0	0	0	0	0	0	17529	0	0	0	0	0	0	0	0	0
ore_ont_12965	OK	0	0	0	0	0	0	0	1333	0	0	0	0	0	0	0	0	0
ore_ont_12987	OK	0	0	0	0	0	0	0	1246	0	0	0	0	0	0	0	0	0
ore_ont_12992	OK	53	11	0	0	0	42	0	18376	246	246	0	0	0	0	50	5	56
ore_ont_13000	OK	0	0	0	0	0	0	0	12365	0	0	0	0	0	0	0	0	0
ore_ont_13018	OK	0	0	0	0	0	0	0	175	0	0	0	0	0	0	0	0	0
ore_ont_13035	OK	81	46	0	0	0	28	7	216	0	0	0	0	0	0	0	0	0
ore_ont_12985	OK	0	0	0	0	0	0	0	144854	219	0	219	0	0	0	41	12	30
ore_ont_13053	OK	0	0	0	0	0	0	0	399	0	0	0	0	0	0	0	0	0
ore_ont_13064	OK	78	77	0	0	0	0	1	190	1	0	0	0	0	0	0	0	1
ore_ont_13066	OK	115	115	0	0	0	0	0	0	0	0	0	0	0	0	0	0	0
ore_ont_12993	OK	136	128	0	0	0	8	0	139301	11838	4951	9521	0	0	0	1615	583	200
ore_ont_13071	OK	0	0	0	0	0	0	0	30834	4381	0	4380	0	0	0	246	12	663
ore_ont_13077	OK	35	26	0	0	0	9	0	157	4	0	1	0	2	1	1	0	3
ore_ont_13078	OK	0	0	0	0	0	0	0	3801	1	1	1	0	0	0	0	0	1
ore_ont_13082	OK	7	6	0	0	0	0	1	743837	0	0	0	0	0	0	0	0	0
ore_ont_13097	OK	158	158	0	0	0	0	0	0	0	0	0	0	0	0	0	0	0
ore_ont_13100	OK	0	0	0	0	0	0	0	641	0	0	0	0	0	0	0	0	0
ore_ont_12567	OK	11316	26	0	0	0	11289	1	462041	190	190	0	0	0	0	40	2	55
ore_ont_13103	OK	0	0	0	0	0	0	0	50968	4397	1	4311	0	0	0	622	158	300
ore_ont_1310	OK	0	0	0	0	0	0	0	38852	71	0	71	0	0	0	0	0	1
ore_ont_13112	OK	0	0	0	0	0	0	0	819	0	0	0	0	0	0	0	0	0
ore_ont_13113	OK	120	34	0	0	0	86	0	1706	3	3	0	0	0	0	0	0	1
ore_ont_13122	OK	0	0	0	0	0	0	0	17283	0	0	0	0	0	0	0	0	0
ore_ont_13124	OK	0	0	0	0	0	0	0	7165	0	0	0	0	0	0	0	0	0
ore_ont_13129	OK	64	64	0	0	0	0	0	1408	0	0	0	0	0	0	0	0	0
ore_ont_13132	OK	31	23	0	0	0	8	0	115	0	0	0	0	0	0	0	0	0
ore_ont_13136	OK	0	0	0	0	0	0	0	22042	2282	0	2269	0	0	0	320	97	163
ore_ont_13139	OK	0	0	0	0	0	0	0	2785	0	0	0	0	0	0	0	0	0
ore_ont_13141	OK	0	0	0	0	0	0	0	6429	0	0	0	0	0	0	0	0	0
ore_ont_13106	OK	2062	4	0	0	0	2057	1	4392	681	681	0	0	0	0	145	33	22
ore_ont_13150	OK	74	74	0	0	0	0	0	3980	2	0	0	0	0	0	0	0	1
ore_ont_13153	OK	43	43	0	0	0	0	0	2815	5	0	0	0	0	0	0	0	1
ore_ont_13204	OK	0	0	0	0	0	0	0	180	0	0	0	0	0	0	0	0	0
ore_ont_13178	OK	326	77	0	0	0	249	0	4495	2	2	0	0	0	0	0	0	1
ore_ont_13219	OK	230	228	0	0	0	0	2	4853	1	0	0	0	0	0	0	0	1
ore_ont_13220	OK	0	0	0	0	0	0	0	50453	275	0	275	0	0	0	0	0	1
ore_ont_1306	OK	0	0	0	0	0	0	0	182784	0	0	0	0	0	0	0	0	0
ore_ont_13230	OK	40	32	0	0	0	1	7	2175	35	0	4	0	0	0	1	0	4
ore_ont_13233	OK	193	33	0	0	0	158	2	2790	224	224	0	0	0	0	44	10	30
ore_ont_13224	OK	66935	0	0	0	0	66935	0	115161	74	0	74	0	0	0	1	1	74
ore_ont_13234	OK	0	0	0	0	0	0	0	555	0	0	0	0	0	0	0	0	0
ore_ont_13229	OK	105	11	0	0	0	94	0	160256	4201	1	4079	13	26	0	716	151	205
ore_ont_1325	OK	0	0	0	0	0	0	0	376	0	0	0	0	0	0	0	0	0
ore_ont_10689	OK	0	0	0	0	0	0	0	981144	0	0	0	0	0	0	0	0	0
ore_ont_13277	OK	25	23	0	0	0	0	2	61	0	0	0	0	0	0	0	0	0
ore_ont_13243	OK	0	0	0	0	0	0	0	80523	0	0	0	0	0	0	0	0	0
ore_ont_13298	OK	0	0	0	0	0	0	0	1557	0	0	0	0	0	0	0	0	0
ore_ont_13301	OK	0	0	0	0	0	0	0	436	0	0	0	0	0	0	0	0	0
ore_ont_13306	OK	9	9	0	0	0	0	0	56	3	0	0	0	0	0	0	0	1
ore_ont_13299	OK	196	192	0	0	0	4	0	4542	55	0	37	0	2	0	6	2	8
ore_ont_13336	OK	78	78	0	0	0	0	0	4260	0	0	0	0	0	0	0	0	0
ore_ont_13337	OK	77	77	0	0	0	0	0	3975	2	0	0	0	0	0	0	0	1
ore_ont_1330	OK	636	9	0	0	0	627	0	19959	1877	1877	0	0	0	0	160	72	143
ore_ont_13242	OK	1664	30	0	0	0	0	1634	138165	13223	0	13205	0	0	0	832	205	6102
ore_ont_13383	OK	24	24	0	0	0	0	0	491	1	0	0	0	0	0	0	0	1
ore_ont_13392	OK	5	5	0	0	0	0	0	122	0	0	0	0	0	0	0	0	0
ore_ont_13398	OK	0	0	0	0	0	0	0	413	0	0	0	0	0	0	0	0	0
ore_ont_13404	OK	264	264	0	0	0	0	0	303	0	0	0	0	0	0	0	0	0
ore_ont_13405	OK	108	106	0	0	0	0	2	4075	3	0	0	0	0	0	0	0	1
ore_ont_1340	OK	77	77	0	0	0	0	0	4246	0	0	0	0	0	0	0	0	0
ore_ont_13413	OK	0	0	0	0	0	0	0	1505	0	0	0	0	0	0	0	0	0
ore_ont_13276	OK	0	0	0	0	0	0	0	116089	4399	1	4313	0	0	0	622	158	300
ore_ont_13429	OK	0	0	0	0	0	0	0	98	0	0	0	0	0	0	0	0	0
ore_ont_1342	OK	72	72	0	0	0	0	0	112	4	0	0	0	0	0	2	0	2
ore_ont_13359	OK	0	0	0	0	0	0	0	9433	0	0	0	0	0	0	0	0	0
ore_ont_13430	OK	0	0	0	0	0	0	0	2598	0	0	0	0	0	0	0	0	0
ore_ont_13444	OK	0	0	0	0	0	0	0	3319	0	0	0	0	0	0	0	0	0
ore_ont_13052	OK	458	50	0	0	0	0	408	4024211	0	0	0	0	0	0	0	0	0
ore_ont_13460	OK	0	0	0	0	0	0	0	4449	0	0	0	0	0	0	0	0	0
ore_ont_13451	OK	0	0	0	0	0	0	0	13630	0	0	0	0	0	0	0	0	0
ore_ont_1346	OK	0	0	0	0	0	0	0	1058	0	0	0	0	0	0	0	0	0
ore_ont_13474	OK	32	0	0	0	0	0	32	1279	0	0	0	0	0	0	0	0	0
ore_ont_13483	OK	38	36	0	0	0	0	2	68	1	0	0	0	0	0	0	0	1
ore_ont_13503	OK	6	3	0	0	0	0	3	29	0	0	0	0	0	0	0	0	0
ore_ont_13524	OK	76	76	0	0	0	0	0	0	0	0	0	0	0	0	0	0	0
ore_ont_13530	OK	0	0	0	0	0	0	0	235	0	0	0	0	0	0	0	0	0
ore_ont_13545	OK	13	13	0	0	0	0	0	2717	80	9	2	0	46	0	10	2	31
ore_ont_13578	OK	0	0	0	0	0	0	0	1691	0	0	0	0	0	0	0	0	0
ore_ont_13526	OK	37	37	0	0	0	0	0	82	3	0	2	0	1	0	1	0	2
ore_ont_13581	OK	255	253	0	0	0	0	2	188	0	0	0	0	0	0	0	0	0
ore_ont_13584	OK	62	54	0	0	0	8	0	191	0	0	0	0	0	0	0	0	0
ore_ont_11287	OK	73	72	0	0	0	0	1	199841	0	0	0	0	0	0	0	0	0
ore_ont_13621	OK	324	78	0	0	0	246	0	4432	2	2	0	0	0	0	0	0	1
ore_ont_13643	OK	0	0	0	0	0	0	0	181	0	0	0	0	0	0	0	0	0
ore_ont_13646	OK	65	31	0	0	0	34	0	871	1	1	0	0	0	0	0	0	1
ore_ont_1357	OK	0	0	0	0	0	0	0	134246	0	0	0	0	0	0	0	0	0
ore_ont_13657	OK	0	0	0	0	0	0	0	883	0	0	0	0	0	0	0	0	0
ore_ont_13423	OK	0	0	0	0	0	0	0	121710	0	0	0	0	0	0	0	0	0
ore_ont_13591	OK	34	33	0	0	0	0	1	199	0	0	0	0	0	0	0	0	0
ore_ont_13665	OK	5	0	0	0	0	0	5	32869	0	0	0	0	0	0	0	0	0
ore_ont_13664	OK	0	0	0	0	0	0	0	37683	0	0	0	0	0	0	0	0	0
ore_ont_13680	OK	81	81	0	0	0	0	0	106	0	0	0	0	0	0	0	0	0
ore_ont_13674	OK	77	77	0	0	0	0	0	3996	2	0	0	0	0	0	0	0	1
ore_ont_13679	OK	76	76	0	0	0	0	0	4033	2	0	0	0	0	0	0	0	1
ore_ont_13690	OK	7	7	0	0	0	0	0	14332	0	0	0	0	0	0	0	0	0
ore_ont_13704	OK	72	70	0	0	0	0	2	95	0	0	0	0	0	0	0	0	0
ore_ont_13700	OK	17	17	0	0	0	0	0	2783	18	0	7	0	0	0	2	0	2
ore_ont_13684	OK	964	20	0	0	0	942	2	38694	563	563	0	0	0	0	76	17	61
ore_ont_13723	OK	0	0	0	0	0	0	0	13678	1	0	0	0	0	0	0	0	1
ore_ont_13737	OK	37	35	0	0	1	1	0	90	23	0	8	0	7	0	2	1	16
ore_ont_13740	OK	8	8	0	0	0	0	0	311	0	0	0	0	0	0	0	0	0
ore_ont_13752	OK	0	0	0	0	0	0	0	17285	0	0	0	0	0	0	0	0	0
ore_ont_13755	OK	0	0	0	0	0	0	0	4402	0	0	0	0	0	0	0	0	0
ore_ont_13759	OK	4	4	0	0	0	0	0	133	0	0	0	0	0	0	0	0	0
ore_ont_13762	OK	60	60	0	0	0	0	0	5	0	0	0	0	0	0	0	0	0
ore_ont_13772	OK	158	158	0	0	0	0	0	0	0	0	0	0	0	0	0	0	0
ore_ont_13776	OK	77	77	0	0	0	0	0	3975	2	0	0	0	0	0	0	0	1
ore_ont_13799	OK	20	13	0	0	0	4	3	242	0	0	0	0	0	0	0	0	0
ore_ont_13805	OK	13	12	0	0	0	0	1	197	54	8	0	0	46	0	9	1	29
ore_ont_13708	OK	319	319	0	0	0	0	0	62310	59	8	28	0	5	0	10	1	6
ore_ont_13833	OK	0	0	0	0	0	0	0	347	0	0	0	0	0	0	0	0	0
ore_ont_13837	OK	94	65	0	0	0	29	0	342	17	17	0	0	0	0	2	0	4
ore_ont_13840	OK	0	0	0	0	0	0	0	4832	0	0	0	0	0	0	0	0	0
ore_ont_13811	OK	0	0	0	0	0	0	0	13730	0	0	0	0	0	0	0	0	0
ore_ont_13851	OK	62	62	0	0	0	0	0	4589	2	0	0	0	0	0	0	0	1
ore_ont_13852	OK	0	0	0	0	0	0	0	12342	0	0	0	0	0	0	0	0	0
ore_ont_13857	OK	73	73	0	0	0	0	0	3982	2	0	0	0	0	0	0	0	1
ore_ont_13859	OK	143	143	0	0	0	0	0	3119	97	9	7	0	47	0	12	2	31
ore_ont_13872	OK	25	3	0	0	0	22	0	182	24	24	0	0	0	0	7	0	4
ore_ont_13880	OK	6	2	0	0	0	0	4	167	40	3	12	0	14	0	9	3	10
ore_ont_13885	OK	62	62	0	0	0	0	0	74	4	0	0	0	0	0	0	0	1
ore_ont_13887	OK	11	10	0	0	0	0	1	596	0	0	0	0	0	0	0	0	0
ore_ont_13897	OK	0	0	0	0	0	0	0	723	360	0	360	0	0	0	32	12	88
ore_ont_13898	OK	24	24	0	0	0	0	0	605	1	0	0	0	0	0	0	0	1
ore_ont_13902	OK	0	0	0	0	0	0	0	78784	0	0	0	0	0	0	0	0	0
ore_ont_13912	OK	62	56	0	0	0	0	6	16817	0	0	0	0	0	0	0	0	0
ore_ont_1370	OK	0	0	0	0	0	0	0	38375	0	0	0	0	0	0	0	0	0
ore_ont_13919	OK	0	0	0	0	0	0	0	2725	0	0	0	0	0	0	0	0	0
ore_ont_13928	OK	36	36	0	0	0	0	0	115865	222	0	219	0	0	0	41	12	30
ore_ont_13941	OK	74	74	0	0	0	0	0	3982	2	0	0	0	0	0	0	0	1
ore_ont_13949	OK	0	0	0	0	0	0	0	5421	0	0	0	0	0	0	0	0	0
ore_ont_13937	OK	193	33	0	0	0	158	2	115961	224	224	0	0	0	0	44	10	30
ore_ont_13954	OK	17	16	0	0	0	0	1	357	86	8	0	0	46	0	10	3	31
ore_ont_13964	OK	0	0	0	0	0	0	0	26527	0	0	0	0	0	0	0	0	0
ore_ont_1397	OK	17	15	0	0	0	0	2	355	86	8	0	0	46	0	10	3	31
ore_ont_13991	OK	528	528	0	0	0	0	0	2839	268	0	0	0	0	0	0	0	1
ore_ont_13355	OK	0	0	0	0	0	0	0	396047	0	0	0	0	0	0	0	0	0
ore_ont_14012	OK	0	0	0	0	0	0	0	22042	2282	0	2269	0	0	0	320	97	163
ore_ont_14027	OK	0	0	0	0	0	0	0	12591	0	0	0	0	0	0	0	0	0
ore_ont_14031	OK	0	0	0	0	0	0	0	2967	0	0	0	0	0	0	0	0	0
ore_ont_14040	OK	1	0	0	0	0	1	0	2794	0	0	0	0	0	0	0	0	0
ore_ont_14025	OK	0	0	0	0	0	0	0	72834	219	0	219	0	0	0	41	12	30
ore_ont_14066	OK	0	0	0	0	0	0	0	12417	11	0	0	0	0	0	0	0	1
ore_ont_1406	OK	0	0	0	0	0	0	0	1339	0	0	0	0	0	0	0	0	0
ore_ont_14101	OK	1703	0	0	0	0	1703	0	36841	3398	3398	0	0	0	0	445	143	181
ore_ont_14123	OK	176	0	0	0	0	176	0	1670	147	147	0	0	0	0	34	2	9
ore_ont_14128	OK	25	23	0	0	0	0	2	63	2	2	0	0	0	0	0	0	1
ore_ont_13846	OK	12	12	0	0	0	0	0	74244	281	0	281	0	0	0	112	3	16
ore_ont_13969	OK	0	0	0	0	0	0	0	121708	0	0	0	0	0	0	0	0	0
ore_ont_14153	OK	11	11	0	0	0	0	0	2449	199	0	199	0	0	0	97	0	2
ore_ont_14134	OK	77	77	0	0	0	0	0	3971	2	0	0	0	0	0	0	0	1
ore_ont_14175	OK	94	92	0	0	0	0	2	117	3	3	0	0	0	0	0	0	1
ore_ont_14185	OK	0	0	0	0	0	0	0	330	0	0	0	0	0	0	0	0	0
ore_ont_14183	OK	68	68	0	0	0	0	0	4589	2	0	0	0	0	0	0	0	1
ore_ont_14191	OK	357	59	0	0	0	298	0	5253	2	2	0	0	0	0	0	0	1
ore_ont_1420	OK	34	32	0	0	0	0	2	43	0	0	0	0	0	0	0	0	0
ore_ont_14194	OK	324	78	0	0	0	246	0	4432	2	2	0	0	0	0	0	0	1
ore_ont_13647	OK	1844	36	0	0	0	861	947	1427	3	0	0	0	0	0	0	0	1
ore_ont_14154	OK	1260	5	0	0	0	578	677	937	0	0	0	0	0	0	0	0	0
ore_ont_14221	OK	779	5	0	0	0	355	419	603	0	0	0	0	0	0	0	0	0
ore_ont_14223	OK	9	9	0	0	0	0	0	18149	0	0	0	0	0	0	0	0	0
ore_ont_14237	OK	67	67	0	0	0	0	0	4589	2	0	0	0	0	0	0	0	1
ore_ont_14255	OK	73	73	0	0	0	0	0	3976	2	0	0	0	0	0	0	0	1
ore_ont_14272	OK	36	36	0	0	0	0	0	854	23	5	13	0	0	0	5	0	4
ore_ont_14273	OK	71	71	0	0	0	0	0	0	0	0	0	0	0	0	0	0	0
ore_ont_14258	OK	0	0	0	0	0	0	0	2598	0	0	0	0	0	0	0	0	0
ore_ont_14285	OK	32	28	0	0	0	4	0	200	9	0	2	0	2	0	2	0	3
ore_ont_1422	OK	96	93	0	0	0	0	3	26341	0	0	0	0	0	0	0	0	0
ore_ont_14286	OK	0	0	0	0	0	0	0	4430	0	0	0	0	0	0	0	0	0
ore_ont_14280	OK	1	0	0	0	0	1	0	13281	968	0	968	0	0	0	135	109	42
ore_ont_1430	OK	2	2	0	0	0	0	0	275	0	0	0	0	0	0	0	0	0
ore_ont_14294	OK	77	77	0	0	0	0	0	4243	2	0	0	0	0	0	0	0	1
ore_ont_14321	OK	293	289	0	0	0	3	1	195	0	0	0	0	0	0	0	0	0
ore_ont_14325	OK	0	0	0	0	0	0	0	350	0	0	0	0	0	0	0	0	0
ore_ont_14327	OK	0	0	0	0	0	0	0	369	0	0	0	0	0	0	0	0	0
ore_ont_14328	OK	41	27	0	0	0	14	0	72	0	0	0	0	0	0	0	0	0
ore_ont_14331	OK	77	77	0	0	0	0	0	3988	2	0	0	0	0	0	0	0	1
ore_ont_14334	OK	18	16	0	0	0	0	2	357	86	8	0	0	46	0	10	3	31
ore_ont_14341	OK	39	35	0	0	0	0	4	194	0	0	0	0	0	0	0	0	0
ore_ont_14348	OK	8	7	0	0	0	0	1	253	3	0	0	0	0	0	0	0	1
ore_ont_14312	OK	70	70	0	0	0	0	0	46800	0	0	0	0	0	0	0	0	0
ore_ont_14353	OK	122	122	0	0	0	0	0	146	0	0	0	0	0	0	0	0	0
ore_ont_14216	OK	0	0	0	0	0	0	0	79894	0	0	0	0	0	0	0	0	0
ore_ont_13482	OK	0	0	0	0	0	0	0	337936	0	0	0	0	0	0	0	0	0
ore_ont_14367	OK	74	74	0	0	0	0	0	4085	2	0	0	0	0	0	0	0	1
ore_ont_14365	OK	0	0	0	0	0	0	0	37683	0	0	0	0	0	0	0	0	0
ore_ont_14370	OK	116	29	0	0	0	77	10	274	8	8	0	0	0	0	1	0	3
ore_ont_14379	OK	73	69	0	0	0	4	0	595	13	0	6	0	0	6	3	1	5
ore_ont_14375	OK	607	5	0	0	0	283	319	558	0	0	0	0	0	0	0	0	0
ore_ont_14381	OK	0	0	0	0	0	0	0	940	0	0	0	0	0	0	0	0	0
ore_ont_14388	OK	53	46	0	0	0	0	7	203	0	0	0	0	0	0	0	0	0
ore_ont_14396	OK	0	0	0	0	0	0	0	4083	0	0	0	0	0	0	0	0	0
ore_ont_14380	OK	22	22	0	0	0	0	0	18484	196	0	193	0	1	0	95	0	2
ore_ont_14412	OK	53	53	0	0	0	0	0	158	12	0	0	0	0	0	0	0	1
ore_ont_14407	OK	0	0	0	0	0	0	0	19924	0	0	0	0	0	0	0	0	0
ore_ont_14355	OK	0	0	0	0	0	0	0	50905	0	0	0	0	0	0	0	0	0
ore_ont_14450	OK	78	78	0	0	0	0	0	4531	0	0	0	0	0	0	0	0	0
ore_ont_14452	OK	74	74	0	0	0	0	0	3997	2	0	0	0	0	0	0	0	1
ore_ont_1445	OK	260	258	0	0	0	0	2	190	0	0	0	0	0	0	0	0	0
ore_ont_14486	OK	0	0	0	0	0	0	0	128	0	0	0	0	0	0	0	0	0
ore_ont_14499	OK	0	0	0	0	0	0	0	9990	0	0	0	0	0	0	0	0	0
ore_ont_14425	OK	0	0	0	0	0	0	0	45827	0	0	0	0	0	0	0	0	0
ore_ont_14517	OK	106	106	0	0	0	0	0	0	0	0	0	0	0	0	0	0	0
ore_ont_14518	OK	0	0	0	0	0	0	0	346	0	0	0	0	0	0	0	0	0
ore_ont_14508	OK	0	0	0	0	0	0	0	29516	0	0	0	0	0	0	0	0	0
ore_ont_14551	OK	136	51	0	0	0	85	0	10136	153	10	41	0	64	0	18	5	31
ore_ont_14556	OK	499	5	0	0	0	223	271	385	0	0	0	0	0	0	0	0	0
ore_ont_14543	OK	0	0	0	0	0	0	0	40464	0	0	0	0	0	0	0	0	0
ore_ont_14574	OK	0	0	0	0	0	0	0	10506	0	0	0	0	0	0	0	0	0
ore_ont_14587	OK	0	0	0	0	0	0	0	13760	0	0	0	0	0	0	0	0	0
ore_ont_14588	OK	51	51	0	0	0	0	0	78	0	0	0	0	0	0	0	0	0
ore_ont_14593	OK	65	65	0	0	0	0	0	3975	2	0	0	0	0	0	0	0	1
ore_ont_14572	OK	339	337	0	0	0	2	0	45497	9966	0	7656	0	2310	0	1168	351	506
ore_ont_14601	OK	1070	5	0	0	0	490	575	755	0	0	0	0	0	0	0	0	0
ore_ont_1461	OK	263	192	0	0	0	0	71	352	5	0	0	0	0	0	0	0	1
ore_ont_14667	OK	0	0	0	0	0	0	0	2266	0	0	0	0	0	0	0	0	0
ore_ont_14684	OK	260	258	0	0	0	0	2	190	0	0	0	0	0	0	0	0	0
ore_ont_14308	OK	0	0	0	0	0	0	0	69312	0	0	0	0	0	0	0	0	0
ore_ont_1469	OK	323	77	0	0	0	246	0	4431	2	2	0	0	0	0	0	0	1
ore_ont_1473	OK	0	0	0	0	0	0	0	1676	0	0	0	0	0	0	0	0	0
ore_ont_14746	OK	53	44	0	0	0	0	9	16	0	0	0	0	0	0	0	0	0
ore_ont_1475	OK	0	0	0	0	0	0	0	3895	0	0	0	0	0	0	0	0	0
ore_ont_14766	OK	61	61	0	0	0	0	0	4589	2	0	0	0	0	0	0	0	1
ore_ont_14767	OK	66	66	0	0	0	0	0	4616	2	0	0	0	0	0	0	0	1
ore_ont_14776	OK	0	0	0	0	0	0	0	33602	0	0	0	0	0	0	0	0	0
ore_ont_1478	OK	238	238	0	0	0	0	0	256	28	5	14	0	3	0	5	0	3
ore_ont_14800	OK	65	64	0	0	0	0	1	198	0	0	0	0	0	0	0	0	0
ore_ont_14816	OK	110	110	0	0	0	0	0	0	0	0	0	0	0	0	0	0	0
ore_ont_14607	OK	0	0	0	0	0	0	0	257089	0	0	0	0	0	0	0	0	0
ore_ont_14818	OK	45	45	0	0	0	0	0	4326	5	0	0	0	0	0	0	0	1
ore_ont_1481	OK	200	124	0	0	0	41	35	267	1	1	0	0	0	0	0	0	1
ore_ont_14826	OK	77	58	0	0	0	0	19	51	7	7	0	0	0	0	3	0	2
ore_ont_14831	OK	104	104	0	0	0	0	0	4	0	0	0	0	0	0	0	0	0
ore_ont_14840	OK	0	0	0	0	0	0	0	2051	0	0	0	0	0	0	0	0	0
ore_ont_14848	OK	81	81	0	0	0	0	0	106	0	0	0	0	0	0	0	0	0
ore_ont_14742	OK	0	0	0	0	0	0	0	119558	0	0	0	0	0	0	0	0	0
ore_ont_14817	OK	105	11	0	0	0	94	0	160191	4201	1	4079	13	26	0	716	151	205
ore_ont_14863	OK	0	0	0	0	0	0	0	2206	88	0	88	0	0	0	18	3	16
ore_ont_14878	OK	63	63	0	0	0	0	0	4619	2	0	0	0	0	0	0	0	1
ore_ont_14879	OK	0	0	0	0	0	0	0	45461	0	0	0	0	0	0	0	0	0
ore_ont_14861	OK	0	0	0	0	0	0	0	55064	3855	0	3855	0	0	0	18	14	3683
ore_ont_14883	OK	33	33	0	0	0	0	0	331	21	4	9	0	2	0	5	0	3
ore_ont_14881	OK	6	6	0	0	0	0	0	39825	746	0	746	0	0	0	71	22	172
ore_ont_14896	OK	62	62	0	0	0	0	0	4589	2	0	0	0	0	0	0	0	1
ore_ont_148	OK	78	78	0	0	0	0	0	4082	2	0	0	0	0	0	0	0	1
ore_ont_14901	OK	0	0	0	0	0	0	0	940	0	0	0	0	0	0	0	0	0
ore_ont_14906	OK	62	62	0	0	0	0	0	4631	2	0	0	0	0	0	0	0	1
ore_ont_14897	OK	0	0	0	0	0	0	0	12756	1430	0	1426	0	0	0	155	58	106
ore_ont_14912	OK	0	0	0	0	0	0	0	1826	0	0	0	0	0	0	0	0	0
ore_ont_14909	OK	140	139	0	0	0	0	1	233	20	20	0	0	0	0	4	1	5
ore_ont_14919	OK	73	73	0	0	0	0	0	3991	2	0	0	0	0	0	0	0	1
ore_ont_14924	OK	0	0	0	0	0	0	0	501	1	0	0	0	0	0	0	0	1
ore_ont_14926	OK	0	0	0	0	0	0	0	239	0	0	0	0	0	0	0	0	0
ore_ont_14931	OK	14	14	0	0	0	0	0	134	3	0	0	0	0	0	0	0	1
ore_ont_14936	OK	13	2	0	0	0	11	0	803	64	0	46	0	4	0	14	0	4
ore_ont_1493	OK	0	0	0	0	0	0	0	6585	0	0	0	0	0	0	0	0	0
ore_ont_1494	OK	0	0	0	0	0	0	0	658	0	0	0	0	0	0	0	0	0
ore_ont_14981	OK	34	34	0	0	0	0	0	92	0	0	0	0	0	0	0	0	0
ore_ont_14995	OK	0	0	0	0	0	0	0	11132	0	0	0	0	0	0	0	0	0
ore_ont_15010	OK	0	0	0	0	0	0	0	397	44	0	40	0	0	0	13	3	8
ore_ont_15013	OK	0	0	0	0	0	0	0	5442	0	0	0	0	0	0	0	0	0
ore_ont_1501	OK	0	0	0	0	0	0	0	12343	0	0	0	0	0	0	0	0	0
ore_ont_15030	OK	758	538	0	0	0	0	220	316	27	0	0	0	0	0	0	0	1
ore_ont_15058	OK	119	97	0	0	0	0	22	92	9	0	0	0	0	0	0	0	1
ore_ont_14860	OK	103	102	0	0	0	0	1	1747931	8	0	4	0	3	0	1	1	7
ore_ont_14934	OK	153	0	0	0	0	153	0	72827	219	219	0	0	0	0	44	10	30
ore_ont_15066	OK	17	16	0	0	0	1	0	13345	968	0	963	0	5	0	135	109	42
ore_ont_15068	OK	0	0	0	0	0	0	0	211	0	0	0	0	0	0	0	0	0
ore_ont_15063	OK	76	74	0	0	0	0	2	14970	48	0	0	0	0	45	7	3	23
ore_ont_15074	OK	10	10	0	0	0	0	0	17952	0	0	0	0	0	0	0	0	0
ore_ont_15098	OK	5	5	0	0	0	0	0	250	0	0	0	0	0	0	0	0	0
ore_ont_1508	OK	1	0	0	0	0	1	0	23395	6678	0	6674	0	0	0	202	98	1538
ore_ont_1509	OK	319	319	0	0	0	0	0	535	59	8	28	0	5	0	10	1	6
ore_ont_15103	OK	60	59	0	0	0	0	1	354	0	0	0	0	0	0	0	0	0
ore_ont_15108	OK	1	1	0	0	0	0	0	3996	0	0	0	0	0	0	0	0	0
ore_ont_15099	OK	0	0	0	0	0	0	0	33602	0	0	0	0	0	0	0	0	0
ore_ont_12898	OK	194	33	0	0	0	159	2	3182456	296	296	0	0	0	0	44	10	30
ore_ont_15145	OK	0	0	0	0	0	0	0	98	0	0	0	0	0	0	0	0	0
ore_ont_15152	OK	0	0	0	0	0	0	0	5726	2863	0	2863	0	0	0	177	74	444
ore_ont_15160	OK	72	72	0	0	0	0	0	0	0	0	0	0	0	0	0	0	0
ore_ont_15167	OK	37	37	0	0	0	0	0	199	18	0	0	0	0	0	1	0	2
ore_ont_15125	OK	0	0	0	0	0	0	0	167963	0	0	0	0	0	0	0	0	0
ore_ont_15172	OK	0	0	0	0	0	0	0	11848	0	0	0	0	0	0	0	0	0
ore_ont_15178	OK	0	0	0	0	0	0	0	13077	0	0	0	0	0	0	0	0	0
ore_ont_1517	OK	70	70	0	0	0	0	0	4067	2	0	0	0	0	0	0	0	1
ore_ont_15133	OK	0	0	0	0	0	0	0	50900	0	0	0	0	0	0	0	0	0
ore_ont_15210	OK	52	52	0	0	0	0	0	33	0	0	0	0	0	0	0	0	0
ore_ont_15184	OK	73	73	0	0	0	0	0	3980	2	0	0	0	0	0	0	0	1
ore_ont_15217	OK	0	0	0	0	0	0	0	236	0	0	0	0	0	0	0	0	0
ore_ont_15222	OK	0	0	0	0	0	0	0	4409	0	0	0	0	0	0	0	0	0
ore_ont_15224	OK	12	7	0	0	0	5	0	6929	0	0	0	0	0	0	0	0	0
ore_ont_15229	OK	5	5	0	0	0	0	0	235	3	0	3	0	0	0	1	0	3
ore_ont_15231	OK	0	0	0	0	0	0	0	375	0	0	0	0	0	0	0	0	0
ore_ont_15237	OK	456	5	0	0	0	209	242	402	0	0	0	0	0	0	0	0	0
ore_ont_15226	OK	36	36	0	0	0	0	0	115971	222	0	219	0	0	0	41	12	30
ore_ont_1524	OK	7	7	0	0	0	0	0	109	1	0	0	0	0	0	0	0	1
ore_ont_15260	OK	0	0	0	0	0	0	0	18925	0	0	0	0	0	0	0	0	0
ore_ont_15249	OK	0	0	0	0	0	0	0	54304	0	0	0	0	0	0	0	0	0
ore_ont_1526	OK	17	14	0	0	0	0	3	19	0	0	0	0	0	0	0	0	0
ore_ont_15273	OK	127	126	0	0	0	0	1	2710	18	0	4	0	0	0	1	0	4
ore_ont_15288	OK	71	67	0	0	0	0	4	451745	1	0	0	0	0	0	0	0	1
ore_ont_15291	OK	12	8	0	0	0	0	4	319	21	3	17	0	0	0	8	0	4
ore_ont_15292	OK	0	0	0	0	0	0	0	3454	0	0	0	0	0	0	0	0	0
ore_ont_15297	OK	43	43	0	0	0	0	0	2822	5	0	0	0	0	0	0	0	1
ore_ont_15301	OK	11	11	0	0	0	0	0	2875	187	0	187	0	0	0	91	0	2
ore_ont_15318	OK	27	27	0	0	0	0	0	94	0	0	0	0	0	0	0	0	0
ore_ont_15331	OK	53	44	0	0	0	0	9	23	0	0	0	0	0	0	0	0	0
ore_ont_1533	OK	324	78	0	0	0	246	0	4432	2	2	0	0	0	0	0	0	1
ore_ont_15341	OK	0	0	0	0	0	0	0	4832	0	0	0	0	0	0	0	0	0
ore_ont_15344	OK	6417	5	0	0	0	0	6412	7837	0	0	0	0	0	0	0	0	0
ore_ont_15352	OK	77	77	0	0	0	0	0	3975	2	0	0	0	0	0	0	0	1
ore_ont_15355	OK	0	0	0	0	0	0	0	2805	0	0	0	0	0	0	0	0	0
ore_ont_15363	OK	0	0	0	0	0	0	0	7833	0	0	0	0	0	0	0	0	0
ore_ont_14042	OK	0	0	0	0	0	0	0	652355	0	0	0	0	0	0	0	0	0
ore_ont_1537	OK	1	1	0	0	0	0	0	684	0	0	0	0	0	0	0	0	0
ore_ont_15388	OK	0	0	0	0	0	0	0	49392	0	0	0	0	0	0	0	0	0
ore_ont_15397	OK	1	0	0	0	0	1	0	1391	1	1	0	0	0	0	0	0	1
ore_ont_15399	OK	44	44	0	0	0	0	0	53	0	0	0	0	0	0	0	0	0
ore_ont_1539	OK	73	73	0	0	0	0	0	3975	2	0	0	0	0	0	0	0	1
ore_ont_15372	OK	10	10	0	0	0	0	0	193	0	0	0	0	0	0	0	0	0
ore_ont_15407	OK	0	0	0	0	0	0	0	1363	154	0	154	0	0	0	31	3	46
ore_ont_15413	OK	34	34	0	0	0	0	0	604	1	0	0	0	0	0	0	0	1
ore_ont_153	OK	76	76	0	0	0	0	0	3975	2	0	0	0	0	0	0	0	1
ore_ont_15421	OK	0	0	0	0	0	0	0	114	7	0	0	0	0	0	0	0	1
ore_ont_15450	OK	73	73	0	0	0	0	0	3980	2	0	0	0	0	0	0	0	1
ore_ont_15461	OK	59	59	0	0	0	0	0	88	0	0	0	0	0	0	0	0	0
ore_ont_15475	OK	321	73	0	0	0	248	0	4467	2	2	0	0	0	0	0	0	1
ore_ont_15490	OK	0	0	0	0	0	0	0	6373	0	0	0	0	0	0	0	0	0
ore_ont_15491	OK	0	0	0	0	0	0	0	18877	2359	2	2348	0	0	0	438	109	105
ore_ont_15514	OK	14	5	0	0	1	8	0	441	2	0	2	0	0	0	0	0	1
ore_ont_15516	OK	6	2	0	0	0	0	4	141	23	2	12	0	3	0	4	2	7
ore_ont_15526	OK	46	42	0	0	0	3	1	2108	46	0	18	0	0	0	5	1	5
ore_ont_15536	OK	910	5	0	0	0	419	486	673	0	0	0	0	0	0	0	0	0
ore_ont_15544	OK	78	78	0	0	0	0	0	3975	2	0	0	0	0	0	0	0	1
ore_ont_15557	OK	0	0	0	0	0	0	0	38589	0	0	0	0	0	0	0	0	0
ore_ont_1555	OK	7	7	0	0	0	0	0	3560	0	0	0	0	0	0	0	0	0
ore_ont_15575	OK	32	32	0	0	0	0	0	622	1	0	0	0	0	0	0	0	1
ore_ont_15576	OK	0	0	0	0	0	0	0	266	0	0	0	0	0	0	0	0	0
ore_ont_15583	OK	0	0	0	0	0	0	0	2346	1173	0	1173	0	0	0	77	28	234
ore_ont_15596	OK	12	8	0	0	0	0	4	352	21	3	17	0	0	0	8	0	4
ore_ont_15418	OK	0	0	0	0	0	0	0	264357	0	0	0	0	0	0	0	0	0
ore_ont_155	OK	149	100	0	0	0	49	0	420	14	14	0	0	0	0	1	0	3
ore_ont_15612	OK	0	0	0	0	0	0	0	13461	0	0	0	0	0	0	0	0	0
ore_ont_15615	OK	369	67	0	0	0	302	0	5357	2	2	0	0	0	0	0	0	1
ore_ont_15621	OK	1012	5	0	0	0	459	548	743	0	0	0	0	0	0	0	0	0
ore_ont_15623	OK	69	31	0	0	38	0	0	14265	0	0	0	0	0	0	0	0	0
ore_ont_15280	OK	0	0	0	0	0	0	0	289206	0	0	0	0	0	0	0	0	0
ore_ont_15652	OK	84	84	0	0	0	0	0	364	0	0	0	0	0	0	0	0	0
ore_ont_14351	OK	73	72	0	0	0	0	1	497106	0	0	0	0	0	0	0	0	0
ore_ont_15667	OK	59	57	0	0	0	0	2	36	0	0	0	0	0	0	0	0	0
ore_ont_15672	OK	7	6	0	0	0	0	1	208	24	2	12	0	5	0	4	0	3
ore_ont_15680	OK	53	53	0	0	0	0	0	381191	13	0	1	0	0	0	0	0	1
ore_ont_15682	OK	24	23	0	0	0	0	1	1215	50	8	40	0	0	0	7	2	25
ore_ont_15685	OK	11	10	0	0	0	0	1	757	0	0	0	0	0	0	0	0	0
ore_ont_15687	OK	358	358	0	0	0	0	0	61135	197	25	154	0	43	0	40	2	8
ore_ont_15692	OK	60	60	0	0	0	0	0	4624	2	0	0	0	0	0	0	0	1
ore_ont_15655	OK	97	96	0	0	0	0	1	4750277	1	0	0	0	0	0	0	0	1
ore_ont_14459	OK	0	0	0	0	0	0	0	847755	0	0	0	0	0	0	0	0	0
ore_ont_15695	OK	342	12	0	0	0	6	324	117673	21538	183	21412	13	27	0	3773	1639	300
ore_ont_15203	OK	0	0	0	0	0	0	0	2249880	0	0	0	0	0	0	0	0	0
ore_ont_15733	OK	9	9	0	0	0	0	0	19438	0	0	0	0	0	0	0	0	0
ore_ont_15737	OK	110	110	0	0	0	0	0	0	0	0	0	0	0	0	0	0	0
ore_ont_15741	OK	0	0	0	0	0	0	0	1687	0	0	0	0	0	0	0	0	0
ore_ont_15753	OK	108	104	0	0	0	0	4	167	0	0	0	0	0	0	0	0	0
ore_ont_15725	OK	912	5	0	0	0	411	496	738	0	0	0	0	0	0	0	0	0
ore_ont_15791	OK	36	36	0	0	0	0	0	79	0	0	0	0	0	0	0	0	0
ore_ont_15790	OK	0	0	0	0	0	0	0	21307	0	0	0	0	0	0	0	0	0
ore_ont_15796	OK	78	78	0	0	0	0	0	3993	2	0	0	0	0	0	0	0	1
ore_ont_15793	OK	0	0	0	0	0	0	0	7044	0	0	0	0	0	0	0	0	0
ore_ont_15800	OK	0	0	0	0	0	0	0	193	0	0	0	0	0	0	0	0	0
ore_ont_15696	OK	0	0	0	0	0	0	0	106894	0	0	0	0	0	0	0	0	0
ore_ont_1579	OK	193	33	0	0	0	158	2	2790	224	224	0	0	0	0	44	10	30
ore_ont_15860	OK	0	0	0	0	0	0	0	2124	0	0	0	0	0	0	0	0	0
ore_ont_15846	OK	36	36	0	0	0	0	0	2694	222	0	219	0	0	0	41	12	30
ore_ont_15871	OK	20	17	0	0	0	0	3	135	0	0	0	0	0	0	0	0	0
ore_ont_15882	OK	0	0	0	0	0	0	0	333	0	0	0	0	0	0	0	0	0
ore_ont_15878	OK	73	0	0	0	0	73	0	20766	2587	3	2587	0	0	0	73	30	781
ore_ont_15917	OK	0	0	0	0	0	0	0	4863	0	0	0	0	0	0	0	0	0
ore_ont_15921	OK	65	65	0	0	0	0	0	320	0	0	0	0	0	0	0	0	0
ore_ont_15932	OK	0	0	0	0	0	0	0	3634	0	0	0	0	0	0	0	0	0
ore_ont_15933	OK	0	0	0	0	0	0	0	1090	545	0	545	0	0	0	36	22	152
ore_ont_15944	OK	0	0	0	0	0	0	0	7122	0	0	0	0	0	0	0	0	0
ore_ont_15950	OK	0	0	0	0	0	0	0	2110	0	0	0	0	0	0	0	0	0
ore_ont_15968	OK	582	0	0	0	0	582	0	3491	941	941	0	0	0	0	53	22	215
ore_ont_15971	OK	17	17	0	0	0	0	0	11	0	0	0	0	0	0	0	0	0
ore_ont_15929	OK	0	0	0	0	0	0	0	115744	0	0	0	0	0	0	0	0	0
ore_ont_15985	OK	0	0	0	0	0	0	0	1374	0	0	0	0	0	0	0	0	0
ore_ont_15991	OK	521	5	0	0	0	234	282	399	0	0	0	0	0	0	0	0	0
ore_ont_15993	OK	44	42	0	0	0	0	2	66	10	0	5	0	0	0	1	1	9
ore_ont_15059	OK	0	0	0	0	0	0	0	3137899	0	0	0	0	0	0	0	0	0
ore_ont_16010	OK	0	0	0	0	0	0	0	217	0	0	0	0	0	0	0	0	0
ore_ont_16017	OK	63	63	0	0	0	0	0	4591	2	0	0	0	0	0	0	0	1
ore_ont_16033	OK	0	0	0	0	0	0	0	105	0	0	0	0	0	0	0	0	0
ore_ont_16039	OK	0	0	0	0	0	0	0	4351	0	0	0	0	0	0	0	0	0
ore_ont_1603	OK	203	203	0	0	0	0	0	590	0	0	0	0	0	0	0	0	0
ore_ont_16054	OK	0	0	0	0	0	0	0	416	69	0	69	0	0	0	16	0	2
ore_ont_16056	OK	101	4	0	0	0	91	6	1425	0	0	0	0	0	0	0	0	0
ore_ont_16076	OK	0	0	0	0	0	0	0	186	0	0	0	0	0	0	0	0	0
ore_ont_15976	OK	154	0	0	0	0	154	0	248865	493	493	0	0	0	0	45	10	30
ore_ont_16089	OK	0	0	0	0	0	0	0	115746	0	0	0	0	0	0	0	0	0
ore_ont_16105	OK	0	0	0	0	0	0	0	6373	0	0	0	0	0	0	0	0	0
ore_ont_16115	OK	0	0	0	0	0	0	0	673	0	0	0	0	0	0	0	0	0
ore_ont_16114	OK	0	0	0	0	0	0	0	13885	0	0	0	0	0	0	0	0	0
ore_ont_16120	OK	78	78	0	0	0	0	0	3977	2	0	0	0	0	0	0	0	1
ore_ont_16157	OK	0	0	0	0	0	0	0	1310	0	0	0	0	0	0	0	0	0
ore_ont_16166	OK	31	31	0	0	0	0	0	497	0	0	0	0	0	0	0	0	0
ore_ont_16124	OK	319	73	0	0	0	246	0	4435	2	2	0	0	0	0	0	0	1
ore_ont_16167	OK	64	62	0	0	0	0	2	26	0	0	0	0	0	0	0	0	0
ore_ont_16188	OK	165	165	0	0	0	0	0	0	0	0	0	0	0	0	0	0	0
ore_ont_1618	OK	26	25	0	0	0	0	1	93	0	0	0	0	0	0	0	0	0
ore_ont_16191	OK	24	24	0	0	0	0	0	480	1	0	0	0	0	0	0	0	1
ore_ont_16197	OK	30	30	0	0	0	0	0	61	0	0	0	0	0	0	0	0	0
ore_ont_16184	OK	480	322	0	0	0	158	0	62776	98	98	0	0	0	0	14	2	8
ore_ont_16255	OK	62	31	0	0	0	31	0	846	1	1	0	0	0	0	0	0	1
ore_ont_16267	OK	36	36	0	0	0	0	0	122	0	0	0	0	0	0	0	0	0
ore_ont_16268	OK	0	0	0	0	0	0	0	398	199	0	199	0	0	0	6	2	159
ore_ont_16274	OK	16	16	0	0	0	0	0	100	1	0	0	0	0	0	0	0	1
ore_ont_1559	OK	0	0	0	0	0	0	0	2249882	0	0	0	0	0	0	0	0	0
ore_ont_16283	OK	0	0	0	0	0	0	0	41196	219	0	219	0	0	0	41	12	30
ore_ont_16289	OK	81	81	0	0	0	0	0	106	0	0	0	0	0	0	0	0	0
ore_ont_16235	OK	0	0	0	0	0	0	0	54549	3608	0	3608	0	0	0	1	1	3608
ore_ont_16299	OK	0	0	0	0	0	0	0	11937	0	0	0	0	0	0	0	0	0
ore_ont_16312	OK	0	0	0	0	0	0	0	1339	0	0	0	0	0	0	0	0	0
ore_ont_16303	OK	57	51	0	0	0	0	6	8190	0	0	0	0	0	0	0	0	0
ore_ont_16321	OK	78	77	0	0	0	0	1	384	1	0	0	0	0	0	0	0	1
ore_ont_16315	OK	36	36	0	0	0	0	0	2694	222	0	219	0	0	0	41	12	30
ore_ont_16351	OK	27	26	0	0	0	0	1	71	0	0	0	0	0	0	0	0	0
ore_ont_16359	OK	81	81	0	0	0	0	0	106	0	0	0	0	0	0	0	0	0
ore_ont_16286	OK	7003	7003	0	0	0	0	0	91066	0	0	0	0	0	0	0	0	0
ore_ont_16371	OK	64	64	0	0	0	0	0	2372	26	5	13	0	0	0	5	0	4
ore_ont_16372	OK	49	44	0	0	0	3	2	1730	111	1	65	0	24	0	13	4	30
ore_ont_1634	OK	0	0	0	0	0	0	0	22042	2282	0	2269	0	0	0	320	97	163
ore_ont_16425	OK	0	0	0	0	0	0	0	361	0	0	0	0	0	0	0	0	0
ore_ont_16420	OK	891	883	0	0	0	0	8	15132	58	20	2	0	7	0	6	0	3
ore_ont_16444	OK	11	11	0	0	0	0	0	154178	0	0	0	0	0	0	0	0	0
ore_ont_16453	OK	0	0	0	0	0	0	0	2732	0	0	0	0	0	0	0	0	0
ore_ont_16428	OK	829	0	0	0	0	829	0	174227	30409	30409	0	0	0	0	214	59	19161
ore_ont_16461	OK	11	0	0	0	1	10	0	744	0	0	0	0	0	0	0	0	0
ore_ont_16414	OK	1650	5	0	0	0	772	873	1296	0	0	0	0	0	0	0	0	0
ore_ont_1646	OK	235	235	0	0	0	0	0	217	25	5	13	0	1	0	4	0	3
ore_ont_16481	OK	13	12	0	0	0	0	1	223	61	8	0	0	46	0	9	2	31
ore_ont_16501	OK	0	0	0	0	0	0	0	548	0	0	0	0	0	0	0	0	0
ore_ont_16509	OK	0	0	0	0	0	0	0	3169	0	0	0	0	0	0	0	0	0
ore_ont_16511	OK	60	60	0	0	0	0	0	14	0	0	0	0	0	0	0	0	0
ore_ont_16519	OK	0	0	0	0	0	0	0	146453	219	0	219	0	0	0	41	12	30
ore_ont_16535	OK	22	20	0	0	0	0	2	237	28	1	14	0	5	0	4	1	5
ore_ont_15803	OK	0	0	0	0	0	0	0	747779	25	0	9	0	0	0	1	0	2
ore_ont_16462	OK	36	36	0	0	0	0	0	310851	294	0	291	0	0	0	41	12	30
ore_ont_16547	OK	0	0	0	0	0	0	0	5440	0	0	0	0	0	0	0	0	0
ore_ont_16558	OK	0	0	0	0	0	0	0	7128	0	0	0	0	0	0	0	0	0
ore_ont_16565	OK	74	74	0	0	0	0	0	3980	2	0	0	0	0	0	0	0	1
ore_ont_16559	OK	0	0	0	0	0	0	0	37815	0	0	0	0	0	0	0	0	0
ore_ont_16594	OK	0	0	0	0	0	0	0	247	0	0	0	0	0	0	0	0	0
ore_ont_16542	OK	29	21	0	0	0	8	0	7532	0	0	0	0	0	0	0	0	0
ore_ont_165	OK	8	8	0	0	0	0	0	293	0	0	0	0	0	0	0	0	0
ore_ont_16457	OK	1140	36	0	0	0	502	602	831	3	0	0	0	0	0	0	0	1
ore_ont_16610	OK	0	0	0	0	0	0	0	10712	0	0	0	0	0	0	0	0	0
ore_ont_16617	OK	77	77	0	0	0	0	0	3994	2	0	0	0	0	0	0	0	1
ore_ont_16626	OK	0	0	0	0	0	0	0	310	0	0	0	0	0	0	0	0	0
ore_ont_1662	OK	73	73	0	0	0	0	0	0	0	0	0	0	0	0	0	0	0
ore_ont_16630	OK	45	40	0	0	0	0	5	52	1	0	0	0	0	0	0	0	1
ore_ont_16619	OK	73	0	0	0	0	73	0	20767	2587	3	2587	0	0	0	73	30	781
ore_ont_16642	OK	63	63	0	0	0	0	0	4699	2	0	0	0	0	0	0	0	1
ore_ont_16666	OK	351	344	0	0	0	0	7	6711	21	2	1	0	3	0	1	0	2
ore_ont_16669	OK	150	150	0	0	0	0	0	6207	1028	0	616	0	412	0	157	47	105
ore_ont_1666	OK	0	0	0	0	0	0	0	10916	0	0	0	0	0	0	0	0	0
ore_ont_16670	OK	64	63	0	0	0	0	1	165	0	0	0	0	0	0	0	0	0
ore_ont_16680	OK	0	0	0	0	0	0	0	116967	4399	1	4313	0	0	0	622	158	300
ore_ont_16684	OK	0	0	0	0	0	0	0	45461	0	0	0	0	0	0	0	0	0
ore_ont_16687	OK	0	0	0	0	0	0	0	32313	0	0	0	0	0	0	0	0	0
ore_ont_16596	OK	0	0	0	0	0	0	0	248553	493	0	493	0	0	0	41	12	30
ore_ont_16703	OK	0	0	0	0	0	0	0	9082	0	0	0	0	0	0	0	0	0
ore_ont_16708	OK	10	9	0	0	0	1	0	1132	45	0	14	0	1	24	8	4	11
ore_ont_16723	OK	70	68	0	0	0	0	2	129	0	0	0	0	0	0	0	0	0
ore_ont_1672	OK	41	35	0	0	0	6	0	1637	2	0	1	0	1	0	0	0	1
ore_ont_16730	OK	0	0	0	0	0	0	0	567	0	0	0	0	0	0	0	0	0
ore_ont_16738	OK	77	77	0	0	0	0	0	3975	2	0	0	0	0	0	0	0	1
ore_ont_16701	OK	1514	5	0	0	0	708	801	1473	0	0	0	0	0	0	0	0	0
ore_ont_16586	OK	0	0	0	0	0	0	0	616204	493	0	493	0	0	0	41	12	30
ore_ont_16746	OK	1980	0	0	0	0	1980	0	16706	2830	2830	0	0	0	0	4	1	2811
ore_ont_16750	OK	304	5	0	0	0	130	169	197	0	0	0	0	0	0	0	0	0
ore_ont_16759	OK	320	74	0	0	0	246	0	4438	2	2	0	0	0	0	0	0	1
ore_ont_16767	OK	779	4	0	0	0	774	1	1579	191	191	0	0	0	0	42	9	8
ore_ont_16777	OK	133	133	0	0	0	0	0	0	0	0	0	0	0	0	0	0	0
ore_ont_16800	OK	1	0	0	0	0	1	0	13366	6674	1	6670	0	0	0	199	97	1538
ore_ont_16806	OK	0	0	0	0	0	0	0	4408	0	0	0	0	0	0	0	0	0
ore_ont_16814	OK	50	48	0	0	1	0	1	56	0	0	0	0	0	0	0	0	0
ore_ont_16821	OK	0	0	0	0	0	0	0	1009	0	0	0	0	0	0	0	0	0
ore_ont_16822	OK	61	61	0	0	0	0	0	4603	2	0	0	0	0	0	0	0	1
ore_ont_16827	OK	0	0	0	0	0	0	0	61	0	0	0	0	0	0	0	0	0
ore_ont_16829	OK	153	0	0	0	0	153	0	175404	219	219	0	0	0	0	44	10	30
ore_ont_16847	OK	22	10	0	0	0	12	0	803	64	0	44	0	4	0	14	0	4
ore_ont_16850	OK	45	44	0	0	0	0	1	38	0	0	0	0	0	0	0	0	0
ore_ont_1673	OK	36	36	0	0	0	0	0	705020	496	0	493	0	0	0	41	12	30
ore_ont_16855	OK	81	81	0	0	0	0	0	106	0	0	0	0	0	0	0	0	0
ore_ont_16853	OK	2233	2208	0	0	0	0	25	180	0	0	0	0	0	0	0	0	0
ore_ont_1705	OK	14	10	0	0	0	0	4	94	0	0	0	0	0	0	0	0	0
ore_ont_15703	OK	123310	0	0	0	0	0	123310	1604390	0	0	0	0	0	0	0	0	0
ore_ont_1728	OK	0	0	0	0	0	0	0	1042	0	0	0	0	0	0	0	0	0
ore_ont_1707	OK	80	68	0	0	0	12	0	4107	145	0	45	2	9	23	12	5	20
ore_ont_1734	OK	0	0	0	0	0	0	0	13588	1	0	0	0	0	0	0	0	1
ore_ont_1746	OK	0	0	0	0	0	0	0	150	0	0	0	0	0	0	0	0	0
ore_ont_1756	OK	0	0	0	0	0	0	0	843	0	0	0	0	0	0	0	0	0
ore_ont_1743	OK	0	0	0	0	0	0	0	12774	0	0	0	0	0	0	0	0	0
ore_ont_1784	OK	39	39	0	0	0	0	0	371	7	0	4	0	0	0	1	0	2
ore_ont_178	OK	75	75	0	0	0	0	0	95	2	0	0	0	0	0	1	0	2
ore_ont_1790	OK	78	78	0	0	0	0	0	3975	2	0	0	0	0	0	0	0	1
ore_ont_1793	OK	34	31	0	0	0	0	3	493	0	0	0	0	0	0	0	0	0
ore_ont_1767	OK	0	0	0	0	0	0	0	3520	0	0	0	0	0	0	0	0	0
ore_ont_1820	OK	0	0	0	0	0	0	0	138166	219	0	219	0	0	0	41	12	30
ore_ont_1823	OK	12	12	0	0	0	0	0	169	41	0	0	0	0	0	0	0	1
ore_ont_1685	OK	40	40	0	0	0	0	0	8761	0	0	0	0	0	0	0	0	0
ore_ont_1834	OK	257	255	0	0	0	0	2	176	0	0	0	0	0	0	0	0	0
ore_ont_1821	OK	1389	4	0	0	0	1384	1	2954	482	482	0	0	0	0	94	14	40
ore_ont_1853	OK	109	96	0	0	0	1	12	159	7	0	0	0	2	0	2	0	3
ore_ont_185	OK	7	6	0	0	0	0	1	212	23	1	11	0	5	0	4	0	3
ore_ont_1866	OK	64	63	0	0	0	0	1	164	0	0	0	0	0	0	0	0	0
ore_ont_1869	OK	0	0	0	0	0	0	0	371	0	0	0	0	0	0	0	0	0
ore_ont_1870	OK	77	77	0	0	0	0	0	3975	2	0	0	0	0	0	0	0	1
ore_ont_1840	OK	0	0	0	0	0	0	0	11846	0	0	0	0	0	0	0	0	0
ore_ont_1898	OK	60	59	0	0	0	0	1	382	0	0	0	0	0	0	0	0	0
ore_ont_1902	OK	81	81	0	0	0	0	0	106	0	0	0	0	0	0	0	0	0
ore_ont_1886	OK	604	604	0	0	0	0	0	5476	0	0	0	0	0	0	0	0	0
ore_ont_1931	OK	172	163	0	0	0	3	6	305	5	0	0	0	2	0	0	0	1
ore_ont_16632	OK	18	16	0	0	0	0	2	6614036	0	0	0	0	0	0	0	0	0
ore_ont_1944	OK	81	81	0	0	0	0	0	106	0	0	0	0	0	0	0	0	0
ore_ont_191	OK	0	0	0	0	0	0	0	32287	0	0	0	0	0	0	0	0	0
ore_ont_1958	OK	15	13	0	0	0	2	0	902	80	9	1	0	47	0	9	2	31
ore_ont_1965	OK	319	73	0	0	0	246	0	4456	2	2	0	0	0	0	0	0	1
ore_ont_1954	OK	0	0	0	0	0	0	0	8272	0	0	0	0	0	0	0	0	0
ore_ont_1967	OK	44	44	0	0	0	0	0	53	0	0	0	0	0	0	0	0	0
ore_ont_1970	OK	0	0	0	0	0	0	0	10238	0	0	0	0	0	0	0	0	0
ore_ont_1988	OK	0	0	0	0	0	0	0	101	0	0	0	0	0	0	0	0	0
ore_ont_1997	OK	9	0	0	0	0	6	3	243	19	0	14	0	0	0	2	1	10
ore_ont_2011	OK	0	0	0	0	0	0	0	1466	0	0	0	0	0	0	0	0	0
ore_ont_2012	OK	8	6	0	0	0	0	2	115	21	3	17	0	0	0	8	0	4
ore_ont_2017	OK	0	0	0	0	0	0	0	773	0	0	0	0	0	0	0	0	0
ore_ont_2020	OK	0	0	0	0	0	0	0	25383	2110	0	2110	0	0	0	325	187	149
ore_ont_2022	OK	0	0	0	0	0	0	0	3452	0	0	0	0	0	0	0	0	0
ore_ont_202	OK	81	81	0	0	0	0	0	106	0	0	0	0	0	0	0	0	0
ore_ont_2036	OK	59	44	0	0	0	0	15	30	0	0	0	0	0	0	0	0	0
ore_ont_2038	OK	0	0	0	0	0	0	0	128	0	0	0	0	0	0	0	0	0
ore_ont_1966	OK	4	0	0	0	0	0	4	38158	14	0	2	0	0	0	0	0	1
ore_ont_205	OK	14	13	0	0	0	1	0	12651	536	24	298	1	207	0	37	14	183
ore_ont_2063	OK	0	0	0	0	0	0	0	922	0	0	0	0	0	0	0	0	0
ore_ont_2066	OK	0	0	0	0	0	0	0	387	0	0	0	0	0	0	0	0	0
ore_ont_2046	OK	0	0	0	0	0	0	0	60502	0	0	0	0	0	0	0	0	0
ore_ont_1938	OK	36	36	0	0	0	0	0	248368	222	0	219	0	0	0	41	12	30
ore_ont_16008	OK	0	0	0	0	0	0	0	733098	0	0	0	0	0	0	0	0	0
ore_ont_2105	OK	0	0	0	0	0	0	0	31215	0	0	0	0	0	0	0	0	0
ore_ont_2082	OK	0	0	0	0	0	0	0	196070	291	0	291	0	0	0	41	12	30
ore_ont_2128	OK	0	0	0	0	0	0	0	12343	0	0	0	0	0	0	0	0	0
ore_ont_2129	OK	1	0	0	0	0	1	0	6265	3132	1	3132	0	0	0	97	49	1722
ore_ont_10929	TIMEOUT
ore_ont_2142	OK	678	35	0	0	0	640	3	30605	692	692	0	0	0	0	54	21	79
ore_ont_2182	OK	13	12	0	0	0	0	1	221	61	8	0	0	46	0	9	2	31
ore_ont_218	OK	284	0	0	0	0	284	0	4046	25	0	13	0	0	0	4	0	2
ore_ont_2195	OK	517	517	0	0	0	0	0	171	0	0	0	0	0	0	0	0	0
ore_ont_2213	OK	77	77	0	0	0	0	0	4009	2	0	0	0	0	0	0	0	1
ore_ont_2228	OK	0	0	0	0	0	0	0	94	0	0	0	0	0	0	0	0	0
ore_ont_2229	OK	0	0	0	0	0	0	0	319	0	0	0	0	0	0	0	0	0
ore_ont_2232	OK	0	0	0	0	0	0	0	13551	1	0	0	0	0	0	0	0	1
ore_ont_2237	OK	130	130	0	0	0	0	0	0	0	0	0	0	0	0	0	0	0
ore_ont_2134	OK	0	0	0	0	0	0	0	146368	219	0	219	0	0	0	41	12	30
ore_ont_2111	OK	6	6	0	0	0	0	0	91581	1173	0	1173	0	0	0	77	28	234
ore_ont_2266	OK	0	0	0	0	0	0	0	1062	0	0	0	0	0	0	0	0	0
ore_ont_2253	OK	0	0	0	0	0	0	0	84385	0	0	0	0	0	0	0	0	0
ore_ont_2243	OK	0	0	0	0	0	0	0	232267	0	0	0	0	0	0	0	0	0
ore_ont_22	OK	0	0	0	0	0	0	0	4222	163	0	163	0	0	0	23	7	23
ore_ont_2303	OK	0	0	0	0	0	0	0	379	0	0	0	0	0	0	0	0	0
ore_ont_2313	OK	51	17	0	0	0	34	0	1914	6	0	3	0	0	0	1	0	2
ore_ont_2317	OK	3575	0	0	0	0	3575	0	14749	3133	3133	0	0	0	0	104	44	1722
ore_ont_2318	OK	44	44	0	0	0	0	0	4705	6	0	0	0	0	0	0	0	1
ore_ont_231	OK	167	167	0	0	0	0	0	0	0	0	0	0	0	0	0	0	0
ore_ont_2333	OK	0	0	0	0	0	0	0	3228	0	0	0	0	0	0	0	0	0
ore_ont_2338	OK	0	0	0	0	0	0	0	867	1	0	1	0	0	0	0	0	1
ore_ont_2360	OK	73	73	0	0	0	0	0	4248	2	0	0	0	0	0	0	0	1
ore_ont_2291	OK	0	0	0	0	0	0	0	36500	0	0	0	0	0	0	0	0	0
ore_ont_236	OK	0	0	0	0	0	0	0	7831	0	0	0	0	0	0	0	0	0
ore_ont_2377	OK	60	0	0	0	0	60	0	3375	969	2	969	0	0	0	42	26	372
ore_ont_2378	OK	0	0	0	0	0	0	0	1684	0	0	0	0	0	0	0	0	0
ore_ont_237	OK	6	2	0	0	0	0	4	146	28	3	13	0	4	0	6	2	9
ore_ont_2302	OK	0	0	0	0	0	0	0	99066	9169	3	9168	0	0	0	323	59	7354
ore_ont_2397	OK	59	0	0	0	0	0	59	24619	0	0	0	0	0	0	0	0	0
ore_ont_239	OK	9	9	0	0	0	0	0	17875	1877	0	1877	0	0	0	268	180	148
ore_ont_2440	OK	0	0	0	0	0	0	0	2732	0	0	0	0	0	0	0	0	0
ore_ont_2453	OK	88	54	0	0	0	34	0	169	0	0	0	0	0	0	0	0	0
ore_ont_2454	OK	0	0	0	0	0	0	0	11275	0	0	0	0	0	0	0	0	0
ore_ont_2456	OK	0	0	0	0	0	0	0	506	0	0	0	0	0	0	0	0	0
ore_ont_2361	OK	0	0	0	0	0	0	0	50898	0	0	0	0	0	0	0	0	0
ore_ont_2485	OK	0	0	0	0	0	0	0	1	0	0	0	0	0	0	0	0	0
ore_ont_2415	OK	1	1	0	0	0	0	0	52450	776	0	776	0	0	0	145	25	14
ore_ont_2488	OK	49	23	0	0	0	26	0	476	1	1	0	0	0	0	0	0	1
ore_ont_2491	OK	0	0	0	0	0	0	0	17934	0	0	0	0	0	0	0	0	0
ore_ont_2496	OK	0	0	0	0	0	0	0	2875	76	0	76	0	0	0	22	1	12
ore_ont_2497	OK	1	0	0	0	0	1	0	13356	968	0	968	0	0	0	135	109	42
ore_ont_2469	OK	153	0	0	0	0	153	0	138204	219	219	0	0	0	0	44	10	30
ore_ont_2513	OK	1503	5	0	0	0	702	796	1073	0	0	0	0	0	0	0	0	0
ore_ont_2526	OK	92	77	0	0	0	1	14	157	7	0	0	0	2	0	2	0	3
ore_ont_2531	OK	77	77	0	0	0	0	0	3975	2	0	0	0	0	0	0	0	1
ore_ont_253	OK	0	0	0	0	0	0	0	3710	1	1	1	0	0	0	0	0	1
ore_ont_2548	OK	23	19	0	0	0	4	0	2804	20	0	7	0	0	2	3	0	2
ore_ont_2556	OK	180	180	0	0	0	0	0	0	0	0	0	0	0	0	0	0	0
ore_ont_2557	OK	84	84	0	0	0	0	0	0	0	0	0	0	0	0	0	0	0
ore_ont_2569	OK	0	0	0	0	0	0	0	3991	0	0	0	0	0	0	0	0	0
ore_ont_2486	OK	48	11	0	0	0	37	0	74770	236	236	0	0	0	0	48	6	56
ore_ont_2577	OK	36	36	0	0	0	0	0	60989	222	0	219	0	0	0	41	12	30
ore_ont_2578	OK	0	0	0	0	0	0	0	10917	6	0	6	0	0	0	1	0	4
ore_ont_257	OK	40	32	0	0	0	1	7	2208	35	0	4	0	0	0	1	0	4
ore_ont_258	OK	0	0	0	0	0	0	0	271	0	0	0	0	0	0	0	0	0
ore_ont_2591	OK	0	0	0	0	0	0	0	13730	0	0	0	0	0	0	0	0	0
ore_ont_259	OK	73	73	0	0	0	0	0	3980	2	0	0	0	0	0	0	0	1
ore_ont_2604	OK	44	44	0	0	0	0	0	3522	5	0	0	0	0	0	0	0	1
ore_ont_2608	OK	0	0	0	0	0	0	0	732	67	0	67	0	0	0	16	6	6
ore_ont_260	OK	319	73	0	0	0	246	0	4435	2	2	0	0	0	0	0	0	1
ore_ont_2612	OK	1	0	0	0	0	0	1	4053	0	0	0	0	0	0	0	0	0
ore_ont_2622	OK	842	5	0	0	0	380	457	559	0	0	0	0	0	0	0	0	0
ore_ont_2624	OK	0	0	0	0	0	0	0	7277	0	0	0	0	0	0	0	0	0
ore_ont_2627	OK	0	0	0	0	0	0	0	41926	0	0	0	0	0	0	0	0	0
ore_ont_2632	OK	36	36	0	0	0	0	0	56672	222	0	219	0	0	0	41	12	30
ore_ont_2646	OK	0	0	0	0	0	0	0	1687	0	0	0	0	0	0	0	0	0
ore_ont_264	OK	0	0	0	0	0	0	0	6264	3132	135	3130	0	0	0	97	49	1722
ore_ont_2652	OK	39	29	0	0	0	0	10	104	0	0	0	0	0	0	0	0	0
ore_ont_2654	OK	0	0	0	0	0	0	0	215	0	0	0	0	0	0	0	0	0
ore_ont_2656	OK	0	0	0	0	0	0	0	19926	0	0	0	0	0	0	0	0	0
ore_ont_2574	OK	36	36	0	0	0	0	0	275563	496	0	493	0	0	0	41	12	30
ore_ont_2658	OK	13469	0	0	0	0	13469	0	9806	74	0	74	0	0	0	1	1	74
ore_ont_2662	OK	0	0	0	0	0	0	0	331	0	0	0	0	0	0	0	0	0
ore_ont_2664	OK	74	74	0	0	0	0	0	3980	2	0	0	0	0	0	0	0	1
ore_ont_2669	OK	10	2	0	0	0	1	7	152	31	2	16	0	4	0	6	2	7
ore_ont_2661	OK	0	0	0	0	0	0	0	20389	0	0	0	0	0	0	0	0	0
ore_ont_2672	OK	0	0	0	0	0	0	0	876	0	0	0	0	0	0	0	0	0
ore_ont_2678	OK	64	63	0	0	0	0	1	381	0	0	0	0	0	0	0	0	0
ore_ont_2697	OK	0	0	0	0	0	0	0	98	0	0	0	0	0	0	0	0	0
ore_ont_2677	OK	45	45	0	0	0	0	0	4432	5	0	0	0	0	0	0	0	1
ore_ont_2700	OK	68	68	0	0	0	0	0	4604	2	0	0	0	0	0	0	0	1
ore_ont_2703	OK	43	43	0	0	0	0	0	3107	5	0	0	0	0	0	0	0	1
ore_ont_2713	OK	0	0	0	0	0	0	0	318	0	0	0	0	0	0	0	0	0
ore_ont_2719	OK	0	0	0	0	0	0	0	12772	0	0	0	0	0	0	0	0	0
ore_ont_2720	OK	0	0	0	0	0	0	0	1049	0	0	0	0	0	0	0	0	0
ore_ont_269	OK	0	0	0	0	0	0	0	65926	0	0	0	0	0	0	0	0	0
ore_ont_2744	OK	102	102	0	0	0	0	0	727	8	0	4	0	3	0	1	1	7
ore_ont_2749	OK	69	67	0	0	0	0	2	51081	1	0	0	0	0	0	0	0	1
ore_ont_2753	OK	0	0	0	0	0	0	0	366	0	0	0	0	0	0	0	0	0
ore_ont_2775	OK	0	0	0	0	0	0	0	132	0	0	0	0	0	0	0	0	0
ore_ont_2783	OK	77	77	0	0	0	0	0	3975	2	0	0	0	0	0	0	0	1
ore_ont_2792	OK	383	376	0	0	0	0	7	6784	21	2	1	0	3	0	1	0	2
ore_ont_2738	OK	13509	0	0	0	0	13509	0	127042	17356	7	17342	0	0	0	462	135	7317
ore_ont_2817	OK	77	77	0	0	0	0	0	3975	2	0	0	0	0	0	0	0	1
ore_ont_2803	OK	0	0	0	0	0	0	0	115744	0	0	0	0	0	0	0	0	0
ore_ont_2826	OK	18	16	0	0	0	0	2	357	86	8	0	0	46	0	10	3	31
ore_ont_2820	OK	0	0	0	0	0	0	0	124992	219	0	219	0	0	0	41	12	30
ore_ont_2837	OK	35	25	0	0	0	6	4	39	0	0	0	0	0	0	0	0	0
ore_ont_283	OK	0	0	0	0	0	0	0	122280	0	0	0	0	0	0	0	0	0
ore_ont_2848	OK	449	0	0	0	0	449	0	6003	657	657	0	0	0	0	72	21	84
ore_ont_2860	OK	178	169	0	0	0	3	6	199	2	0	0	0	2	0	0	0	1
ore_ont_2828	OK	1452	0	0	0	0	1452	0	176243	30364	30364	0	0	0	0	2903	71	675
ore_ont_2876	OK	0	0	0	0	0	0	0	88	0	0	0	0	0	0	0	0	0
ore_ont_2901	OK	11	1	0	0	0	10	0	1001	46	0	34	5	1	0	7	2	10
ore_ont_290	OK	78	78	0	0	0	0	0	4044	2	0	0	0	0	0	0	0	1
ore_ont_2936	OK	62	57	0	0	0	0	5	18	0	0	0	0	0	0	0	0	0
ore_ont_2950	OK	127	126	0	0	0	0	1	2864	35	0	4	0	0	0	3	0	4
ore_ont_2989	OK	81	81	0	0	0	0	0	106	0	0	0	0	0	0	0	0	0
ore_ont_3003	OK	0	0	0	0	0	0	0	2608	0	0	0	0	0	0	0	0	0
ore_ont_3010	OK	18	16	0	0	0	0	2	357	86	8	0	0	46	0	10	3	31
ore_ont_3022	OK	64	63	0	0	0	0	1	381	0	0	0	0	0	0	0	0	0
ore_ont_304	OK	101	78	0	0	0	15	8	163	6	6	0	0	0	0	1	0	3
ore_ont_16744	OK	0	0	0	0	0	0	0	3137899	0	0	0	0	0	0	0	0	0
ore_ont_3053	OK	66	65	0	0	0	0	1	480	0	0	0	0	0	0	0	0	0
ore_ont_3050	OK	77	77	0	0	0	0	0	3975	2	0	0	0	0	0	0	0	1
ore_ont_3060	OK	92	77	0	0	0	1	14	154	7	0	0	0	2	0	2	0	3
ore_ont_307	OK	0	0	0	0	0	0	0	13627	1	1	0	0	0	0	0	0	1
ore_ont_3077	OK	606	599	0	0	0	0	7	10183	17	2	1	0	4	0	2	0	2
ore_ont_3082	OK	0	0	0	0	0	0	0	120	0	0	0	0	0	0	0	0	0
ore_ont_3080	OK	27	24	0	0	0	1	2	6632	215	0	193	0	0	0	94	0	2
ore_ont_2874	OK	13511	0	0	0	0	13511	0	156492	22627	15	22573	0	5	0	841	240	7943
ore_ont_3102	OK	0	0	0	0	0	0	0	3304	89	0	89	0	0	0	12	4	12
ore_ont_3106	OK	0	0	0	0	0	0	0	10253	0	0	0	0	0	0	0	0	0
ore_ont_3087	OK	36	36	0	0	0	0	0	2694	222	0	219	0	0	0	41	12	30
ore_ont_3128	OK	0	0	0	0	0	0	0	272	136	0	136	0	0	0	14	7	43
ore_ont_3114	OK	73	73	0	0	0	0	0	3980	2	0	0	0	0	0	0	0	1
ore_ont_3156	OK	18	16	0	0	0	0	2	357	86	8	0	0	46	0	10	3	31
ore_ont_3100	OK	0	0	0	0	0	0	0	121710	0	0	0	0	0	0	0	0	0
ore_ont_316	OK	47	0	0	0	0	47	0	2488	71	71	0	0	0	0	18	1	12
ore_ont_3177	OK	0	0	0	0	0	0	0	8926	0	0	0	0	0	0	0	0	0
ore_ont_3164	OK	1029	5	0	0	0	469	555	807	0	0	0	0	0	0	0	0	0
ore_ont_3205	OK	12	12	0	0	0	0	0	3679	0	0	0	0	0	0	0	0	0
ore_ont_3214	OK	63	63	0	0	0	0	0	4589	2	0	0	0	0	0	0	0	1
ore_ont_3133	OK	1677	5	0	0	0	774	898	1307	0	0	0	0	0	0	0	0	0
ore_ont_3231	OK	260	259	0	0	0	0	1	178	0	0	0	0	0	0	0	0	0
ore_ont_3237	OK	0	0	0	0	0	0	0	41940	2943	0	2857	0	0	0	414	119	199
ore_ont_3238	OK	0	0	0	0	0	0	0	13077	0	0	0	0	0	0	0	0	0
ore_ont_3241	OK	0	0	0	0	0	0	0	2689	64	0	64	0	0	0	20	1	12
ore_ont_3250	OK	5	5	0	0	0	0	0	182	29	0	15	2	9	0	5	3	10
ore_ont_318	OK	0	0	0	0	0	0	0	62952	104	0	104	0	0	0	1	1	104
ore_ont_2121	OK	0	0	0	0	0	0	0	803567	0	0	0	0	0	0	0	0	0
ore_ont_3255	OK	555	5	0	0	0	248	302	378	0	0	0	0	0	0	0	0	0
ore_ont_3258	OK	3	2	0	0	0	0	1	363	2	0	0	0	0	0	0	0	1
ore_ont_3259	OK	179	179	0	0	0	0	0	0	0	0	0	0	0	0	0	0	0
ore_ont_3260	OK	62	62	0	0	0	0	0	83	0	0	0	0	0	0	0	0	0
ore_ont_3263	OK	167	0	0	0	0	167	0	336	0	0	0	0	0	0	0	0	0
ore_ont_3262	OK	242	242	0	0	0	0	0	320	44	8	22	0	4	0	9	0	4
ore_ont_3270	OK	81	81	0	0	0	0	0	106	0	0	0	0	0	0	0	0	0
ore_ont_3281	OK	28	28	0	0	0	0	0	266	1	0	0	0	0	0	0	0	1
ore_ont_3292	OK	141	141	0	0	0	0	0	0	0	0	0	0	0	0	0	0	0
ore_ont_3301	OK	23	23	0	0	0	0	0	584	1	0	0	0	0	0	0	0	1
ore_ont_3215	OK	1	0	0	0	0	0	1	91618	36646	0	18323	0	0	0	1	1	18323
ore_ont_330	OK	0	0	0	0	0	0	0	2689	64	0	64	0	0	0	20	1	12
ore_ont_3313	OK	0	0	0	0	0	0	0	1283	0	0	0	0	0	0	0	0	0
ore_ont_3330	OK	36	27	0	0	0	7	2	54	0	0	0	0	0	0	0	0	0
ore_ont_3341	OK	40	40	0	0	0	0	0	105	0	0	0	0	0	0	0	0	0
ore_ont_3344	OK	0	0	0	0	0	0	0	947	0	0	0	0	0	0	0	0	0
ore_ont_3349	OK	49	1	0	0	0	48	0	915	45	45	0	0	0	0	5	1	11
ore_ont_3329	OK	77	77	0	0	0	0	0	3975	2	0	0	0	0	0	0	0	1
ore_ont_3352	OK	0	0	0	0	0	0	0	1295	0	0	0	0	0	0	0	0	0
ore_ont_3357	OK	62	62	0	0	0	0	0	4589	2	0	0	0	0	0	0	0	1
ore_ont_336	OK	63	63	0	0	0	0	0	4668	2	0	0	0	0	0	0	0	1
ore_ont_3381	OK	43	43	0	0	0	0	0	4323	5	0	0	0	0	0	0	0	1
ore_ont_338	OK	0	0	0	0	0	0	0	56	0	0	0	0	0	0	0	0	0
ore_ont_33	OK	0	0	0	0	0	0	0	13634	0	0	0	0	0	0	0	0	0
ore_ont_3282	OK	36	36	0	0	0	0	0	80381	222	0	219	0	0	0	41	12	30
ore_ont_3406	OK	13469	0	0	0	0	13469	0	9803	74	0	74	0	0	0	1	1	74
ore_ont_3411	OK	16	16	0	0	0	0	0	222	52	25	8	0	5	0	10	3	11
ore_ont_3418	OK	0	0	0	0	0	0	0	527	0	0	0	0	0	0	0	0	0
ore_ont_3455	OK	19	19	0	0	0	0	0	127	0	0	0	0	0	0	0	0	0
ore_ont_3414	OK	0	0	0	0	0	0	0	80428	0	0	0	0	0	0	0	0	0
ore_ont_3463	OK	0	0	0	0	0	0	0	122	0	0	0	0	0	0	0	0	0
ore_ont_3480	OK	0	0	0	0	0	0	0	13781	0	0	0	0	0	0	0	0	0
ore_ont_3484	OK	0	0	0	0	0	0	0	4908	0	0	0	0	0	0	0	0	0
ore_ont_3500	OK	68	68	0	0	0	0	0	4589	2	0	0	0	0	0	0	0	1
ore_ont_3503	OK	36	36	0	0	0	0	0	1703	2	0	0	0	0	0	0	0	1
ore_ont_3504	OK	34	27	0	0	0	7	0	79	8	0	6	0	0	0	2	0	4
ore_ont_3274	OK	0	0	0	0	0	0	0	255138	494	0	494	0	0	0	41	12	30
ore_ont_3515	OK	0	0	0	0	0	0	0	2058	193	0	193	0	0	0	94	0	2
ore_ont_3508	OK	79	79	0	0	0	0	0	66701	0	0	0	0	0	0	0	0	0
ore_ont_3516	OK	0	0	0	0	0	0	0	13461	0	0	0	0	0	0	0	0	0
ore_ont_3529	OK	1	0	0	0	0	1	0	6263	3131	0	3131	0	0	0	97	48	1722
ore_ont_3545	OK	60	60	0	0	0	0	0	29	0	0	0	0	0	0	0	0	0
ore_ont_3550	OK	0	0	0	0	0	0	0	3770	0	0	0	0	0	0	0	0	0
ore_ont_1833	OK	272	271	0	0	0	0	1	14030936	2	0	0	0	0	0	0	0	1
ore_ont_345	OK	0	0	0	0	0	0	0	549005	0	0	0	0	0	0	0	0	0
ore_ont_3561	OK	2	2	0	0	0	0	0	54667	7	0	2	0	2	0	2	0	3
ore_ont_3566	OK	1	0	0	0	0	1	0	174	4	3	0	0	0	0	1	0	2
ore_ont_3562	OK	8	7	0	0	0	1	0	13432	968	0	968	0	0	0	135	109	42
ore_ont_3584	OK	77	77	0	0	0	0	0	3981	2	0	0	0	0	0	0	0	1
ore_ont_3592	OK	64	64	0	0	0	0	0	98	0	0	0	0	0	0	0	0	0
ore_ont_360	OK	0	0	0	0	0	0	0	10240	0	0	0	0	0	0	0	0	0
ore_ont_3635	OK	0	0	0	0	0	0	0	2001	0	0	0	0	0	0	0	0	0
ore_ont_3639	OK	20	9	0	0	0	0	11	130	0	0	0	0	0	0	0	0	0
ore_ont_3640	OK	229	5	0	0	0	97	127	169	0	0	0	0	0	0	0	0	0
ore_ont_3560	OK	0	0	0	0	0	0	0	167351	0	0	0	0	0	0	0	0	0
ore_ont_3671	OK	57	57	0	0	0	0	0	31	0	0	0	0	0	0	0	0	0
ore_ont_3680	OK	0	0	0	0	0	0	0	29894	0	0	0	0	0	0	0	0	0
ore_ont_3685	OK	10	9	0	0	0	1	0	1147	45	0	14	0	1	24	8	4	11
ore_ont_3658	OK	1599	5	0	0	0	752	842	1209	0	0	0	0	0	0	0	0	0
ore_ont_3708	OK	90	77	0	0	0	1	12	150	7	0	0	0	2	0	2	0	3
ore_ont_3712	OK	0	0	0	0	0	0	0	13189	0	0	0	0	0	0	0	0	0
ore_ont_3726	OK	22	20	0	0	0	0	2	175	0	0	0	0	0	0	0	0	0
ore_ont_3696	OK	0	0	0	0	0	0	0	38705	0	0	0	0	0	0	0	0	0
ore_ont_3575	OK	40	39	0	0	0	1	0	130948	15928	6	15928	0	0	0	605	188	4704
ore_ont_3770	OK	111	111	0	0	0	0	0	0	0	0	0	0	0	0	0	0	0
ore_ont_3771	OK	0	0	0	0	0	0	0	2622	0	0	0	0	0	0	0	0	0
ore_ont_3775	OK	133	133	0	0	0	0	0	62	0	0	0	0	0	0	0	0	0
ore_ont_3737	OK	0	0	0	0	0	0	0	32287	0	0	0	0	0	0	0	0	0
ore_ont_3780	OK	0	0	0	0	0	0	0	659	0	0	0	0	0	0	0	0	0
ore_ont_3783	OK	0	0	0	0	0	0	0	1195	34	0	0	0	0	0	0	0	1
ore_ont_3781	OK	0	0	0	0	0	0	0	10916	0	0	0	0	0	0	0	0	0
ore_ont_3784	OK	0	0	0	0	0	0	0	6176	3088	1	3088	0	0	0	68	20	892
ore_ont_3789	OK	81	81	0	0	0	0	0	106	0	0	0	0	0	0	0	0	0
ore_ont_3795	OK	62	62	0	0	0	0	0	4589	2	0	0	0	0	0	0	0	1
ore_ont_3797	OK	0	0	0	0	0	0	0	17402	0	0	0	0	0	0	0	0	0
ore_ont_3806	OK	10	1	0	0	0	9	0	259	18	0	0	0	0	0	0	0	1
ore_ont_380	OK	0	0	0	0	0	0	0	2407	0	0	0	0	0	0	0	0	0
ore_ont_3733	OK	19	19	0	0	0	0	0	124784	200	0	199	0	0	0	97	0	2
ore_ont_3832	OK	0	0	0	0	0	0	0	633	0	0	0	0	0	0	0	0	0
ore_ont_3835	OK	0	0	0	0	0	0	0	1162	4	4	0	0	0	0	0	0	1
ore_ont_3794	OK	276	275	0	0	0	0	1	58319	11194	0	9426	0	1768	0	1296	425	512
ore_ont_3839	OK	0	0	0	0	0	0	0	6603	0	0	0	0	0	0	0	0	0
ore_ont_3842	OK	4	4	0	0	0	0	0	86	0	0	0	0	0	0	0	0	0
ore_ont_3843	OK	88	81	0	0	0	1	6	207	2	0	0	0	0	0	0	0	1
ore_ont_3852	OK	81	81	0	0	0	0	0	106	0	0	0	0	0	0	0	0	0
ore_ont_385	OK	59	59	0	0	0	0	0	86	2	0	0	0	0	0	1	0	2
ore_ont_3873	OK	0	0	0	0	0	0	0	30673	4306	0	4306	0	0	0	227	12	663
ore_ont_3884	OK	67	31	0	0	0	28	8	162	7	7	0	0	0	0	0	0	1
ore_ont_3892	OK	80	73	0	0	0	0	7	404	0	0	0	0	0	0	0	0	0
ore_ont_3905	OK	73	73	0	0	0	0	0	4276	0	0	0	0	0	0	0	0	0
ore_ont_3909	OK	0	0	0	0	0	0	0	60	0	0	0	0	0	0	0	0	0
ore_ont_3910	OK	129	11	0	0	0	112	6	637	68	68	0	0	0	0	11	2	28
ore_ont_3377	OK	2	0	0	0	0	2	0	747846	25	25	0	0	0	0	1	1	8
ore_ont_3916	OK	71	67	0	0	0	0	4	53149	1	0	0	0	0	0	0	0	1
ore_ont_3917	OK	549	542	0	0	0	0	7	9784	15	2	1	0	3	0	1	0	2
ore_ont_3919	OK	1364	0	0	0	0	1364	0	20210	2660	2660	0	0	0	0	60	24	549
ore_ont_3931	OK	904	16	0	0	0	0	888	2084	193	0	193	0	0	0	94	0	2
ore_ont_3936	OK	5	5	0	0	0	0	0	123	0	0	0	0	0	0	0	0	0
ore_ont_394	OK	67	7	0	0	0	60	0	412	41	41	0	0	0	0	7	1	7
ore_ont_3954	OK	0	0	0	0	0	0	0	9567	0	0	0	0	0	0	0	0	0
ore_ont_3966	OK	1	1	0	0	0	0	0	640	23	0	23	0	0	0	5	1	9
ore_ont_3968	OK	0	0	0	0	0	0	0	2732	0	0	0	0	0	0	0	0	0
ore_ont_3978	OK	2	0	0	0	0	2	0	1318	655	0	655	0	0	0	106	20	84
ore_ont_3987	OK	81	81	0	0	0	0	0	106	0	0	0	0	0	0	0	0	0
ore_ont_399	OK	45	45	0	0	0	0	0	4354	5	0	0	0	0	0	0	0	1
ore_ont_4006	OK	0	0	0	0	0	0	0	45461	0	0	0	0	0	0	0	0	0
ore_ont_4032	OK	24	24	0	0	0	0	0	533	1	0	0	0	0	0	0	0	1
ore_ont_4033	OK	0	0	0	0	0	0	0	40250	0	0	0	0	0	0	0	0	0
ore_ont_4035	OK	0	0	0	0	0	0	0	235	0	0	0	0	0	0	0	0	0
ore_ont_4049	OK	2204	2197	0	0	0	0	7	2718	0	0	0	0	0	0	0	0	0
ore_ont_20	OK	87	71	0	0	3	11	2	14567	5	0	0	0	0	0	0	0	1
ore_ont_4074	OK	0	0	0	0	0	0	0	767	1	0	1	0	0	0	0	0	1
ore_ont_3914	OK	0	0	0	0	0	0	0	12709	142	0	142	0	0	0	29	7	14
ore_ont_4106	OK	0	0	0	0	0	0	0	49	0	0	0	0	0	0	0	0	0
ore_ont_4092	OK	61	61	0	0	0	0	0	4589	2	0	0	0	0	0	0	0	1
ore_ont_412	OK	241	29	0	0	0	212	0	2076	155	155	0	0	0	0	29	3	19
ore_ont_4133	OK	1	0	0	0	0	0	1	344	3	0	0	0	0	0	0	0	1
ore_ont_4127	OK	0	0	0	0	0	0	0	10552	0	0	0	0	0	0	0	0	0
ore_ont_4162	OK	73	73	0	0	0	0	0	3980	2	0	0	0	0	0	0	0	1
ore_ont_4054	OK	0	0	0	0	0	0	0	61940	4145	0	4145	0	0	0	1	1	4145
ore_ont_4178	OK	0	0	0	0	0	0	0	14180	0	0	0	0	0	0	0	0	0
ore_ont_4166	OK	0	0	0	0	0	0	0	9571	0	0	0	0	0	0	0	0	0
ore_ont_4182	OK	150	0	0	0	0	150	0	2464	198	198	0	0	0	0	41	10	28
ore_ont_4188	OK	62	62	0	0	0	0	0	4589	2	0	0	0	0	0	0	0	1
ore_ont_4193	OK	81	81	0	0	0	0	0	106	0	0	0	0	0	0	0	0	0
ore_ont_4198	OK	78	77	0	0	0	0	1	11572	1	0	0	0	0	0	0	0	1
ore_ont_4187	OK	1256	5	0	0	0	567	684	772	0	0	0	0	0	0	0	0	0
ore_ont_4208	OK	0	0	0	0	0	0	0	204128	30363	2	30335	0	0	0	3301	59	676
ore_ont_420	OK	0	0	0	0	0	0	0	142	0	0	0	0	0	0	0	0	0
ore_ont_4210	OK	62	62	0	0	0	0	0	4589	2	0	0	0	0	0	0	0	1
ore_ont_4223	OK	0	0	0	0	0	0	0	119	6	0	6	0	0	0	1	1	6
ore_ont_4226	OK	0	0	0	0	0	0	0	12347	0	0	0	0	0	0	0	0	0
ore_ont_4233	OK	0	0	0	0	0	0	0	38703	0	0	0	0	0	0	0	0	0
ore_ont_4235	OK	0	0	0	0	0	0	0	24422	0	0	0	0	0	0	0	0	0
ore_ont_4205	OK	0	0	0	0	0	0	0	616030	0	0	0	0	0	0	0	0	0
ore_ont_4260	OK	0	0	0	0	0	0	0	4430	0	0	0	0	0	0	0	0	0
ore_ont_4261	OK	0	0	0	0	0	0	0	1354	58	0	58	0	0	0	15	1	5
ore_ont_4263	OK	78	78	0	0	0	0	0	3975	2	0	0	0	0	0	0	0	1
ore_ont_4279	OK	0	0	0	0	0	0	0	2723	0	0	0	0	0	0	0	0	0
ore_ont_430	OK	123	123	0	0	0	0	0	0	0	0	0	0	0	0	0	0	0
ore_ont_4313	OK	0	0	0	0	0	0	0	696	0	0	0	0	0	0	0	0	0
ore_ont_4315	OK	161	161	0	0	0	0	0	0	0	0	0	0	0	0	0	0	0
ore_ont_4354	OK	35	35	0	0	0	0	0	601	1	0	0	0	0	0	0	0	1
ore_ont_3816	OK	73	72	0	0	0	0	1	95379	0	0	0	0	0	0	0	0	0
ore_ont_4382	OK	0	0	0	0	0	0	0	430	0	0	0	0	0	0	0	0	0
ore_ont_4383	OK	0	0	0	0	0	0	0	2400	1200	2	1199	0	0	0	124	42	268
ore_ont_4363	OK	325	79	0	0	0	246	0	4434	2	2	0	0	0	0	0	0	1
ore_ont_4388	OK	32	1	0	0	0	31	0	599	23	23	0	0	0	0	5	1	9
ore_ont_4400	OK	0	0	0	0	0	0	0	732	0	0	0	0	0	0	0	0	0
ore_ont_4242	OK	877	4	0	0	0	872	1	1830	268	268	0	0	0	0	52	13	14
ore_ont_4423	OK	64	64	0	0	0	0	0	4616	2	0	0	0	0	0	0	0	1
ore_ont_4428	OK	81	81	0	0	0	0	0	106	0	0	0	0	0	0	0	0	0
ore_ont_4429	OK	77	77	0	0	0	0	0	3988	2	0	0	0	0	0	0	0	1
ore_ont_443	OK	69	67	0	0	0	0	2	299030	1	0	0	0	0	0	0	0	1
ore_ont_4460	OK	0	0	0	0	0	0	0	13832	0	0	0	0	0	0	0	0	0
ore_ont_4469	OK	160	148	0	0	0	1	11	324	0	0	0	0	0	0	0	0	0
ore_ont_4487	OK	0	0	0	0	0	0	0	72789	219	0	219	0	0	0	41	12	30
ore_ont_4503	OK	0	0	0	0	0	0	0	13459	0	0	0	0	0	0	0	0	0
ore_ont_4410	OK	90	85	0	0	0	0	5	188963	0	0	0	0	0	0	0	0	0
ore_ont_4515	OK	73	73	0	0	0	0	0	3980	2	0	0	0	0	0	0	0	1
ore_ont_4516	OK	0	0	0	0	0	0	0	740	67	0	67	0	0	0	16	6	6
ore_ont_4527	OK	0	0	0	0	0	0	0	2241	0	0	0	0	0	0	0	0	0
ore_ont_3836	OK	0	0	0	0	0	0	0	1869498	0	0	0	0	0	0	0	0	0
ore_ont_4567	OK	450	443	0	0	0	0	7	7819	23	2	1	0	3	0	1	0	2
ore_ont_4570	OK	26	0	0	0	0	26	0	26243	3396	4	3396	0	0	0	91	40	880
ore_ont_4510	OK	577	5	0	0	0	257	315	399	0	0	0	0	0	0	0	0	0
ore_ont_4557	OK	0	0	0	0	0	0	0	63749	0	0	0	0	0	0	0	0	0
ore_ont_4578	OK	0	0	0	0	0	0	0	10253	0	0	0	0	0	0	0	0	0
ore_ont_457	OK	0	0	0	0	0	0	0	1206	603	1	603	0	0	0	37	23	165
ore_ont_4581	OK	74	74	0	0	0	0	0	3981	2	0	0	0	0	0	0	0	1
ore_ont_4587	OK	64	64	0	0	0	0	0	4687	2	0	0	0	0	0	0	0	1
ore_ont_3524	OK	246623	0	0	0	0	0	246623	1727697	0	0	0	0	0	0	0	0	0
ore_ont_4577	OK	5	4	0	0	0	0	1	1346	0	0	0	0	0	0	0	0	0
ore_ont_4609	OK	53	53	0	0	0	0	0	381191	13	0	1	0	0	0	0	0	1
ore_ont_4610	OK	0	0	0	0	0	0	0	10916	0	0	0	0	0	0	0	0	0
ore_ont_4412	OK	12	12	0	0	0	0	0	128095	642	0	642	0	0	0	131	19	78
ore_ont_4616	OK	0	0	0	0	0	0	0	32313	0	0	0	0	0	0	0	0	0
ore_ont_4604	OK	0	0	0	0	0	0	0	204537	30409	2	30381	0	0	0	3324	59	676
ore_ont_4652	OK	0	0	0	0	0	0	0	2558	1279	0	1279	0	0	0	80	25	401
ore_ont_4655	OK	0	0	0	0	0	0	0	4402	0	0	0	0	0	0	0	0	0
ore_ont_4639	OK	0	0	0	0	0	0	0	10550	0	0	0	0	0	0	0	0	0
ore_ont_4668	OK	0	0	0	0	0	0	0	198	12	0	0	0	12	0	1	1	12
ore_ont_4598	OK	11	11	0	0	0	0	0	74524	576	0	576	0	0	0	115	11	134
ore_ont_4671	OK	0	0	0	0	0	0	0	842	0	0	0	0	0	0	0	0	0
ore_ont_4719	OK	93	92	0	0	0	0	1	306	12	0	0	0	0	0	0	0	1
ore_ont_4662	OK	0	0	0	0	0	0	0	8339	0	0	0	0	0	0	0	0	0
ore_ont_15635	OK	25	21	0	0	0	0	4	54248	0	0	0	0	0	0	0	0	0
ore_ont_4724	OK	66	66	0	0	0	0	0	0	0	0	0	0	0	0	0	0	0
ore_ont_4737	OK	0	0	0	0	0	0	0	2433	198	0	198	0	0	0	40	10	28
ore_ont_4732	OK	0	0	0	0	0	0	0	13077	0	0	0	0	0	0	0	0	0
ore_ont_4733	OK	0	0	0	0	0	0	0	15349	275	0	275	0	0	0	0	0	1
ore_ont_4767	OK	0	0	0	0	0	0	0	344	0	0	0	0	0	0	0	0	0
ore_ont_4617	OK	0	0	0	0	0	0	0	90547	0	0	0	0	0	0	0	0	0
ore_ont_4770	OK	62	62	0	0	0	0	0	4589	2	0	0	0	0	0	0	0	1
ore_ont_4780	OK	363	64	0	0	0	299	0	5272	2	2	0	0	0	0	0	0	1
ore_ont_4775	OK	631	5	0	0	0	289	337	464	0	0	0	0	0	0	0	0	0
ore_ont_4796	OK	305	303	0	0	0	1	1	363	56	6	29	0	6	0	12	0	4
ore_ont_4798	OK	0	0	0	0	0	0	0	4409	0	0	0	0	0	0	0	0	0
ore_ont_4782	OK	0	0	0	0	0	0	0	83168	219	0	219	0	0	0	41	12	30
ore_ont_480	OK	37	37	0	0	0	0	0	48	0	0	0	0	0	0	0	0	0
ore_ont_4827	OK	35	35	0	0	0	0	0	1052	39	14	19	0	0	0	9	0	4
ore_ont_4834	OK	62	62	0	0	0	0	0	4589	2	0	0	0	0	0	0	0	1
ore_ont_4855	OK	0	0	0	0	0	0	0	124	0	0	0	0	0	0	0	0	0
ore_ont_4856	OK	51	33	0	0	0	0	18	4	0	0	0	0	0	0	0	0	0
ore_ont_4875	OK	0	0	0	0	0	0	0	506	0	0	0	0	0	0	0	0	0
ore_ont_4897	OK	0	0	0	0	0	0	0	288	13	0	0	0	0	0	0	0	1
ore_ont_4898	OK	0	0	0	0	0	0	0	1002	501	0	501	0	0	0	29	21	149
ore_ont_4669	OK	38134	5	0	0	0	0	38129	82144	7515	0	7515	0	0	0	268	47	6102
ore_ont_4903	OK	16	16	0	0	0	0	0	3860	185	9	0	0	139	0	11	4	48
ore_ont_4917	OK	1795	0	0	0	0	1795	0	39424	3920	3920	0	0	0	0	504	155	196
ore_ont_4918	OK	0	0	0	0	0	0	0	688	0	0	0	0	0	0	0	0	0
ore_ont_4936	OK	81	81	0	0	0	0	0	106	0	0	0	0	0	0	0	0	0
ore_ont_4744	OK	0	0	0	0	0	0	0	121708	0	0	0	0	0	0	0	0	0
ore_ont_4938	OK	322	7	0	0	0	315	0	14455	969	969	0	0	0	0	79	50	65
ore_ont_4802	OK	0	0	0	0	0	0	0	140955	0	0	0	0	0	0	0	0	0
ore_ont_4961	OK	43	40	0	0	0	0	3	42	0	0	0	0	0	0	0	0	0
ore_ont_4958	OK	61	61	0	0	0	0	0	4589	2	0	0	0	0	0	0	0	1
ore_ont_4983	OK	55	24	0	0	0	31	0	531	1	1	0	0	0	0	0	0	1
ore_ont_5014	OK	153	152	0	0	0	0	1	1543	0	0	0	0	0	0	0	0	0
ore_ont_5033	OK	92	77	0	0	0	1	14	154	7	0	0	0	2	0	2	0	3
ore_ont_5057	OK	0	0	0	0	0	0	0	777	0	0	0	0	0	0	0	0	0
ore_ont_5002	OK	0	0	0	0	0	0	0	12221	0	0	0	0	0	0	0	0	0
ore_ont_5074	OK	0	0	0	0	0	0	0	105	0	0	0	0	0	0	0	0	0
ore_ont_5078	OK	0	0	0	0	0	0	0	1333	0	0	0	0	0	0	0	0	0
ore_ont_507	OK	0	0	0	0	0	0	0	2675	0	0	0	0	0	0	0	0	0
ore_ont_5080	OK	52	0	0	0	0	52	0	2770	76	76	0	0	0	0	19	1	12
ore_ont_5089	OK	41	23	0	0	0	18	0	117	3	3	0	0	0	0	0	0	1
ore_ont_508	OK	59	44	0	0	0	0	15	30	0	0	0	0	0	0	0	0	0
ore_ont_5090	OK	0	0	0	0	0	0	0	237	0	0	0	0	0	0	0	0	0
ore_ont_5059	OK	550	550	0	0	0	0	0	5169	0	0	0	0	0	0	0	0	0
ore_ont_5092	OK	73	73	0	0	0	0	0	4015	2	0	0	0	0	0	0	0	1
ore_ont_509	OK	43	43	0	0	0	0	0	2820	5	0	0	0	0	0	0	0	1
ore_ont_5107	OK	12	9	0	0	0	3	0	71	5	0	0	0	0	0	0	0	1
ore_ont_5115	OK	0	0	0	0	0	0	0	6587	0	0	0	0	0	0	0	0	0
ore_ont_4755	OK	0	0	0	0	0	0	0	54562	3608	0	3608	0	0	0	1	1	3608
ore_ont_5149	OK	0	0	0	0	0	0	0	692	0	0	0	0	0	0	0	0	0
ore_ont_5159	OK	81	81	0	0	0	0	0	106	0	0	0	0	0	0	0	0	0
ore_ont_5103	OK	535	5	0	0	0	245	285	408	0	0	0	0	0	0	0	0	0
ore_ont_5164	OK	176	176	0	0	0	0	0	0	0	0	0	0	0	0	0	0	0
ore_ont_5184	OK	38	38	0	0	0	0	0	265	6	0	4	0	0	0	1	0	2
ore_ont_5188	OK	0	0	0	0	0	0	0	17934	0	0	0	0	0	0	0	0	0
ore_ont_4952	OK	0	0	0	0	0	0	0	145685	219	0	219	0	0	0	41	12	30
ore_ont_5197	OK	0	0	0	0	0	0	0	4891	0	0	0	0	0	0	0	0	0
ore_ont_5204	OK	61	50	0	0	0	7	4	73	0	0	0	0	0	0	0	0	0
ore_ont_5205	OK	1	1	0	0	0	0	0	367	0	0	0	0	0	0	0	0	0
ore_ont_5206	OK	6	2	0	0	0	0	4	135	24	3	11	0	2	0	5	2	7
ore_ont_5213	OK	0	0	0	0	0	0	0	3577	0	0	0	0	0	0	0	0	0
ore_ont_5216	OK	0	0	0	0	0	0	0	725	0	0	0	0	0	0	0	0	0
ore_ont_5193	OK	0	0	0	0	0	0	0	9084	0	0	0	0	0	0	0	0	0
ore_ont_5220	OK	0	0	0	0	0	0	0	516	0	0	0	0	0	0	0	0	0
ore_ont_5241	OK	0	0	0	0	0	0	0	1342	0	0	0	0	0	0	0	0	0
ore_ont_524	OK	0	0	0	0	0	0	0	1691	0	0	0	0	0	0	0	0	0
ore_ont_5162	OK	105	11	0	0	0	94	0	160259	4201	1	4079	13	26	0	716	151	205
ore_ont_5255	OK	0	0	0	0	0	0	0	112	0	0	0	0	0	0	0	0	0
ore_ont_5258	OK	98	83	0	0	0	0	15	128	0	0	0	0	0	0	0	0	0
ore_ont_5260	OK	7	0	0	0	0	6	1	20433	2646	1	2629	0	2	0	471	118	124
ore_ont_5263	OK	129	129	0	0	0	0	0	0	0	0	0	0	0	0	0	0	0
ore_ont_5266	OK	0	0	0	0	0	0	0	2249	199	0	199	0	0	0	97	0	2
ore_ont_5141	OK	123	112	0	0	0	11	0	142603	11936	4951	9627	0	0	0	1617	587	202
ore_ont_5292	OK	18	8	0	0	0	0	10	22	0	0	0	0	0	0	0	0	0
ore_ont_5253	OK	1	1	0	0	0	0	0	14850	172	0	172	0	0	0	24	8	23
ore_ont_5298	OK	62	62	0	0	0	0	0	4611	2	0	0	0	0	0	0	0	1
ore_ont_5303	OK	9	0	0	0	0	6	3	244	19	0	14	0	0	0	2	1	10
ore_ont_5324	OK	0	0	0	0	0	0	0	516	0	0	0	0	0	0	0	0	0
ore_ont_5289	OK	36	36	0	0	0	0	0	113044	222	0	219	0	0	0	41	12	30
ore_ont_5359	OK	9	7	0	0	0	0	2	947	131	0	23	0	0	0	24	1	8
ore_ont_5295	OK	194	33	0	0	0	159	2	26657	296	296	0	0	0	0	44	10	30
ore_ont_5376	OK	0	0	0	0	0	0	0	1598	0	0	0	0	0	0	0	0	0
ore_ont_5398	OK	59	59	0	0	0	0	0	4624	2	0	0	0	0	0	0	0	1
ore_ont_5404	OK	44	37	0	0	0	0	7	152	0	0	0	0	0	0	0	0	0
ore_ont_5358	OK	0	0	0	0	0	0	0	61940	4145	0	4145	0	0	0	1	1	4145
ore_ont_541	OK	9	7	0	0	0	0	2	217	25	14	3	0	2	0	3	1	14
ore_ont_5438	OK	0	0	0	0	0	0	0	26529	3849	2	3764	0	0	0	563	149	211
ore_ont_5448	OK	73	73	0	0	0	0	0	4000	2	0	0	0	0	0	0	0	1
ore_ont_544	OK	0	0	0	0	0	0	0	3024	1512	0	1512	0	0	0	172	60	141
ore_ont_5462	OK	0	0	0	0	0	0	0	6176	3088	0	3088	0	0	0	68	20	893
ore_ont_5218	OK	40	39	0	0	0	1	0	130948	15928	6	15928	0	0	0	605	188	4704
ore_ont_5418	OK	0	0	0	0	0	0	0	68851	199	0	199	0	0	0	6	2	159
ore_ont_5485	OK	0	0	0	0	0	0	0	2502	71	0	71	0	0	0	21	1	12
ore_ont_5487	OK	0	0	0	0	0	0	0	19884	0	0	0	0	0	0	0	0	0
ore_ont_5492	OK	0	0	0	0	0	0	0	4454	0	0	0	0	0	0	0	0	0
ore_ont_5502	OK	174	171	0	0	0	3	0	3014	55	0	37	0	2	0	6	2	8
ore_ont_5507	OK	0	0	0	0	0	0	0	13730	0	0	0	0	0	0	0	0	0
ore_ont_5509	OK	0	0	0	0	0	0	0	301	0	0	0	0	0	0	0	0	0
ore_ont_5481	OK	0	0	0	0	0	0	0	25555	1543	0	1543	0	0	0	174	60	162
ore_ont_5539	OK	6	2	0	0	0	0	4	150	27	3	14	0	3	0	5	2	9
ore_ont_5543	OK	77	77	0	0	0	0	0	3975	2	0	0	0	0	0	0	0	1
ore_ont_4911	OK	1628	36	0	0	0	728	864	1195	3	0	0	0	0	0	0	0	1
ore_ont_5544	OK	29	28	0	0	0	0	1	160	0	0	0	0	0	0	0	0	0
ore_ont_5475	OK	0	0	0	0	0	0	0	69316	0	0	0	0	0	0	0	0	0
ore_ont_5550	OK	145	0	0	0	0	145	0	2455	196	196	0	0	0	0	40	10	28
ore_ont_5564	OK	24	24	0	0	0	0	0	493	1	0	0	0	0	0	0	0	1
ore_ont_5548	OK	452	47	0	0	0	0	405	250546	0	0	0	0	0	0	0	0	0
ore_ont_5572	OK	81	81	0	0	0	0	0	106	0	0	0	0	0	0	0	0	0
ore_ont_5549	OK	0	0	0	0	0	0	0	50898	0	0	0	0	0	0	0	0	0
ore_ont_5596	OK	34	33	0	0	0	0	1	199	0	0	0	0	0	0	0	0	0
ore_ont_5604	OK	4	3	0	0	0	1	0	465	4	0	4	0	0	0	1	0	2
ore_ont_5566	OK	0	0	0	0	0	0	0	197456	290	0	290	0	0	0	41	12	30
ore_ont_5617	OK	0	0	0	0	0	0	0	20754	2695	5	2678	0	0	0	474	121	124
ore_ont_5646	OK	0	0	0	0	0	0	0	132	0	0	0	0	0	0	0	0	0
ore_ont_5664	OK	362	64	0	0	0	298	0	5250	2	2	0	0	0	0	0	0	1
ore_ont_5665	OK	0	0	0	0	0	0	0	404	0	0	0	0	0	0	0	0	0
ore_ont_5669	OK	0	0	0	0	0	0	0	3233	224	0	224	0	0	0	42	13	30
ore_ont_566	OK	0	0	0	0	0	0	0	2411	0	0	0	0	0	0	0	0	0
ore_ont_5679	OK	0	0	0	0	0	0	0	320	0	0	0	0	0	0	0	0	0
ore_ont_5688	OK	129	27	0	0	0	102	0	1302	1	1	0	0	0	0	0	0	1
ore_ont_568	OK	82	38	0	0	0	31	13	231	9	9	0	0	0	0	1	0	4
ore_ont_5519	OK	0	0	0	0	0	0	0	167349	0	0	0	0	0	0	0	0	0
ore_ont_5690	OK	0	0	0	0	0	0	0	5641	0	0	0	0	0	0	0	0	0
ore_ont_5695	OK	641	5	0	0	0	290	346	442	0	0	0	0	0	0	0	0	0
ore_ont_5696	OK	0	0	0	0	0	0	0	258	0	0	0	0	0	0	0	0	0
ore_ont_5707	OK	141	140	0	0	0	0	1	1518	0	0	0	0	0	0	0	0	0
ore_ont_5721	OK	84	42	0	0	0	41	1	136	0	0	0	0	0	0	0	0	0
ore_ont_5730	OK	360	62	0	0	0	298	0	5253	2	2	0	0	0	0	0	0	1
ore_ont_5742	OK	0	0	0	0	0	0	0	98	0	0	0	0	0	0	0	0	0
ore_ont_5602	OK	0	0	0	0	0	0	0	65566	0	0	0	0	0	0	0	0	0
ore_ont_572	OK	69	64	0	0	0	0	5	274778	32	32	0	0	0	0	3	3	10
ore_ont_5612	OK	0	0	0	0	0	0	0	118046	0	0	0	0	0	0	0	0	0
ore_ont_5764	OK	65	65	0	0	0	0	0	1292	30	5	13	0	0	0	5	0	4
ore_ont_5755	OK	0	0	0	0	0	0	0	9627	0	0	0	0	0	0	0	0	0
ore_ont_5774	OK	15	15	0	0	0	0	0	105	0	0	0	0	0	0	0	0	0
ore_ont_5769	OK	886	4	0	0	0	881	1	1820	233	233	0	0	0	0	55	7	22
ore_ont_5792	OK	0	0	0	0	0	0	0	8926	0	0	0	0	0	0	0	0	0
ore_ont_580	OK	33	26	0	0	0	0	7	1	0	0	0	0	0	0	0	0	0
ore_ont_5815	OK	0	0	0	0	0	0	0	19884	0	0	0	0	0	0	0	0	0
ore_ont_5834	OK	18	16	0	0	0	0	2	357	86	8	0	0	46	0	10	3	31
ore_ont_5781	OK	0	0	0	0	0	0	0	9245	0	0	0	0	0	0	0	0	0
ore_ont_5840	OK	1274	0	0	0	0	1124	150	7452	1340	1340	0	0	0	0	186	71	106
ore_ont_5841	OK	255	255	0	0	0	0	0	8607	0	0	0	0	0	0	0	0	0
ore_ont_5852	OK	0	0	0	0	0	0	0	60	0	0	0	0	0	0	0	0	0
ore_ont_5760	OK	0	0	0	0	0	0	0	94683	0	0	0	0	0	0	0	0	0
ore_ont_586	OK	56	54	0	0	0	0	2	5922	0	0	0	0	0	0	0	0	0
ore_ont_5894	OK	43	43	0	0	0	0	0	2846	5	0	0	0	0	0	0	0	1
ore_ont_5849	OK	36	36	0	0	0	0	0	80363	222	0	219	0	0	0	41	12	30
ore_ont_589	OK	0	0	0	0	0	0	0	19382	0	0	0	0	0	0	0	0	0
ore_ont_5932	OK	1	1	0	0	0	0	0	187	0	0	0	0	0	0	0	0	0
ore_ont_5940	OK	0	0	0	0	0	0	0	1618	2	0	0	0	0	0	0	0	1
ore_ont_5943	OK	67	67	0	0	0	0	0	4589	2	0	0	0	0	0	0	0	1
ore_ont_5964	OK	47	46	0	0	0	1	0	1194	94	13	7	0	51	0	12	2	31
ore_ont_5965	OK	0	0	0	0	0	0	0	13730	0	0	0	0	0	0	0	0	0
ore_ont_5966	OK	3	3	0	0	0	0	0	322	0	0	0	0	0	0	0	0	0
ore_ont_5974	OK	0	0	0	0	0	0	0	13732	0	0	0	0	0	0	0	0	0
ore_ont_5978	OK	0	0	0	0	0	0	0	166	0	0	0	0	0	0	0	0	0
ore_ont_5983	OK	0	0	0	0	0	0	0	2725	0	0	0	0	0	0	0	0	0
ore_ont_6009	OK	0	0	0	0	0	0	0	15377	0	0	0	0	0	0	0	0	0
ore_ont_6020	OK	21	21	0	0	0	0	0	477	0	0	0	0	0	0	0	0	0
ore_ont_6024	OK	0	0	0	0	0	0	0	94	0	0	0	0	0	0	0	0	0
ore_ont_6035	OK	73	0	0	0	0	73	0	20622	2566	3	2566	0	0	0	73	30	775
ore_ont_6060	OK	63	63	0	0	0	0	0	4617	2	0	0	0	0	0	0	0	1
ore_ont_6065	OK	0	0	0	0	0	0	0	5751	0	0	0	0	0	0	0	0	0
ore_ont_5927	OK	0	0	0	0	0	0	0	121708	0	0	0	0	0	0	0	0	0
ore_ont_6067	OK	1	1	0	0	0	0	0	679	23	0	23	0	0	0	5	1	9
ore_ont_6076	OK	73	0	0	0	0	73	0	20680	2574	3	2574	0	0	0	73	30	777
ore_ont_6102	OK	457	4	0	0	0	452	1	939	133	133	0	0	0	0	25	6	12
ore_ont_6109	OK	0	0	0	0	0	0	0	12163	0	0	0	0	0	0	0	0	0
ore_ont_6111	OK	103	83	0	0	0	20	0	7018	79	11	43	0	4	0	10	2	25
ore_ont_6108	OK	6	6	0	0	0	0	0	35982	106	0	106	0	0	0	10	5	34
ore_ont_6120	OK	0	0	0	0	0	0	0	32289	0	0	0	0	0	0	0	0	0
ore_ont_6134	OK	9	8	0	0	0	1	0	3464	0	0	0	0	0	0	0	0	0
ore_ont_6146	OK	0	0	0	0	0	0	0	2524	218	0	218	0	0	0	41	12	29
ore_ont_6149	OK	43	43	0	0	0	0	0	1787	0	0	0	0	0	0	0	0	0
ore_ont_6198	OK	0	0	0	0	0	0	0	11300	2830	0	2830	0	0	0	5	1	2811
ore_ont_6202	OK	0	0	0	0	0	0	0	6589	0	0	0	0	0	0	0	0	0
ore_ont_6207	OK	0	0	0	0	0	0	0	277	0	0	0	0	0	0	0	0	0
ore_ont_6132	OK	114	110	0	0	0	0	4	388514	13	0	4	0	0	0	0	0	1
ore_ont_6223	OK	0	0	0	0	0	0	0	68453	0	0	0	0	0	0	0	0	0
ore_ont_6226	OK	23	21	0	0	0	1	1	227	13	13	0	0	0	0	1	0	2
ore_ont_6230	OK	0	0	0	0	0	0	0	12112	0	0	0	0	0	0	0	0	0
ore_ont_5857	OK	0	0	0	0	0	0	0	137521	2628	0	2590	0	0	0	17	13	769
ore_ont_6234	OK	0	0	0	0	0	0	0	6426	357	0	357	0	0	0	32	11	88
ore_ont_6246	OK	39	39	0	0	0	0	0	116	12	0	5	0	6	0	2	1	8
ore_ont_6258	OK	39	39	0	0	0	0	0	430	7	0	4	0	0	0	1	0	2
ore_ont_6260	OK	81	81	0	0	0	0	0	106	0	0	0	0	0	0	0	0	0
ore_ont_6266	OK	77	77	0	0	0	0	0	4007	2	0	0	0	0	0	0	0	1
ore_ont_6272	OK	13	12	0	0	0	0	1	223	61	8	0	0	46	0	9	2	31
ore_ont_6278	OK	32	32	0	0	0	0	0	601	1	0	0	0	0	0	0	0	1
ore_ont_6298	OK	310	308	0	0	0	0	2	261	0	0	0	0	0	0	0	0	0
ore_ont_630	OK	0	0	0	0	0	0	0	607	0	0	0	0	0	0	0	0	0
ore_ont_6310	OK	6	0	0	0	0	0	6	32911	0	0	0	0	0	0	0	0	0
ore_ont_6315	OK	0	0	0	0	0	0	0	98653	9106	3	9105	0	0	0	323	59	7292
ore_ont_6333	OK	9	7	0	0	0	1	1	268	64	0	34	0	26	0	7	3	20
ore_ont_6338	OK	98	98	0	0	0	0	0	0	0	0	0	0	0	0	0	0	0
ore_ont_6354	OK	73	73	0	0	0	0	0	4258	0	0	0	0	0	0	0	0	0
ore_ont_6358	OK	0	0	0	0	0	0	0	13679	0	0	0	0	0	0	0	0	0
ore_ont_6368	OK	0	0	0	0	0	0	0	369	0	0	0	0	0	0	0	0	0
ore_ont_6378	OK	0	0	0	0	0	0	0	337	0	0	0	0	0	0	0	0	0
ore_ont_637	OK	1	0	0	0	0	1	0	793	1	1	0	0	0	0	0	0	1
ore_ont_6401	OK	141	88	0	0	0	53	0	662	32	32	0	0	0	0	2	0	3
ore_ont_6409	OK	0	0	0	0	0	0	0	2249	199	0	199	0	0	0	97	0	2
ore_ont_6417	OK	148	148	0	0	0	0	0	0	0	0	0	0	0	0	0	0	0
ore_ont_6423	OK	3	0	0	0	0	3	0	5215	139	2	133	0	0	0	13	3	10
ore_ont_6433	OK	0	0	0	0	0	0	0	16382	0	0	0	0	0	0	0	0	0
ore_ont_6437	OK	127	126	0	0	0	0	1	2356	18	0	4	0	0	0	1	0	4
ore_ont_6443	OK	63	63	0	0	0	0	0	5044	0	0	0	0	0	0	0	0	0
ore_ont_6444	OK	504	5	0	0	0	225	274	356	0	0	0	0	0	0	0	0	0
ore_ont_6446	OK	63	61	0	0	0	1	1	46547	0	0	0	0	0	0	0	0	0
ore_ont_644	OK	0	0	0	0	0	0	0	3233	224	0	224	0	0	0	42	13	30
ore_ont_6452	OK	320	74	0	0	0	246	0	4435	2	2	0	0	0	0	0	0	1
ore_ont_6453	OK	0	0	0	0	0	0	0	13730	0	0	0	0	0	0	0	0	0
ore_ont_6461	OK	0	0	0	0	0	0	0	135	0	0	0	0	0	0	0	0	0
ore_ont_6469	OK	73	73	0	0	0	0	0	3991	2	0	0	0	0	0	0	0	1
ore_ont_6470	OK	81	81	0	0	0	0	0	106	0	0	0	0	0	0	0	0	0
ore_ont_6233	OK	0	0	0	0	0	0	0	193632	0	0	0	0	0	0	0	0	0
ore_ont_6478	OK	0	0	0	0	0	0	0	11056	0	0	0	0	0	0	0	0	0
ore_ont_6483	OK	61	61	0	0	0	0	0	5038	0	0	0	0	0	0	0	0	0
ore_ont_6485	OK	7	7	0	0	0	0	0	251	52	0	38	2	9	0	7	4	18
ore_ont_6495	OK	70	70	0	0	0	0	0	69	3	0	1	0	0	0	1	0	2
ore_ont_6504	OK	63	63	0	0	0	0	0	4589	2	0	0	0	0	0	0	0	1
ore_ont_6535	OK	73	73	0	0	0	0	0	4277	2	0	0	0	0	0	0	0	1
ore_ont_6542	OK	0	0	0	0	0	0	0	945	0	0	0	0	0	0	0	0	0
ore_ont_6566	OK	0	0	0	0	0	0	0	3306	0	0	0	0	0	0	0	0	0
ore_ont_6589	OK	116	116	0	0	0	0	0	61	0	0	0	0	0	0	0	0	0
ore_ont_6608	OK	12	12	0	0	0	0	0	25383	2110	0	2110	0	0	0	325	187	149
ore_ont_6615	OK	96	81	0	0	0	1	14	158	7	0	0	0	2	0	2	0	3
ore_ont_6617	OK	81	81	0	0	0	0	0	106	0	0	0	0	0	0	0	0	0
ore_ont_6622	OK	0	0	0	0	0	0	0	26817	0	0	0	0	0	0	0	0	0
ore_ont_6477	OK	0	0	0	0	0	0	0	218557	0	0	0	0	0	0	0	0	0
ore_ont_6635	OK	42	42	0	0	0	0	0	73	0	0	0	0	0	0	0	0	0
ore_ont_6659	OK	13543	0	0	0	0	13543	0	21843	74	74	0	0	0	0	1	1	74
ore_ont_6212	OK	0	0	0	0	0	0	0	772142	0	0	0	0	0	0	0	0	0
ore_ont_6627	OK	12	12	0	0	0	0	0	83067	4420	0	4406	0	0	0	566	137	499
ore_ont_6664	OK	0	0	0	0	0	0	0	70136	0	0	0	0	0	0	0	0	0
ore_ont_6696	OK	0	0	0	0	0	0	0	884	442	0	442	0	0	0	92	8	8
ore_ont_670	OK	0	0	0	0	0	0	0	2325	0	0	0	0	0	0	0	0	0
ore_ont_6712	OK	103	103	0	0	0	0	0	70883	4514	874	3710	0	0	0	638	243	84
ore_ont_6720	OK	0	0	0	0	0	0	0	331	0	0	0	0	0	0	0	0	0
ore_ont_6722	OK	193	33	0	0	0	158	2	113140	224	224	0	0	0	0	44	10	30
ore_ont_6682	OK	131	91	0	0	0	40	0	169830	13128	5178	10667	0	0	0	1685	615	279
ore_ont_6727	OK	46	46	0	0	0	0	0	3073	5	0	0	0	0	0	0	0	1
ore_ont_6729	OK	62	62	0	0	0	0	0	4589	2	0	0	0	0	0	0	0	1
ore_ont_6735	OK	0	0	0	0	0	0	0	213	0	0	0	0	0	0	0	0	0
ore_ont_6737	OK	0	0	0	0	0	0	0	4402	0	0	0	0	0	0	0	0	0
ore_ont_6751	OK	0	0	0	0	0	0	0	11879	0	0	0	0	0	0	0	0	0
ore_ont_6765	OK	73	73	0	0	0	0	0	3980	2	0	0	0	0	0	0	0	1
ore_ont_6792	OK	77	8	0	0	0	66	3	751	36	36	0	0	0	0	9	1	7
ore_ont_6796	OK	0	0	0	0	0	0	0	275	0	0	0	0	0	0	0	0	0
ore_ont_6726	OK	0	0	0	0	0	0	0	85793	0	0	0	0	0	0	0	0	0
ore_ont_6812	OK	0	0	0	0	0	0	0	98	0	0	0	0	0	0	0	0	0
ore_ont_6815	OK	73	73	0	0	0	0	0	3980	2	0	0	0	0	0	0	0	1
ore_ont_6800	OK	1	1	0	0	0	0	0	15352	0	0	0	0	0	0	0	0	0
ore_ont_6817	OK	16	0	0	0	0	0	16	855	0	0	0	0	0	0	0	0	0
ore_ont_6822	OK	108	107	0	0	0	1	0	3359	138	0	0	0	0	0	0	0	1
ore_ont_6816	OK	0	0	0	0	0	0	0	41180	0	0	0	0	0	0	0	0	0
ore_ont_6833	OK	5	4	0	0	0	0	1	3247	0	0	0	0	0	0	0	0	0
ore_ont_6847	OK	61	61	0	0	0	0	0	4589	2	0	0	0	0	0	0	0	1
ore_ont_6855	OK	67	65	0	0	0	0	2	148	0	0	0	0	0	0	0	0	0
ore_ont_6857	OK	31	31	0	0	0	0	0	557	1	0	0	0	0	0	0	0	1
ore_ont_6859	OK	4	2	0	0	0	0	2	159	0	0	0	0	0	0	0	0	0
ore_ont_6862	OK	0	0	0	0	0	0	0	13000	0	0	0	0	0	0	0	0	0
ore_ont_6869	OK	0	0	0	0	0	0	0	13003	0	0	0	0	0	0	0	0	0
ore_ont_6870	OK	0	0	0	0	0	0	0	15384	0	0	0	0	0	0	0	0	0
ore_ont_6889	OK	0	0	0	0	0	0	0	499	0	0	0	0	0	0	0	0	0
ore_ont_6892	OK	73	73	0	0	0	0	0	4244	2	0	0	0	0	0	0	0	1
ore_ont_6835	OK	487	4	0	0	0	482	1	989	151	151	0	0	0	0	38	7	8
ore_ont_6905	OK	0	0	0	0	0	0	0	4873	0	0	0	0	0	0	0	0	0
ore_ont_6910	OK	3800	6	0	0	0	3065	729	15669	0	0	0	0	0	0	0	0	0
ore_ont_6923	OK	52	52	0	0	0	0	0	1455	23	5	13	0	0	0	5	0	4
ore_ont_6934	OK	7	5	0	0	0	2	0	1734	9	0	2	0	2	0	2	0	3
ore_ont_6939	OK	0	0	0	0	0	0	0	1832	0	0	0	0	0	0	0	0	0
ore_ont_668	OK	412	390	0	0	0	21	1	1061685	33	0	0	0	0	0	0	0	1
ore_ont_6896	OK	0	0	0	0	0	0	0	175382	219	0	219	0	0	0	41	12	30
ore_ont_6951	OK	167	167	0	0	0	0	0	28859	0	0	0	0	0	0	0	0	0
ore_ont_6967	OK	10	9	0	0	0	1	0	1553	46	0	14	0	1	24	8	4	11
ore_ont_6981	OK	31	4	0	0	0	0	27	335	0	0	0	0	0	0	0	0	0
ore_ont_6983	OK	24	24	0	0	0	0	0	439	1	0	0	0	0	0	0	0	1
ore_ont_6999	OK	410	319	0	0	0	0	91	189	25	0	0	0	0	0	0	0	1
ore_ont_699	OK	606	599	0	0	0	0	7	10238	22	7	1	0	4	0	3	0	4
ore_ont_7003	OK	83	83	0	0	0	0	0	0	0	0	0	0	0	0	0	0	0
ore_ont_7007	OK	68	67	0	0	0	0	1	10275	36	0	19	0	5	5	6	6	5
ore_ont_7011	OK	13	13	0	0	0	0	0	485	78	9	0	0	46	0	9	2	31
ore_ont_7014	OK	63	63	0	0	0	0	0	4603	2	0	0	0	0	0	0	0	1
ore_ont_7015	OK	0	0	0	0	0	0	0	2541	57	0	57	0	0	0	6	2	30
ore_ont_7025	OK	59	59	0	0	0	0	0	4603	2	0	0	0	0	0	0	0	1
ore_ont_703	OK	0	0	0	0	0	0	0	560	23	0	23	0	0	0	5	1	9
ore_ont_7052	OK	69	67	0	0	0	0	2	59049	1	0	0	0	0	0	0	0	1
ore_ont_7073	OK	96	96	0	0	0	0	0	0	0	0	0	0	0	0	0	0	0
ore_ont_7079	OK	63	63	0	0	0	0	0	4638	2	0	0	0	0	0	0	0	1
ore_ont_7084	OK	74	74	0	0	0	0	0	4043	2	0	0	0	0	0	0	0	1
ore_ont_7102	OK	74	74	0	0	0	0	0	3985	2	0	0	0	0	0	0	0	1
ore_ont_7108	OK	44	44	0	0	0	0	0	3224	5	0	0	0	0	0	0	0	1
ore_ont_6952	OK	2	0	0	0	0	2	0	116576	30361	2	30331	2	0	0	3300	59	676
ore_ont_7120	OK	0	0	0	0	0	0	0	3038	0	0	0	0	0	0	0	0	0
ore_ont_7111	OK	0	0	0	0	0	0	0	79862	4397	1	4311	0	0	0	622	158	300
ore_ont_714	OK	56	48	0	0	0	0	8	61	1	0	1	0	0	0	0	0	1
ore_ont_7169	OK	0	0	0	0	0	0	0	1267	0	0	0	0	0	0	0	0	0
ore_ont_7174	OK	9	9	0	0	0	0	0	19438	0	0	0	0	0	0	0	0	0
ore_ont_7178	OK	0	0	0	0	0	0	0	16004	0	0	0	0	0	0	0	0	0
ore_ont_7179	OK	8	2	0	0	0	2	4	207	10	0	2	0	2	0	2	0	3
ore_ont_7180	OK	0	0	0	0	0	0	0	3228	0	0	0	0	0	0	0	0	0
ore_ont_7188	OK	0	0	0	0	0	0	0	3801	1	1	1	0	0	0	0	0	1
ore_ont_7127	OK	1639	5	0	0	0	0	1634	130819	11598	0	11598	0	0	0	284	60	6102
ore_ont_7195	OK	0	0	0	0	0	0	0	5310	0	0	0	0	0	0	0	0	0
ore_ont_7203	OK	7	6	0	0	0	0	1	8930	142	0	126	0	0	0	4	3	114
ore_ont_7204	OK	0	0	0	0	0	0	0	36867	6171	0	6159	0	0	0	569	48	663
ore_ont_7216	OK	630	11	0	0	0	619	0	1252	0	0	0	0	0	0	0	0	0
ore_ont_7218	OK	0	0	0	0	0	0	0	10042	0	0	0	0	0	0	0	0	0
ore_ont_7220	OK	0	0	0	0	0	0	0	1175	0	0	0	0	0	0	0	0	0
ore_ont_7226	OK	91	16	0	0	0	75	0	187	0	0	0	0	0	0	0	0	0
ore_ont_7234	OK	0	0	0	0	0	0	0	19198	0	0	0	0	0	0	0	0	0
ore_ont_7237	OK	59	59	0	0	0	0	0	4603	2	0	0	0	0	0	0	0	1
ore_ont_7246	OK	0	0	0	0	0	0	0	415424	0	0	0	0	0	0	0	0	0
ore_ont_7251	OK	0	0	0	0	0	0	0	8410	0	0	0	0	0	0	0	0	0
ore_ont_7256	OK	0	0	0	0	0	0	0	37681	0	0	0	0	0	0	0	0	0
ore_ont_725	OK	0	0	0	0	0	0	0	2433	0	0	0	0	0	0	0	0	0
ore_ont_7270	OK	28	23	0	0	0	3	2	65	3	3	0	0	0	0	0	0	1
ore_ont_7275	OK	0	0	0	0	0	0	0	12116	0	0	0	0	0	0	0	0	0
ore_ont_7278	OK	22	20	0	0	0	0	2	175	0	0	0	0	0	0	0	0	0
ore_ont_727	OK	0	0	0	0	0	0	0	1684	0	0	0	0	0	0	0	0	0
ore_ont_6948	OK	0	0	0	0	0	0	0	560340	0	0	0	0	0	0	0	0	0
ore_ont_7320	OK	60	60	0	0	0	0	0	4589	2	0	0	0	0	0	0	0	1
ore_ont_7327	OK	27	27	0	0	0	0	0	1347	1	0	0	0	0	0	0	0	1
ore_ont_7339	OK	171	171	0	0	0	0	0	221	20	0	0	0	0	0	0	0	1
ore_ont_7300	OK	0	0	0	0	0	0	0	48148	0	0	0	0	0	0	0	0	0
ore_ont_7342	OK	9	5	0	0	0	0	4	733	5	0	0	0	5	0	1	1	5
ore_ont_7343	OK	0	0	0	0	0	0	0	157488	0	0	0	0	0	0	0	0	0
ore_ont_7345	OK	194	194	0	0	0	0	0	2064	0	0	0	0	0	0	0	0	0
ore_ont_7356	OK	0	0	0	0	0	0	0	10918	0	0	0	0	0	0	0	0	0
ore_ont_5368	OK	34	34	0	0	0	0	0	18620251	0	0	0	0	0	0	0	0	0
ore_ont_7364	OK	0	0	0	0	0	0	0	2486	0	0	0	0	0	0	0	0	0
ore_ont_7340	OK	0	0	0	0	0	0	0	228744	275	0	275	0	0	0	0	0	1
ore_ont_7361	OK	339	337	0	0	0	2	0	45497	9966	0	7656	0	2310	0	1168	351	506
ore_ont_7373	OK	0	0	0	0	0	0	0	521	0	0	0	0	0	0	0	0	0
ore_ont_7372	OK	0	0	0	0	0	0	0	2235	58	0	58	0	0	0	18	1	12
ore_ont_7394	OK	0	0	0	0	0	0	0	249	0	0	0	0	0	0	0	0	0
ore_ont_7399	OK	76	76	0	0	0	0	0	3975	2	0	0	0	0	0	0	0	1
ore_ont_7389	OK	474	4	0	0	0	469	1	973	142	142	0	0	0	0	34	7	10
ore_ont_7401	OK	0	0	0	0	0	0	0	23795	72	0	72	0	0	0	0	0	1
ore_ont_7416	OK	1	1	0	0	0	0	0	34737	501	0	501	0	0	0	29	21	149
ore_ont_7417	OK	16	16	0	0	0	0	0	132	0	0	0	0	0	0	0	0	0
ore_ont_7418	OK	182	182	0	0	0	0	0	0	0	0	0	0	0	0	0	0	0
ore_ont_7439	OK	0	0	0	0	0	0	0	12347	0	0	0	0	0	0	0	0	0
ore_ont_5753	OK	87	71	0	0	3	11	2	1734	5	0	0	0	0	0	0	0	1
ore_ont_7464	OK	40	40	0	0	0	0	0	67	0	0	0	0	0	0	0	0	0
ore_ont_7474	OK	74	74	0	0	0	0	0	3980	2	0	0	0	0	0	0	0	1
ore_ont_7479	OK	324	74	0	0	0	250	0	4473	2	2	0	0	0	0	0	0	1
ore_ont_7482	OK	0	0	0	0	0	0	0	115	0	0	0	0	0	0	0	0	0
ore_ont_7483	OK	0	0	0	0	0	0	0	2260	0	0	0	0	0	0	0	0	0
ore_ont_7488	OK	0	0	0	0	0	0	0	2282	0	0	0	0	0	0	0	0	0
ore_ont_7455	OK	193	33	0	0	0	158	2	61085	224	224	0	0	0	0	44	10	30
ore_ont_7370	OK	0	0	0	0	0	0	0	252124	494	0	494	0	0	0	41	12	30
ore_ont_7499	OK	14	13	0	0	0	1	0	12179	534	24	297	1	206	0	36	14	183
ore_ont_7409	OK	36	36	0	0	0	0	0	219866	222	0	219	0	0	0	41	12	30
ore_ont_7517	OK	23	11	0	0	0	11	1	126	19	2	7	0	0	9	7	0	3
ore_ont_7493	OK	0	0	0	0	0	0	0	38639	0	0	0	0	0	0	0	0	0
ore_ont_7525	OK	53	53	0	0	0	0	0	230	12	0	0	0	0	0	0	0	1
ore_ont_7532	OK	254	47	0	0	0	204	3	2675	62	3	36	0	0	0	13	1	5
ore_ont_7536	OK	0	0	0	0	0	0	0	21721	0	0	0	0	0	0	0	0	0
ore_ont_7537	OK	61	61	0	0	0	0	0	4603	2	0	0	0	0	0	0	0	1
ore_ont_7540	OK	0	0	0	0	0	0	0	54710	0	0	0	0	0	0	0	0	0
ore_ont_7496	OK	0	0	0	0	0	0	0	43106	0	0	0	0	0	0	0	0	0
ore_ont_751	OK	0	0	0	0	0	0	0	68463	0	0	0	0	0	0	0	0	0
ore_ont_7569	OK	64	64	0	0	0	0	0	4634	2	0	0	0	0	0	0	0	1
ore_ont_7576	OK	0	0	0	0	0	0	0	422	0	0	0	0	0	0	0	0	0
ore_ont_7567	OK	0	0	0	0	0	0	0	175366	219	0	219	0	0	0	41	12	30
ore_ont_7557	OK	36	36	0	0	0	0	0	26489	294	0	291	0	0	0	41	12	30
ore_ont_7584	OK	263	261	0	0	0	0	2	191	0	0	0	0	0	0	0	0	0
ore_ont_7507	OK	0	0	0	0	0	0	0	463672	0	0	0	0	0	0	0	0	0
ore_ont_7608	OK	0	0	0	0	0	0	0	15078	0	0	0	0	0	0	0	0	0
ore_ont_7610	OK	35	25	0	0	0	0	10	2641	10	0	0	0	0	0	4	0	3
ore_ont_7581	OK	38135	6	0	0	0	36494	1635	185578	7515	0	7515	0	0	0	268	47	6102
ore_ont_7639	OK	46	41	0	0	0	0	5	31	0	0	0	0	0	0	0	0	0
ore_ont_7607	OK	40	40	0	0	0	0	0	9515	0	0	0	0	0	0	0	0	0
ore_ont_7663	OK	0	0	0	0	0	0	0	297	0	0	0	0	0	0	0	0	0
ore_ont_7668	OK	13	12	0	0	0	0	1	213	55	8	0	0	46	0	8	2	30
ore_ont_766	OK	11	10	0	0	0	0	1	732	0	0	0	0	0	0	0	0	0
ore_ont_7680	OK	0	0	0	0	0	0	0	3613	0	0	0	0	0	0	0	0	0
ore_ont_7706	OK	11	11	0	0	0	0	0	18565	437	0	437	0	0	0	113	6	85
ore_ont_770	OK	59	59	0	0	0	0	0	4603	2	0	0	0	0	0	0	0	1
ore_ont_7712	OK	7	0	0	0	0	6	1	20421	2643	1	2626	0	2	0	470	117	124
ore_ont_7716	OK	0	0	0	0	0	0	0	25634	0	0	0	0	0	0	0	0	0
ore_ont_7726	OK	0	0	0	0	0	0	0	13494	0	0	0	0	0	0	0	0	0
ore_ont_7578	OK	0	0	0	0	0	0	0	69314	0	0	0	0	0	0	0	0	0
ore_ont_762	OK	831	0	0	0	0	831	0	222503	30509	30509	0	0	0	0	213	59	19185
ore_ont_7730	OK	87	79	0	0	0	1	7	164	0	0	0	0	0	0	0	0	0
ore_ont_7192	OK	36	36	0	0	0	0	0	258756	294	0	291	0	0	0	41	12	30
ore_ont_7743	OK	11	11	0	0	0	0	0	3300	193	0	193	0	0	0	94	0	2
ore_ont_7758	OK	70	70	0	0	0	0	0	3980	2	0	0	0	0	0	0	0	1
ore_ont_773	OK	0	0	0	0	0	0	0	9243	0	0	0	0	0	0	0	0	0
ore_ont_7775	OK	253	0	0	0	0	253	0	2894	3	0	3	0	0	0	1	0	3
ore_ont_7776	OK	0	0	0	0	0	0	0	2449	0	0	0	0	0	0	0	0	0
ore_ont_7789	OK	42	42	0	0	0	0	0	72	9	4	5	0	0	0	3	0	3
ore_ont_778	OK	16	10	0	0	0	4	2	287	32	0	12	0	10	0	8	1	6
ore_ont_7778	OK	7	7	0	0	0	0	0	2185	0	0	0	0	0	0	0	0	0
ore_ont_7800	OK	36	36	0	0	0	0	0	48	0	0	0	0	0	0	0	0	0
ore_ont_7817	OK	43	43	0	0	0	0	0	3073	5	0	0	0	0	0	0	0	1
ore_ont_7818	OK	312	311	0	0	0	0	1	2122	2	0	0	0	0	0	0	0	1
ore_ont_7820	OK	90	77	0	0	0	1	12	150	7	0	0	0	2	0	2	0	3
ore_ont_7728	OK	0	0	0	0	0	0	0	142154	219	0	219	0	0	0	41	12	30
ore_ont_7828	OK	37	37	0	0	0	0	0	989	24	5	13	0	0	0	5	0	4
ore_ont_7823	OK	0	0	0	0	0	0	0	14547	0	0	0	0	0	0	0	0	0
ore_ont_7833	OK	0	0	0	0	0	0	0	1882	941	0	941	0	0	0	65	26	178
ore_ont_7839	OK	43	34	0	0	0	0	9	22	0	0	0	0	0	0	0	0	0
ore_ont_7831	OK	0	0	0	0	0	0	0	26527	0	0	0	0	0	0	0	0	0
ore_ont_7858	OK	0	0	0	0	0	0	0	8339	0	0	0	0	0	0	0	0	0
ore_ont_786	OK	60	59	0	0	0	1	0	18128	3613	0	3397	0	216	0	396	142	397
ore_ont_7877	OK	90	27	0	0	0	63	0	1252	43	0	1	0	0	0	0	0	1
ore_ont_7890	OK	266	0	0	0	0	0	266	298	0	0	0	0	0	0	0	0	0
ore_ont_7893	OK	165	29	0	0	0	136	0	1396	42	0	0	0	0	0	0	0	1
ore_ont_7894	OK	0	0	0	0	0	0	0	368	0	0	0	0	0	0	0	0	0
ore_ont_7901	OK	82	82	0	0	0	0	0	297	0	0	0	0	0	0	0	0	0
ore_ont_7803	OK	1	1	0	0	0	0	0	38055	659	0	659	0	0	0	59	23	115
ore_ont_7914	OK	1	1	0	0	0	0	0	38133	2764	0	2750	0	0	0	389	112	175
ore_ont_7868	OK	10316	4	0	0	0	10311	1	134619	11598	11598	0	0	0	0	233	69	6102
ore_ont_7938	OK	0	0	0	0	0	0	0	2321	0	0	0	0	0	0	0	0	0
ore_ont_7729	OK	36	36	0	0	0	0	0	325542	222	0	219	0	0	0	41	12	30
ore_ont_7926	OK	0	0	0	0	0	0	0	14869	0	0	0	0	0	0	0	0	0
ore_ont_7944	OK	59	59	0	0	0	0	0	4616	2	0	0	0	0	0	0	0	1
ore_ont_7962	OK	72	72	0	0	0	0	0	92	0	0	0	0	0	0	0	0	0
ore_ont_7969	OK	0	0	0	0	0	0	0	98	0	0	0	0	0	0	0	0	0
ore_ont_7988	OK	78	77	0	0	0	0	1	743	1	0	0	0	0	0	0	0	1
ore_ont_7956	OK	1639	5	0	0	0	0	1634	82181	7515	0	7515	0	0	0	268	47	6102
ore_ont_7995	OK	0	0	0	0	0	0	0	504	0	0	0	0	0	0	0	0	0
ore_ont_8006	OK	26	26	0	0	0	0	0	1260	1	0	0	0	0	0	0	0	1
ore_ont_8019	OK	35	35	0	0	0	0	0	1126	1	0	0	0	0	0	0	0	1
ore_ont_8021	OK	0	0	0	0	0	0	0	846	0	0	0	0	0	0	0	0	0
ore_ont_802	OK	89	82	0	0	0	6	1	1486	0	0	0	0	0	0	0	0	0
ore_ont_8030	OK	32	32	0	0	0	0	0	842	1	0	0	0	0	0	0	0	1
ore_ont_8042	OK	18	16	0	0	0	0	2	357	86	8	0	0	46	0	10	3	31
ore_ont_8047	OK	163	43	0	0	0	0	120	0	0	0	0	0	0	0	0	0	0
ore_ont_8050	OK	271	271	0	0	0	0	0	328	0	0	0	0	0	0	0	0	0
ore_ont_795	OK	8134	0	0	0	0	8134	0	98464	9163	9163	0	0	0	0	269	71	7348
ore_ont_8090	OK	0	0	0	0	0	0	0	4408	0	0	0	0	0	0	0	0	0
ore_ont_8094	OK	45	38	0	0	0	5	2	90	4	0	3	0	0	0	1	0	3
ore_ont_8119	OK	94	90	0	0	0	0	4	153	0	0	0	0	0	0	0	0	0
ore_ont_8128	OK	118	116	0	0	0	0	2	33	0	0	0	0	0	0	0	0	0
ore_ont_8135	OK	0	0	0	0	0	0	0	1626	0	0	0	0	0	0	0	0	0
ore_ont_8141	OK	9	7	0	0	0	0	2	947	131	0	23	0	0	0	24	1	8
ore_ont_8142	OK	202	188	0	0	0	1	13	567	21	0	1	0	18	0	1	1	19
ore_ont_7908	OK	0	0	0	0	0	0	0	248553	493	0	493	0	0	0	41	12	30
ore_ont_8148	OK	398	391	0	0	0	0	7	7124	24	2	1	0	3	0	1	0	2
ore_ont_8166	OK	91	48	0	0	0	0	43	145	0	0	0	0	0	0	0	0	0
ore_ont_8169	OK	0	0	0	0	0	0	0	154	0	0	0	0	0	0	0	0	0
ore_ont_8171	OK	77	77	0	0	0	0	0	3975	2	0	0	0	0	0	0	0	1
ore_ont_8175	OK	0	0	0	0	0	0	0	1687	0	0	0	0	0	0	0	0	0
ore_ont_8187	OK	0	0	0	0	0	0	0	1488	0	0	0	0	0	0	0	0	0
ore_ont_8189	OK	0	0	0	0	0	0	0	635	0	0	0	0	0	0	0	0	0
ore_ont_7993	OK	0	0	0	0	0	0	0	78497	0	0	0	0	0	0	0	0	0
ore_ont_8203	OK	0	0	0	0	0	0	0	3775	0	0	0	0	0	0	0	0	0
ore_ont_8226	OK	1	0	0	0	0	1	0	129	1	0	1	0	0	0	0	0	1
ore_ont_8250	OK	315	313	0	0	0	0	2	1106	31	0	1	1	6	0	7	1	10
ore_ont_8273	OK	341	334	0	0	0	2	5	765	33	0	7	0	0	0	0	0	1
ore_ont_8280	OK	6	2	0	0	0	0	4	145	25	2	12	0	3	0	4	2	8
ore_ont_8068	OK	0	0	0	0	0	0	0	43100	102	0	102	0	0	0	1	1	102
ore_ont_8290	OK	48	0	0	0	0	0	48	3400	0	0	0	0	0	0	0	0	0
ore_ont_8286	OK	73	73	0	0	0	0	0	3980	2	0	0	0	0	0	0	0	1
ore_ont_8294	OK	31	29	0	0	0	0	2	3598	215	0	193	0	0	0	94	0	2
ore_ont_8298	OK	0	0	0	0	0	0	0	3058	0	0	0	0	0	0	0	0	0
ore_ont_8326	OK	77	77	0	0	0	0	0	3970	2	0	0	0	0	0	0	0	1
ore_ont_8322	OK	78	78	0	0	0	0	0	4058	2	0	0	0	0	0	0	0	1
ore_ont_8327	OK	0	0	0	0	0	0	0	712	0	0	0	0	0	0	0	0	0
ore_ont_8335	OK	0	0	0	0	0	0	0	132	0	0	0	0	0	0	0	0	0
ore_ont_8329	OK	0	0	0	0	0	0	0	10042	0	0	0	0	0	0	0	0	0
ore_ont_8145	OK	0	0	0	0	0	0	0	167961	0	0	0	0	0	0	0	0	0
ore_ont_8355	OK	68	68	0	0	0	0	0	98	0	0	0	0	0	0	0	0	0
ore_ont_8362	OK	77	65	0	0	0	11	1	178	0	0	0	0	0	0	0	0	0
ore_ont_8369	OK	126	126	0	0	0	0	0	0	0	0	0	0	0	0	0	0	0
ore_ont_8347	OK	0	0	0	0	0	0	0	12345	0	0	0	0	0	0	0	0	0
ore_ont_8359	OK	73	73	0	0	0	0	0	3980	2	0	0	0	0	0	0	0	1
ore_ont_8387	OK	16	16	0	0	0	0	0	222	52	25	8	0	5	0	10	3	11
ore_ont_8396	OK	0	0	0	0	0	0	0	1162	581	1	581	0	0	0	49	18	102
ore_ont_8399	OK	0	0	0	0	0	0	0	1195	34	0	0	0	0	0	0	0	1
ore_ont_8377	OK	0	0	0	0	0	0	0	11177	0	0	0	0	0	0	0	0	0
ore_ont_8417	OK	61	61	0	0	0	0	0	4630	2	0	0	0	0	0	0	0	1
ore_ont_8429	OK	36	36	0	0	0	0	0	1027	23	5	13	0	0	0	5	0	4
ore_ont_8431	OK	77	77	0	0	0	0	0	3994	2	0	0	0	0	0	0	0	1
ore_ont_8388	OK	0	0	0	0	0	0	0	43904	6584	0	6569	0	0	0	581	49	671
ore_ont_840	OK	0	0	0	0	0	0	0	48014	0	0	0	0	0	0	0	0	0
ore_ont_8441	OK	9	9	0	0	0	0	0	19438	0	0	0	0	0	0	0	0	0
ore_ont_8460	OK	35	35	0	0	0	0	0	333	14	1	6	0	1	0	3	0	3
ore_ont_8462	OK	139	139	0	0	0	0	0	0	0	0	0	0	0	0	0	0	0
ore_ont_8432	OK	0	0	0	0	0	0	0	11276	0	0	0	0	0	0	0	0	0
ore_ont_8470	OK	0	0	0	0	0	0	0	34613	219	0	219	0	0	0	41	12	30
ore_ont_8480	OK	36	36	0	0	0	0	0	2694	222	0	219	0	0	0	41	12	30
ore_ont_8194	OK	1	1	0	0	0	0	0	49615	315	0	315	0	0	0	3	3	259
ore_ont_8492	OK	0	0	0	0	0	0	0	12112	0	0	0	0	0	0	0	0	0
ore_ont_8502	OK	0	0	0	0	0	0	0	417	0	0	0	0	0	0	0	0	0
ore_ont_8509	OK	112	104	0	0	0	0	8	2831	13	1	0	0	0	0	0	0	1
ore_ont_850	OK	18	16	0	0	0	0	2	357	86	8	0	0	46	0	10	3	31
ore_ont_8557	OK	0	0	0	0	0	0	0	90282	0	0	0	0	0	0	0	0	0
ore_ont_8563	OK	0	0	0	0	0	0	0	2028	0	0	0	0	0	0	0	0	0
ore_ont_8578	OK	12	8	0	0	0	0	4	319	21	3	17	0	0	0	8	0	4
ore_ont_8579	OK	0	0	0	0	0	0	0	14869	0	0	0	0	0	0	0	0	0
ore_ont_8595	OK	44	44	0	0	0	0	0	2792	5	0	0	0	0	0	0	0	1
ore_ont_85	OK	61	60	0	0	0	0	1	420	0	0	0	0	0	0	0	0	0
ore_ont_8627	OK	94	65	0	0	0	29	0	338	17	17	0	0	0	0	2	0	4
ore_ont_8631	OK	12	10	0	0	0	2	0	1033	8	0	5	0	0	0	1	0	2
ore_ont_8475	OK	1199	231	0	0	0	844	124	226561	272	272	0	0	0	0	53	4	8
ore_ont_8640	OK	263	239	0	0	0	0	24	886	0	0	0	0	0	0	0	0	0
ore_ont_8641	OK	0	0	0	0	0	0	0	5121	0	0	0	0	0	0	0	0	0
ore_ont_8662	OK	45	34	0	0	0	0	11	6	0	0	0	0	0	0	0	0	0
ore_ont_8665	OK	0	0	0	0	0	0	0	229	2	0	2	0	0	0	1	0	2
ore_ont_8666	OK	7	6	0	0	0	1	0	105	7	0	0	0	1	0	1	1	6
ore_ont_8667	OK	1	1	0	0	0	0	0	78	0	0	0	0	0	0	0	0	0
ore_ont_8668	OK	63	63	0	0	0	0	0	4589	2	0	0	0	0	0	0	0	1
ore_ont_8634	OK	0	0	0	0	0	0	0	66777	0	0	0	0	0	0	0	0	0
ore_ont_8684	OK	70	70	0	0	0	0	0	3980	2	0	0	0	0	0	0	0	1
ore_ont_8688	OK	78	78	0	0	0	0	0	4080	2	0	0	0	0	0	0	0	1
ore_ont_8671	OK	0	0	0	0	0	0	0	192696	219	0	219	0	0	0	41	12	30
ore_ont_869	OK	0	0	0	0	0	0	0	3058	0	0	0	0	0	0	0	0	0
ore_ont_8705	OK	0	0	0	0	0	0	0	10917	6	0	6	0	0	0	1	0	4
ore_ont_8712	OK	0	0	0	0	0	0	0	19884	0	0	0	0	0	0	0	0	0
ore_ont_8719	OK	77	77	0	0	0	0	0	3983	2	0	0	0	0	0	0	0	1
ore_ont_8723	OK	193	33	0	0	0	158	2	2790	224	224	0	0	0	0	44	10	30
ore_ont_8730	OK	82	82	0	0	0	0	0	78	0	0	0	0	0	0	0	0	0
ore_ont_2504	TIMEOUT
ore_ont_8744	OK	0	0	0	0	0	0	0	2248	0	0	0	0	0	0	0	0	0
ore_ont_8755	OK	0	0	0	0	0	0	0	13628	0	0	0	0	0	0	0	0	0
ore_ont_8759	OK	0	0	0	0	0	0	0	6714	0	0	0	0	0	0	0	0	0
ore_ont_8779	OK	65	65	0	0	0	0	0	320	0	0	0	0	0	0	0	0	0
ore_ont_8781	OK	174	174	0	0	0	0	0	193	0	0	0	0	0	0	0	0	0
ore_ont_8786	OK	17	15	0	0	0	0	2	355	86	8	0	0	46	0	10	3	31
ore_ont_8787	OK	0	0	0	0	0	0	0	30113	0	0	0	0	0	0	0	0	0
ore_ont_8792	OK	0	0	0	0	0	0	0	13044	0	0	0	0	0	0	0	0	0
ore_ont_8806	OK	0	0	0	0	0	0	0	268	0	0	0	0	0	0	0	0	0
ore_ont_8844	OK	366	68	0	0	0	298	0	5249	2	2	0	0	0	0	0	0	1
ore_ont_7646	OK	61	61	0	0	0	0	0	1282400	12219	0	12198	0	0	0	791	181	6528
ore_ont_8864	OK	0	0	0	0	0	0	0	11607	5803	0	5803	0	0	0	191	85	1308
ore_ont_8882	OK	94	65	0	0	0	29	0	338	17	17	0	0	0	0	2	0	4
ore_ont_8902	OK	43	43	0	0	0	0	0	4481	5	0	0	0	0	0	0	0	1
ore_ont_8911	OK	310	310	0	0	0	0	0	490	68	10	31	0	15	0	12	1	8
ore_ont_8858	OK	0	0	0	0	0	0	0	9629	0	0	0	0	0	0	0	0	0
ore_ont_8916	OK	0	0	0	0	0	0	0	2153	0	0	0	0	0	0	0	0	0
ore_ont_891	OK	66	66	0	0	0	0	0	4616	2	0	0	0	0	0	0	0	1
ore_ont_8937	OK	45	34	0	0	0	0	11	6	0	0	0	0	0	0	0	0	0
ore_ont_8933	OK	0	0	0	0	0	0	0	2235	58	0	58	0	0	0	18	1	12
ore_ont_8940	OK	0	0	0	0	0	0	0	2207	196	0	196	0	0	0	39	10	28
ore_ont_8941	OK	117	115	0	0	0	0	2	9803	3	0	0	0	0	0	0	0	1
ore_ont_8949	OK	112	112	0	0	0	0	0	0	0	0	0	0	0	0	0	0	0
ore_ont_8948	OK	23	23	0	0	0	0	0	465	1	0	0	0	0	0	0	0	1
ore_ont_8951	OK	81	81	0	0	0	0	0	106	0	0	0	0	0	0	0	0	0
ore_ont_894	OK	0	0	0	0	0	0	0	2348	0	0	0	0	0	0	0	0	0
ore_ont_8974	OK	49	49	0	0	0	0	0	6	0	0	0	0	0	0	0	0	0
ore_ont_8975	OK	12	8	0	0	0	0	4	352	21	3	17	0	0	0	8	0	4
ore_ont_8989	OK	69	67	0	0	0	0	2	566093	1	0	0	0	0	0	0	0	1
ore_ont_8995	OK	73	0	0	0	0	73	0	20766	2587	3	2587	0	0	0	73	30	781
ore_ont_8999	OK	77	77	0	0	0	0	0	3993	2	0	0	0	0	0	0	0	1
ore_ont_9002	OK	81	81	0	0	0	0	0	106	0	0	0	0	0	0	0	0	0
ore_ont_9012	OK	31	31	0	0	0	0	0	1768	21	0	7	0	10	0	1	1	20
ore_ont_9014	OK	0	0	0	0	0	0	0	7169	0	0	0	0	0	0	0	0	0
ore_ont_9020	OK	0	0	0	0	0	0	0	10315	0	0	0	0	0	0	0	0	0
ore_ont_9024	OK	21	10	0	0	0	11	0	790	63	0	44	0	4	0	14	0	4
ore_ont_8982	OK	0	0	0	0	0	0	0	195814	290	0	290	0	0	0	41	12	30
ore_ont_9031	OK	0	0	0	0	0	0	0	216	0	0	0	0	0	0	0	0	0
ore_ont_9037	OK	78	78	0	0	0	0	0	3975	2	0	0	0	0	0	0	0	1
ore_ont_9046	OK	0	0	0	0	0	0	0	11848	0	0	0	0	0	0	0	0	0
ore_ont_904	OK	92	92	0	0	0	0	0	6205	32	0	25	2	1	0	7	2	11
ore_ont_9053	OK	318	33	0	0	0	284	1	5209	25	0	13	0	0	0	4	0	2
ore_ont_9054	OK	10	9	0	0	0	1	0	1108	45	0	14	0	1	24	8	4	11
ore_ont_9088	OK	6	6	0	0	0	0	0	197	0	0	0	0	0	0	0	0	0
ore_ont_9096	OK	27	27	0	0	0	0	0	1377	2	0	0	0	0	0	0	0	1
ore_ont_9119	OK	0	0	0	0	0	0	0	25022	25022	0	25022	0	0	0	1	1	25022
ore_ont_9122	OK	143	85	0	0	0	31	27	210	1	1	0	0	0	0	0	0	1
ore_ont_9151	OK	872	864	0	0	0	0	8	14884	57	20	2	0	7	0	7	0	3
ore_ont_9154	OK	0	0	0	0	0	0	0	654	0	0	0	0	0	0	0	0	0
ore_ont_9186	OK	77	77	0	0	0	0	0	3975	2	0	0	0	0	0	0	0	1
ore_ont_9204	OK	127	127	0	0	0	0	0	0	0	0	0	0	0	0	0	0	0
ore_ont_9240	OK	8	0	0	0	0	1	7	1008	19	0	19	0	0	0	5	1	5
ore_ont_9248	OK	45	45	0	0	0	0	0	2950	5	0	0	0	0	0	0	0	1
ore_ont_9249	OK	191	5	0	0	0	78	108	135	0	0	0	0	0	0	0	0	0
ore_ont_9251	OK	0	0	0	0	0	0	0	951	0	0	0	0	0	0	0	0	0
ore_ont_9257	OK	0	0	0	0	0	0	0	6603	0	0	0	0	0	0	0	0	0
ore_ont_928	OK	145	0	0	0	0	145	0	2469	196	196	0	0	0	0	40	10	28
ore_ont_9299	OK	0	0	0	0	0	0	0	12744	1189	0	1182	0	0	0	250	48	160
ore_ont_9303	OK	101	100	0	0	0	0	1	8887	136	0	0	0	0	0	0	0	1
ore_ont_9027	OK	148	109	0	0	0	39	0	162208	12604	4973	10294	0	0	0	1642	599	257
ore_ont_9318	OK	0	0	0	0	0	0	0	41930	0	0	0	0	0	0	0	0	0
ore_ont_934	OK	95	84	0	0	0	7	4	540	6	0	0	0	0	0	0	0	1
ore_ont_935	OK	1364	0	0	0	0	1364	0	20210	2660	2660	0	0	0	0	60	24	549
ore_ont_9382	OK	65	65	0	0	0	0	0	3975	2	0	0	0	0	0	0	0	1
ore_ont_9386	OK	361	4	0	0	0	356	1	731	90	90	0	0	0	0	24	0	4
ore_ont_9400	OK	103	0	0	0	0	103	0	63055	104	104	0	0	0	0	1	1	103
ore_ont_9402	OK	0	0	0	0	0	0	0	2557	64	0	64	0	0	0	20	1	12
ore_ont_9413	OK	154	0	0	0	0	154	0	195983	290	290	0	0	0	0	44	10	30
ore_ont_9422	OK	26	23	0	0	0	3	0	70	3	2	1	0	0	0	0	0	1
ore_ont_9429	OK	135	50	0	0	0	85	0	9904	91	1	41	0	18	0	9	3	12
ore_ont_9435	OK	0	0	0	0	0	0	0	3775	0	0	0	0	0	0	0	0	0
ore_ont_9462	OK	0	0	0	0	0	0	0	221	0	0	0	0	0	0	0	0	0
ore_ont_947	OK	0	0	0	0	0	0	0	13366	0	0	0	0	0	0	0	0	0
ore_ont_9347	OK	159	159	0	0	0	0	0	113	0	0	0	0	0	0	0	0	0
ore_ont_9499	OK	201	0	0	0	0	201	0	68928	199	199	0	0	0	0	6	2	159
ore_ont_9509	OK	10	10	0	0	0	0	0	71	0	0	0	0	0	0	0	0	0
ore_ont_950	OK	432	5	0	0	0	190	237	351	0	0	0	0	0	0	0	0	0
ore_ont_9513	OK	0	0	0	0	0	0	0	19680	0	0	0	0	0	0	0	0	0
ore_ont_9534	OK	74	74	0	0	0	0	0	4059	2	0	0	0	0	0	0	0	1
ore_ont_9540	OK	15	5	0	0	0	0	10	141	16	0	8	3	3	0	4	1	6
ore_ont_9545	OK	0	0	0	0	0	0	0	41202	219	0	219	0	0	0	41	12	30
ore_ont_954	OK	2070	11	0	0	0	2059	0	158420	4304	4304	0	0	0	0	583	162	196
ore_ont_9557	OK	54	53	0	0	0	0	1	82	0	0	0	0	0	0	0	0	0
ore_ont_9558	OK	72	72	0	0	0	0	0	3980	2	0	0	0	0	0	0	0	1
ore_ont_955	OK	0	0	0	0	0	0	0	119558	0	0	0	0	0	0	0	0	0
ore_ont_9498	OK	0	0	0	0	0	0	0	432805	0	0	0	0	0	0	0	0	0
ore_ont_9577	OK	914	906	0	0	0	0	8	15319	58	20	2	0	7	0	6	0	3
ore_ont_9567	OK	0	0	0	0	0	0	0	9627	0	0	0	0	0	0	0	0	0
ore_ont_9590	OK	0	0	0	0	0	0	0	11864	0	0	0	0	0	0	0	0	0
ore_ont_9596	OK	0	0	0	0	0	0	0	12163	0	0	0	0	0	0	0	0	0
ore_ont_9600	OK	0	0	0	0	0	0	0	136	5	0	0	0	0	0	0	0	1
ore_ont_9598	OK	0	0	0	0	0	0	0	2673	0	0	0	0	0	0	0	0	0
ore_ont_960	OK	73	73	0	0	0	0	0	3980	2	0	0	0	0	0	0	0	1
ore_ont_9612	OK	0	0	0	0	0	0	0	9567	0	0	0	0	0	0	0	0	0
ore_ont_9635	OK	35	29	0	0	0	0	6	102	5	1	0	0	0	0	1	0	3
ore_ont_9617	OK	0	0	0	0	0	0	0	2673	0	0	0	0	0	0	0	0	0
ore_ont_9646	OK	0	0	0	0	0	0	0	4078	0	0	0	0	0	0	0	0	0
ore_ont_964	OK	0	0	0	0	0	0	0	17934	0	0	0	0	0	0	0	0	0
ore_ont_9662	OK	44	40	0	0	0	3	1	2151	44	0	22	0	0	0	5	1	5
ore_ont_9663	OK	1664	30	0	0	0	0	1634	141404	13488	0	13470	0	0	0	855	209	6102
ore_ont_9666	OK	55	49	0	0	0	0	6	39	2	0	2	0	0	0	1	0	2
ore_ont_9668	OK	77	77	0	0	0	0	0	3975	2	0	0	0	0	0	0	0	1
ore_ont_9673	OK	0	0	0	0	0	0	0	4872	0	0	0	0	0	0	0	0	0
ore_ont_9654	OK	2523	36	0	0	0	1160	1327	1842	3	0	0	0	0	0	0	0	1
ore_ont_9684	OK	0	0	0	0	0	0	0	13663	1560	0	1556	0	0	0	182	62	112
ore_ont_9689	OK	156	156	0	0	0	0	0	120	1	0	0	0	0	0	0	0	1
ore_ont_9690	OK	99	85	0	0	0	0	14	76	0	0	0	0	0	0	0	0	0
ore_ont_8737	OK	0	0	0	0	0	0	0	2544786	0	0	0	0	0	0	0	0	0
ore_ont_9695	OK	0	0	0	0	0	0	0	488	244	0	244	0	0	0	21	5	85
ore_ont_9709	OK	52	52	0	0	0	0	0	63	0	0	0	0	0	0	0	0	0
ore_ont_9694	OK	29	21	0	0	0	8	0	7554	0	0	0	0	0	0	0	0	0
ore_ont_9736	OK	4	0	0	0	0	0	4	133	0	0	0	0	0	0	0	0	0
ore_ont_9739	OK	9	9	0	0	0	0	0	17875	1877	0	1877	0	0	0	268	180	148
ore_ont_9724	OK	339	337	0	0	0	2	0	45497	9966	0	7656	0	2310	0	1168	351	506
ore_ont_9758	OK	73	73	0	0	0	0	0	3980	2	0	0	0	0	0	0	0	1
ore_ont_9761	OK	0	0	0	0	0	0	0	7831	0	0	0	0	0	0	0	0	0
ore_ont_9768	OK	0	0	0	0	0	0	0	66977	0	0	0	0	0	0	0	0	0
ore_ont_9772	OK	0	0	0	0	0	0	0	4402	0	0	0	0	0	0	0	0	0
ore_ont_9783	OK	38	38	0	0	0	0	0	332	7	0	4	0	0	0	1	0	2
ore_ont_9786	OK	46	43	0	0	0	2	1	1823	44	0	20	0	0	0	6	1	5
ore_ont_9790	OK	0	0	0	0	0	0	0	6710	0	0	0	0	0	0	0	0	0
ore_ont_9767	OK	0	0	0	0	0	0	0	68453	0	0	0	0	0	0	0	0	0
ore_ont_9792	OK	0	0	0	0	0	0	0	8364	0	0	0	0	0	0	0	0	0
ore_ont_9791	OK	105	11	0	0	0	94	0	160256	4201	1	4079	13	26	0	716	151	205
ore_ont_9800	OK	125	76	0	0	0	0	49	11998	1	0	0	0	0	0	0	0	1
ore_ont_9805	OK	37	32	0	0	0	0	5	25	0	0	0	0	0	0	0	0	0
ore_ont_8486	OK	0	0	0	0	0	0	0	903613	0	0	0	0	0	0	0	0	0
ore_ont_980	OK	63	63	0	0	0	0	0	4658	2	0	0	0	0	0	0	0	1
ore_ont_9816	OK	0	0	0	0	0	0	0	54304	0	0	0	0	0	0	0	0	0
ore_ont_9835	OK	0	0	0	0	0	0	0	131998	17953	37	17927	0	0	0	598	164	6925
ore_ont_9854	OK	14	14	0	0	0	0	0	82	0	0	0	0	0	0	0	0	0
ore_ont_9855	OK	61	60	0	0	0	1	0	18123	3611	0	3396	0	215	0	397	141	397
ore_ont_9857	OK	0	0	0	0	0	0	0	1552	776	0	776	0	0	0	145	25	14
ore_ont_9864	OK	37	37	0	0	0	0	0	931	26	5	13	0	0	0	5	0	4
ore_ont_9867	OK	0	0	0	0	0	0	0	134	0	0	0	0	0	0	0	0	0
ore_ont_9881	OK	29	21	0	0	0	8	0	2208	0	0	0	0	0	0	0	0	0
ore_ont_9884	OK	0	0	0	0	0	0	0	6598	0	0	0	0	0	0	0	0	0
ore_ont_9809	OK	0	0	0	0	0	0	0	204409	0	0	0	0	0	0	0	0	0
ore_ont_9890	OK	23	18	0	0	0	3	2	1569	152	10	52	0	64	0	20	6	31
ore_ont_9894	OK	0	0	0	0	0	0	0	62149	219	0	219	0	0	0	41	12	30
ore_ont_9896	OK	0	0	0	0	0	0	0	3684	0	0	0	0	0	0	0	0	0
ore_ont_9886	OK	0	0	0	0	0	0	0	134244	0	0	0	0	0	0	0	0	0
ore_ont_9904	OK	51	45	0	0	0	0	6	89	0	0	0	0	0	0	0	0	0
ore_ont_990	OK	63	63	0	0	0	0	0	4594	2	0	0	0	0	0	0	0	1
ore_ont_9928	OK	0	0	0	0	0	0	0	166	0	0	0	0	0	0	0	0	0
ore_ont_9941	OK	49	0	0	0	0	0	49	27	5	1	0	0	3	0	0	0	1
ore_ont_9943	OK	0	0	0	0	0	0	0	5098	0	0	0	0	0	0	0	0	0
ore_ont_9944	OK	12	12	0	0	0	0	0	18680	2110	0	2110	0	0	0	325	187	149
ore_ont_9899	OK	114	110	0	0	0	0	4	388706	13	0	4	0	0	0	0	0	1
ore_ont_9947	OK	0	0	0	0	0	0	0	2415	0	0	0	0	0	0	0	0	0
ore_ont_9957	OK	5	5	0	0	0	0	0	1502	0	0	0	0	0	0	0	0	0
ore_ont_9972	OK	74	74	0	0	0	0	0	3975	2	0	0	0	0	0	0	0	1
ore_ont_9994	OK	72	72	0	0	0	0	0	76	0	0	0	0	0	0	0	0	0
ore_ont_9998	OK	0	0	0	0	0	0	0	2944	1472	0	1472	0	0	0	84	26	499
ore_ont_4141	TIMEOUT
ore_ont_9794	OK	0	0	0	0	0	0	0	678470	0	0	0	0	0	0	0	0	0
ore_ont_9958	OK	2259	5	0	0	0	1053	1201	1686	0	0	0	0	0	0	0	0	0
ore_ont_868	OK	0	0	0	0	0	0	0	981146	0	0	0	0	0	0	0	0	0
ore_ont_4572	TIMEOUT
ore_ont_9674	OK	0	0	0	0	0	0	0	981144	0	0	0	0	0	0	0	0	0
ore_ont_8445	TIMEOUT
