stem,arm,cr,tse,tdp,ms
ore_ont_10004,off,3076,20568,2,10
ore_ont_10004,eo,3076,20568,2,10
ore_ont_10004,os,3076,20568,2,10
ore_ont_10004,both,3076,20568,2,10
ore_ont_10006,off,60971,213889,5,207
ore_ont_10006,eo,60971,213889,5,205
ore_ont_10006,os,60971,213889,5,205
ore_ont_10006,both,60971,213889,5,204
ore_ont_10008,off,88446,175540,5,348
ore_ont_10008,eo,88446,175540,5,351
ore_ont_10008,os,88446,175540,5,344
ore_ont_10008,both,88446,175540,5,347
ore_ont_10009,off,381,356,144,4
ore_ont_10009,eo,381,356,144,2
ore_ont_10009,os,381,356,144,2
ore_ont_10009,both,381,356,144,3
ore_ont_10016,off,257159,182829,2,1311
ore_ont_10016,eo,257159,182829,2,1325
ore_ont_10016,os,257159,182829,2,1315
ore_ont_10016,both,257159,182829,2,1313
ore_ont_10019,off,182,114,55,0
ore_ont_10019,eo,182,114,55,0
ore_ont_10019,os,182,114,55,0
ore_ont_10019,both,182,114,55,0
ore_ont_10026,off,368,2118,0,2
ore_ont_10026,eo,368,2118,0,2
ore_ont_10026,os,368,2118,0,2
ore_ont_10026,both,368,2118,0,2
ore_ont_10032,off,121712,920806,2,723
ore_ont_10032,eo,121712,920806,2,723
ore_ont_10032,os,121712,920806,2,722
ore_ont_10032,both,121712,920806,2,729
ore_ont_10053,off,12165,50575,2,29
ore_ont_10053,eo,12165,50575,2,29
ore_ont_10053,os,12165,50575,2,29
ore_ont_10053,both,12165,50575,2,29
ore_ont_10056,off,467,1497,0,2
ore_ont_10056,eo,467,1497,0,2
ore_ont_10056,os,467,1497,0,1
ore_ont_10056,both,467,1497,0,1
ore_ont_10058,off,4589,25860,63,18
ore_ont_10058,eo,4589,25860,63,18
ore_ont_10058,os,4589,25860,63,18
ore_ont_10058,both,4589,25860,63,18
ore_ont_10068,off,30111,351429,0,443
ore_ont_10068,eo,30111,351429,0,439
ore_ont_10068,os,30111,351429,0,438
ore_ont_10068,both,30111,351429,0,442
ore_ont_10073,off,25555,247253,2,1168
ore_ont_10073,eo,25555,247253,2,1167
ore_ont_10073,os,25555,247253,2,1174
ore_ont_10073,both,25555,247253,2,1164
ore_ont_10080,off,28407,34175,22263,182
ore_ont_10080,eo,28407,34175,22263,203
ore_ont_10080,os,28407,34175,22263,204
ore_ont_10080,both,28407,34175,22263,196
ore_ont_10088,off,173,229,0,0
ore_ont_10088,eo,173,229,0,0
ore_ont_10088,os,173,229,0,0
ore_ont_10088,both,173,229,0,0
ore_ont_10109,off,344,622,42,1
ore_ont_10109,eo,344,622,42,2
ore_ont_10109,os,344,622,42,2
ore_ont_10109,both,344,622,42,1
ore_ont_10123,off,2817,13659,7,25
ore_ont_10123,eo,2817,13659,7,26
ore_ont_10123,os,2817,13659,7,25
ore_ont_10123,both,2817,13659,7,25
ore_ont_10125,off,143254,1184538,66,3018
ore_ont_10125,eo,143254,1184538,66,3003
ore_ont_10125,os,143254,1184538,66,3002
ore_ont_10125,both,143254,1184538,66,2997
ore_ont_10127,off,699,1697,0,140
ore_ont_10127,eo,699,1697,0,139
ore_ont_10127,os,699,1697,0,150
ore_ont_10127,both,699,1697,0,139
ore_ont_1012,off,262266,37962,0,2349
ore_ont_1012,eo,262266,37962,0,2354
ore_ont_1012,os,262266,37962,0,2332
ore_ont_1012,both,262266,37962,0,2339
ore_ont_10133,off,951,1619,0,3
ore_ont_10133,eo,951,1619,0,3
ore_ont_10133,os,951,1619,0,3
ore_ont_10133,both,951,1619,0,3
ore_ont_10134,off,1850,8332,2,5
ore_ont_10134,eo,1850,8332,2,6
ore_ont_10134,os,1850,8332,2,6
ore_ont_10134,both,1850,8332,2,5
ore_ont_10136,off,57653,362854,4,606
ore_ont_10136,eo,57653,362854,4,611
ore_ont_10136,os,57653,362854,4,615
ore_ont_10136,both,57653,362854,4,610
ore_ont_10140,off,204130,455318,693,1064
ore_ont_10140,eo,204130,455318,693,1061
ore_ont_10140,os,204130,455318,693,1060
ore_ont_10140,both,204130,455318,693,1062
ore_ont_10146,off,2956,11104,60,8
ore_ont_10146,eo,2956,11104,60,8
ore_ont_10146,os,2956,11104,60,8
ore_ont_10146,both,2956,11104,60,8
ore_ont_10160,off,2502,8370,36,6
ore_ont_10160,eo,2502,8370,36,5
ore_ont_10160,os,2502,8370,36,5
ore_ont_10160,both,2502,8370,36,6
ore_ont_10161,off,678472,37376,2,1972
ore_ont_10161,eo,678472,37376,2,1971
ore_ont_10161,os,678472,37376,2,2009
ore_ont_10161,both,678472,37376,2,1983
ore_ont_10162,off,1007,6058,0,2
ore_ont_10162,eo,1007,6058,0,4
ore_ont_10162,os,1007,6058,0,4
ore_ont_10162,both,1007,6058,0,4
ore_ont_1016,off,6207,19126,0,17
ore_ont_1016,eo,6207,19126,0,18
ore_ont_1016,os,6207,19126,0,17
ore_ont_1016,both,6207,19126,0,17
ore_ont_10173,off,4014,20570,58,50
ore_ont_10173,eo,4014,20570,58,47
ore_ont_10173,os,4014,20570,58,47
ore_ont_10173,both,4014,20570,58,50
ore_ont_10174,off,133,570,0,0
ore_ont_10174,eo,133,570,0,0
ore_ont_10174,os,133,570,0,0
ore_ont_10174,both,133,570,0,0
ore_ont_10175,off,98983,545763,0,461
ore_ont_10175,eo,98983,545763,0,460
ore_ont_10175,os,98983,545763,0,461
ore_ont_10175,both,98983,545763,0,472
ore_ont_10176,off,208,171,0,0
ore_ont_10176,eo,208,171,0,0
ore_ont_10176,os,208,171,0,0
ore_ont_10176,both,208,171,0,0
ore_ont_1017,off,1687,3036,0,4
ore_ont_1017,eo,1687,3036,0,3
ore_ont_1017,os,1687,3036,0,4
ore_ont_1017,both,1687,3036,0,3
ore_ont_10197,off,2239,4306,6,123
ore_ont_10197,eo,2239,4306,6,121
ore_ont_10197,os,2239,4306,6,123
ore_ont_10197,both,2239,4306,6,120
ore_ont_10199,off,48,36,0,0
ore_ont_10199,eo,48,36,0,0
ore_ont_10199,os,48,36,0,0
ore_ont_10199,both,48,36,0,0
ore_ont_10212,off,202,531,0,9
ore_ont_10212,eo,202,531,0,9
ore_ont_10212,os,202,531,0,9
ore_ont_10212,both,202,531,0,9
ore_ont_10230,off,8872,673,8438,17
ore_ont_10230,eo,8872,673,8438,17
ore_ont_10230,os,8872,673,8438,17
ore_ont_10230,both,8872,673,8438,15
ore_ont_10242,off,4432,22435,59,17
ore_ont_10242,eo,4432,22435,59,17
ore_ont_10242,os,4432,22435,59,17
ore_ont_10242,both,4432,22435,59,18
ore_ont_10248,off,118044,1109467,0,570
ore_ont_10248,eo,118044,1109467,0,568
ore_ont_10248,os,118044,1109467,0,573
ore_ont_10248,both,118044,1109467,0,573
ore_ont_10254,off,5393,18112,1,12
ore_ont_10254,eo,5393,18112,1,16
ore_ont_10254,os,5393,18112,1,12
ore_ont_10254,both,5393,18112,1,12
ore_ont_10264,off,0,63,0,0
ore_ont_10264,eo,0,63,0,0
ore_ont_10264,os,0,63,0,0
ore_ont_10264,both,0,63,0,0
ore_ont_10270,off,4243,21662,58,49
ore_ont_10270,eo,4243,21662,58,56
ore_ont_10270,os,4243,21662,58,50
ore_ont_10270,both,4243,21662,58,52
ore_ont_10275,off,2603,10448,21,17
ore_ont_10275,eo,2603,10448,21,17
ore_ont_10275,os,2603,10448,21,17
ore_ont_10275,both,2603,10448,21,17
ore_ont_10280,off,8572,20166,0,32
ore_ont_10280,eo,8572,20166,0,32
ore_ont_10280,os,8572,20166,0,32
ore_ont_10280,both,8572,20166,0,32
ore_ont_10283,off,1459,5288,0,5
ore_ont_10283,eo,1459,5288,0,4
ore_ont_10283,os,1459,5288,0,5
ore_ont_10283,both,1459,5288,0,5
ore_ont_10285,off,155,335,7,0
ore_ont_10285,eo,155,335,7,1
ore_ont_10285,os,155,335,7,0
ore_ont_10285,both,155,335,7,0
ore_ont_1028,off,25918,87186,261,67
ore_ont_1028,eo,25918,87186,261,67
ore_ont_1028,os,25918,87186,261,67
ore_ont_1028,both,25918,87186,261,66
ore_ont_10309,off,6,15,0,0
ore_ont_10309,eo,6,15,0,0
ore_ont_10309,os,6,15,0,0
ore_ont_10309,both,6,15,0,0
ore_ont_10314,off,99,564,0,1
ore_ont_10314,eo,99,564,0,1
ore_ont_10314,os,99,564,0,1
ore_ont_10314,both,99,564,0,1
ore_ont_10320,off,439,2261,13,3
ore_ont_10320,eo,439,2261,13,3
ore_ont_10320,os,439,2261,13,3
ore_ont_10320,both,439,2261,13,3
ore_ont_10321,off,7,14,0,0
ore_ont_10321,eo,7,14,0,0
ore_ont_10321,os,7,14,0,0
ore_ont_10321,both,7,14,0,0
ore_ont_10326,off,3895,6291,0,9
ore_ont_10326,eo,3895,6291,0,9
ore_ont_10326,os,3895,6291,0,9
ore_ont_10326,both,3895,6291,0,9
ore_ont_10340,off,0,105,0,0
ore_ont_10340,eo,0,105,0,0
ore_ont_10340,os,0,105,0,0
ore_ont_10340,both,0,105,0,0
ore_ont_10348,off,11156,18203,1,20
ore_ont_10348,eo,11156,18203,1,20
ore_ont_10348,os,11156,18203,1,20
ore_ont_10348,both,11156,18203,1,20
ore_ont_1034,off,0,138,0,0
ore_ont_1034,eo,0,138,0,0
ore_ont_1034,os,0,138,0,0
ore_ont_1034,both,0,138,0,0
ore_ont_10350,off,2335,2314,0,5
ore_ont_10350,eo,2335,2314,0,5
ore_ont_10350,os,2335,2314,0,5
ore_ont_10350,both,2335,2314,0,9
ore_ont_10355,off,4,11,0,0
ore_ont_10355,eo,4,11,0,0
ore_ont_10355,os,4,11,0,0
ore_ont_10355,both,4,11,0,0
ore_ont_10362,off,183,359,56,0
ore_ont_10362,eo,183,359,56,0
ore_ont_10362,os,183,359,56,0
ore_ont_10362,both,183,359,56,0
ore_ont_10366,off,1882,1582,0,5
ore_ont_10366,eo,1882,1582,0,5
ore_ont_10366,os,1882,1582,0,5
ore_ont_10366,both,1882,1582,0,8
ore_ont_10380,off,74703,749798,60,1581
ore_ont_10380,eo,74703,749798,60,1583
ore_ont_10380,os,74703,749798,60,1589
ore_ont_10380,both,74703,749798,60,1589
ore_ont_10384,off,7277,31452,0,29
ore_ont_10384,eo,7277,31452,0,29
ore_ont_10384,os,7277,31452,0,31
ore_ont_10384,both,7277,31452,0,29
ore_ont_10388,off,150,279,43,1
ore_ont_10388,eo,150,279,43,1
ore_ont_10388,os,150,279,43,0
ore_ont_10388,both,150,279,43,0
ore_ont_10389,off,10768,78556,0,39
ore_ont_10389,eo,10768,78556,0,39
ore_ont_10389,os,10768,78556,0,39
ore_ont_10389,both,10768,78556,0,40
ore_ont_10391,off,84,5685,0,193
ore_ont_10391,eo,84,5685,0,194
ore_ont_10391,os,84,5685,0,193
ore_ont_10391,both,84,5685,0,196
ore_ont_10407,off,27,57,0,0
ore_ont_10407,eo,27,57,0,0
ore_ont_10407,os,27,57,0,0
ore_ont_10407,both,27,57,0,0
ore_ont_10409,off,3980,20450,58,50
ore_ont_10409,eo,3980,20450,58,49
ore_ont_10409,os,3980,20450,58,51
ore_ont_10409,both,3980,20450,58,47
ore_ont_10413,off,0,69,0,0
ore_ont_10413,eo,0,69,0,0
ore_ont_10413,os,0,69,0,0
ore_ont_10413,both,0,69,0,0
ore_ont_10419,off,1470,7774,0,7
ore_ont_10419,eo,1470,7774,0,6
ore_ont_10419,os,1470,7774,0,5
ore_ont_10419,both,1470,7774,0,6
ore_ont_10423,off,4025,20608,58,48
ore_ont_10423,eo,4025,20608,58,50
ore_ont_10423,os,4025,20608,58,50
ore_ont_10423,both,4025,20608,58,50
ore_ont_10425,off,4228740,10613,4223406,7911
ore_ont_10425,eo,4228740,10613,4223406,7753
ore_ont_10425,os,4228740,10613,4223406,7861
ore_ont_10425,both,4228740,10613,4223406,7901
ore_ont_10431,off,385,1874,26,1
ore_ont_10431,eo,385,1874,26,2
ore_ont_10431,os,385,1874,26,1
ore_ont_10431,both,385,1874,26,1
ore_ont_1043,off,35683,89397,678,439
ore_ont_1043,eo,35683,89397,678,439
ore_ont_1043,os,35683,89397,678,444
ore_ont_1043,both,35683,89397,678,435
ore_ont_10445,off,442498,17069,0,1328
ore_ont_10445,eo,442498,17069,0,1571
ore_ont_10445,os,442498,17069,0,1395
ore_ont_10445,both,442498,17069,0,1337
ore_ont_10460,off,833,3460,13,4
ore_ont_10460,eo,833,3460,13,3
ore_ont_10460,os,833,3460,13,4
ore_ont_10460,both,833,3460,13,3
ore_ont_10481,off,4443,22507,59,17
ore_ont_10481,eo,4443,22507,59,17
ore_ont_10481,os,4443,22507,59,18
ore_ont_10481,both,4443,22507,59,18
ore_ont_10503,off,1318,310,1066,4
ore_ont_10503,eo,1318,310,1066,6
ore_ont_10503,os,1318,310,1066,8
ore_ont_10503,both,1318,310,1066,5
ore_ont_10516,off,450,1601,0,1
ore_ont_10516,eo,450,1601,0,1
ore_ont_10516,os,450,1601,0,1
ore_ont_10516,both,450,1601,0,1
ore_ont_10517,off,1173,6639,2,5
ore_ont_10517,eo,1173,6639,2,5
ore_ont_10517,os,1173,6639,2,9
ore_ont_10517,both,1173,6639,2,9
ore_ont_10536,off,4,11,0,0
ore_ont_10536,eo,4,11,0,0
ore_ont_10536,os,4,11,0,0
ore_ont_10536,both,4,11,0,0
ore_ont_10537,off,106,48,91,0
ore_ont_10537,eo,106,48,91,0
ore_ont_10537,os,106,48,91,0
ore_ont_10537,both,106,48,91,1
ore_ont_10568,off,337369,863322,5,2605
ore_ont_10568,eo,337369,863322,5,2583
ore_ont_10568,os,337369,863322,5,2619
ore_ont_10568,both,337369,863322,5,2615
ore_ont_10571,off,352,618,97,2
ore_ont_10571,eo,352,618,97,2
ore_ont_10571,os,352,618,97,2
ore_ont_10571,both,352,618,97,2
ore_ont_10580,off,294,281,0,0
ore_ont_10580,eo,294,281,0,0
ore_ont_10580,os,294,281,0,1
ore_ont_10580,both,294,281,0,1
ore_ont_10588,off,3980,20460,58,52
ore_ont_10588,eo,3980,20460,58,46
ore_ont_10588,os,3980,20460,58,50
ore_ont_10588,both,3980,20460,58,49
ore_ont_10594,off,4589,25872,63,18
ore_ont_10594,eo,4589,25872,63,18
ore_ont_10594,os,4589,25872,63,18
ore_ont_10594,both,4589,25872,63,18
ore_ont_1059,off,82378,439270,7,355
ore_ont_1059,eo,82378,439270,7,351
ore_ont_1059,os,82378,439270,7,358
ore_ont_1059,both,82378,439270,7,356
ore_ont_105,off,347,1497,0,1
ore_ont_105,eo,347,1497,0,1
ore_ont_105,os,347,1497,0,1
ore_ont_105,both,347,1497,0,1
ore_ont_10608,off,4453,19701,2,21
ore_ont_10608,eo,4453,19701,2,21
ore_ont_10608,os,4453,19701,2,21
ore_ont_10608,both,4453,19701,2,21
ore_ont_10621,off,116927,503007,1,505
ore_ont_10621,eo,116927,503007,1,509
ore_ont_10621,os,116927,503007,1,513
ore_ont_10621,both,116927,503007,1,511
ore_ont_1062,off,4616,25917,63,19
ore_ont_1062,eo,4616,25917,63,18
ore_ont_1062,os,4616,25917,63,18
ore_ont_1062,both,4616,25917,63,19
ore_ont_1065,off,2349,16268,0,14
ore_ont_1065,eo,2349,16268,0,14
ore_ont_1065,os,2349,16268,0,14
ore_ont_1065,both,2349,16268,0,14
ore_ont_1066,off,42560,154554,69,122
ore_ont_1066,eo,42560,154554,69,122
ore_ont_1066,os,42560,154554,69,123
ore_ont_1066,both,42560,154554,69,121
ore_ont_10672,off,3982,20454,58,46
ore_ont_10672,eo,3982,20454,58,46
ore_ont_10672,os,3982,20454,58,50
ore_ont_10672,both,3982,20454,58,47
ore_ont_10681,off,164,356,0,2
ore_ont_10681,eo,164,356,0,2
ore_ont_10681,os,164,356,0,1
ore_ont_10681,both,164,356,0,3
ore_ont_10689,off,981144,15790191,0,52367
ore_ont_10689,eo,981144,15790191,0,52352
ore_ont_10689,os,981144,15790191,0,52723
ore_ont_10689,both,981144,15790191,0,52623
ore_ont_10697,off,670,1232,0,279
ore_ont_10697,eo,670,1232,0,278
ore_ont_10697,os,670,1232,0,275
ore_ont_10697,both,670,1232,0,276
ore_ont_10702,off,357,286,39,2
ore_ont_10702,eo,357,286,39,2
ore_ont_10702,os,357,286,39,2
ore_ont_10702,both,357,286,39,1
ore_ont_10742,off,5154,6390,0,8
ore_ont_10742,eo,5154,6390,0,8
ore_ont_10742,os,5154,6390,0,8
ore_ont_10742,both,5154,6390,0,8
ore_ont_10749,off,5253,28647,65,21
ore_ont_10749,eo,5253,28647,65,21
ore_ont_10749,os,5253,28647,65,21
ore_ont_10749,both,5253,28647,65,21
ore_ont_10750,off,232753,37511,0,2375
ore_ont_10750,eo,232753,37511,0,2202
ore_ont_10750,os,232753,37511,0,2200
ore_ont_10750,both,232753,37511,0,2193
ore_ont_10752,off,138,1368,0,0
ore_ont_10752,eo,138,1368,0,0
ore_ont_10752,os,138,1368,0,0
ore_ont_10752,both,138,1368,0,0
ore_ont_10754,off,52618,1074,52428,193
ore_ont_10754,eo,52618,1074,52428,193
ore_ont_10754,os,52618,1074,52428,183
ore_ont_10754,both,52618,1074,52428,193
ore_ont_10769,off,0,91,0,0
ore_ont_10769,eo,0,91,0,0
ore_ont_10769,os,0,91,0,0
ore_ont_10769,both,0,91,0,0
ore_ont_10774,off,11877,86152,0,45
ore_ont_10774,eo,11877,86152,0,45
ore_ont_10774,os,11877,86152,0,45
ore_ont_10774,both,11877,86152,0,45
ore_ont_10776,off,802,1223,0,2
ore_ont_10776,eo,802,1223,0,2
ore_ont_10776,os,802,1223,0,3
ore_ont_10776,both,802,1223,0,2
ore_ont_10778,off,80761,562092,0,407
ore_ont_10778,eo,80761,562092,0,403
ore_ont_10778,os,80761,562092,0,400
ore_ont_10778,both,80761,562092,0,405
ore_ont_10781,off,1287,1325,981,11
ore_ont_10781,eo,1287,1325,981,11
ore_ont_10781,os,1287,1325,981,11
ore_ont_10781,both,1287,1325,981,11
ore_ont_10805,off,0,122,0,0
ore_ont_10805,eo,0,122,0,0
ore_ont_10805,os,0,122,0,0
ore_ont_10805,both,0,122,0,0
ore_ont_10806,off,12343,27660,2,46
ore_ont_10806,eo,12343,27660,2,47
ore_ont_10806,os,12343,27660,2,47
ore_ont_10806,both,12343,27660,2,47
ore_ont_10807,off,983,5616,2,4
ore_ont_10807,eo,983,5616,2,6
ore_ont_10807,os,983,5616,2,5
ore_ont_10807,both,983,5616,2,4
ore_ont_10823,off,0,74,0,0
ore_ont_10823,eo,0,74,0,0
ore_ont_10823,os,0,74,0,0
ore_ont_10823,both,0,74,0,0
ore_ont_1082,off,48566,193552,71,179
ore_ont_1082,eo,48566,193552,71,176
ore_ont_1082,os,48566,193552,71,178
ore_ont_1082,both,48566,193552,71,176
ore_ont_10833,off,0,112,0,0
ore_ont_10833,eo,0,112,0,0
ore_ont_10833,os,0,112,0,0
ore_ont_10833,both,0,112,0,0
ore_ont_10838,off,2694,14967,5,281
ore_ont_10838,eo,2694,14967,5,283
ore_ont_10838,os,2694,14967,5,284
ore_ont_10838,both,2694,14967,5,293
ore_ont_10860,off,NA,NA,NA,NA
ore_ont_10860,eo,NA,NA,NA,NA
ore_ont_10860,os,NA,NA,NA,NA
ore_ont_10860,both,NA,NA,NA,NA
ore_ont_10874,off,19899,1231,19247,40
ore_ont_10874,eo,19899,1231,19247,40
ore_ont_10874,os,19899,1231,19247,40
ore_ont_10874,both,19899,1231,19247,39
ore_ont_10888,off,106,48,91,0
ore_ont_10888,eo,106,48,91,1
ore_ont_10888,os,106,48,91,0
ore_ont_10888,both,106,48,91,0
ore_ont_10890,off,13013,145720,0,55
ore_ont_10890,eo,13013,145720,0,54
ore_ont_10890,os,13013,145720,0,55
ore_ont_10890,both,13013,145720,0,54
ore_ont_10892,off,4624,25930,63,18
ore_ont_10892,eo,4624,25930,63,19
ore_ont_10892,os,4624,25930,63,18
ore_ont_10892,both,4624,25930,63,19
ore_ont_10894,off,168,822,0,2
ore_ont_10894,eo,168,822,0,2
ore_ont_10894,os,168,822,0,2
ore_ont_10894,both,168,822,0,2
ore_ont_10906,off,135,235,8,1
ore_ont_10906,eo,135,235,8,1
ore_ont_10906,os,135,235,8,1
ore_ont_10906,both,135,235,8,2
ore_ont_10908,off,814,6693,27,4
ore_ont_10908,eo,814,6693,27,4
ore_ont_10908,os,814,6693,27,3
ore_ont_10908,both,814,6693,27,4
ore_ont_1091,off,4607,25988,63,18
ore_ont_1091,eo,4607,25988,63,18
ore_ont_1091,os,4607,25988,63,18
ore_ont_1091,both,4607,25988,63,18
ore_ont_10926,off,3182288,887567,5,12740
ore_ont_10926,eo,3182288,887567,5,12440
ore_ont_10926,os,3182288,887567,5,13334
ore_ont_10926,both,3182288,887567,5,12444
ore_ont_10929,off,NA,NA,NA,NA
ore_ont_10929,eo,NA,NA,NA,NA
ore_ont_10929,os,NA,NA,NA,NA
ore_ont_10929,both,NA,NA,NA,NA
ore_ont_10930,off,62193,136154,5,209
ore_ont_10930,eo,62193,136154,5,208
ore_ont_10930,os,62193,136154,5,208
ore_ont_10930,both,62193,136154,5,208
ore_ont_10949,off,1463,4327,0,28
ore_ont_10949,eo,1463,4327,0,28
ore_ont_10949,os,1463,4327,0,28
ore_ont_10949,both,1463,4327,0,28
ore_ont_10951,off,332,634,0,20
ore_ont_10951,eo,332,634,0,20
ore_ont_10951,os,332,634,0,20
ore_ont_10951,both,332,634,0,20
ore_ont_10952,off,3009,16649,67,12
ore_ont_10952,eo,3009,16649,67,11
ore_ont_10952,os,3009,16649,67,11
ore_ont_10952,both,3009,16649,67,11
ore_ont_10965,off,11846,71899,2,215
ore_ont_10965,eo,11846,71899,2,218
ore_ont_10965,os,11846,71899,2,216
ore_ont_10965,both,11846,71899,2,215
ore_ont_10968,off,4830,10882,0,13
ore_ont_10968,eo,4830,10882,0,13
ore_ont_10968,os,4830,10882,0,13
ore_ont_10968,both,4830,10882,0,13
ore_ont_10985,off,4013,20668,58,50
ore_ont_10985,eo,4013,20668,58,52
ore_ont_10985,os,4013,20668,58,47
ore_ont_10985,both,4013,20668,58,47
ore_ont_10991,off,4432,19617,2,20
ore_ont_10991,eo,4432,19617,2,21
ore_ont_10991,os,4432,19617,2,20
ore_ont_10991,both,4432,19617,2,20
ore_ont_10992,off,7279,31455,2,32
ore_ont_10992,eo,7279,31455,2,32
ore_ont_10992,os,7279,31455,2,32
ore_ont_10992,both,7279,31455,2,32
ore_ont_11003,off,225,397,37,0
ore_ont_11003,eo,225,397,37,1
ore_ont_11003,os,225,397,37,1
ore_ont_11003,both,225,397,37,1
ore_ont_11004,off,117,70,91,0
ore_ont_11004,eo,117,70,91,1
ore_ont_11004,os,117,70,91,0
ore_ont_11004,both,117,70,91,1
ore_ont_11005,off,134148,400167,5,583
ore_ont_11005,eo,134148,400167,5,574
ore_ont_11005,os,134148,400167,5,580
ore_ont_11005,both,134148,400167,5,564
ore_ont_11009,off,1204,889,0,3
ore_ont_11009,eo,1204,889,0,2
ore_ont_11009,os,1204,889,0,3
ore_ont_11009,both,1204,889,0,2
ore_ont_11010,off,372,1526,0,1
ore_ont_11010,eo,372,1526,0,1
ore_ont_11010,os,372,1526,0,0
ore_ont_11010,both,372,1526,0,1
ore_ont_11014,off,1815,4337,0,4
ore_ont_11014,eo,1815,4337,0,5
ore_ont_11014,os,1815,4337,0,4
ore_ont_11014,both,1815,4337,0,6
ore_ont_11016,off,891,394,779,2
ore_ont_11016,eo,891,394,779,4
ore_ont_11016,os,891,394,779,4
ore_ont_11016,both,891,394,779,2
ore_ont_11037,off,76753,623375,3,1167
ore_ont_11037,eo,76753,623375,3,1145
ore_ont_11037,os,76753,623375,3,1175
ore_ont_11037,both,76753,623375,3,1139
ore_ont_11053,off,34959,9157,0,223
ore_ont_11053,eo,34959,9157,0,218
ore_ont_11053,os,34959,9157,0,220
ore_ont_11053,both,34959,9157,0,221
ore_ont_11064,off,1275,800,580,3
ore_ont_11064,eo,1275,800,580,1
ore_ont_11064,os,1275,800,580,3
ore_ont_11064,both,1275,800,580,3
ore_ont_11081,off,25459,123086,5,82
ore_ont_11081,eo,25459,123086,5,82
ore_ont_11081,os,25459,123086,5,82
ore_ont_11081,both,25459,123086,5,82
ore_ont_11085,off,20758,54338,2,140
ore_ont_11085,eo,20758,54338,2,143
ore_ont_11085,os,20758,54338,2,140
ore_ont_11085,both,20758,54338,2,145
ore_ont_11110,off,32286,203680,3,261
ore_ont_11110,eo,32286,203680,3,258
ore_ont_11110,os,32286,203680,3,259
ore_ont_11110,both,32286,203680,3,259
ore_ont_11115,off,1065,6586,0,4
ore_ont_11115,eo,1065,6586,0,4
ore_ont_11115,os,1065,6586,0,4
ore_ont_11115,both,1065,6586,0,4
ore_ont_11124,off,5767,19699,0,22
ore_ont_11124,eo,5767,19699,0,22
ore_ont_11124,os,5767,19699,0,22
ore_ont_11124,both,5767,19699,0,22
ore_ont_11125,off,60,113,0,1
ore_ont_11125,eo,60,113,0,0
ore_ont_11125,os,60,113,0,0
ore_ont_11125,both,60,113,0,0
ore_ont_11126,off,6397838,16987,6389278,12485
ore_ont_11126,eo,6397838,16987,6389278,12478
ore_ont_11126,os,6397838,16987,6389278,12433
ore_ont_11126,both,6397838,16987,6389278,13231
ore_ont_1112,off,4454,48993,0,26
ore_ont_1112,eo,4454,48993,0,27
ore_ont_1112,os,4454,48993,0,26
ore_ont_1112,both,4454,48993,0,27
ore_ont_11131,off,4836,17368,2,18
ore_ont_11131,eo,4836,17368,2,17
ore_ont_11131,os,4836,17368,2,18
ore_ont_11131,both,4836,17368,2,17
ore_ont_11133,off,247,509,0,0
ore_ont_11133,eo,247,509,0,0
ore_ont_11133,os,247,509,0,0
ore_ont_11133,both,247,509,0,1
ore_ont_11140,off,10355,3710,0,18
ore_ont_11140,eo,10355,3710,0,18
ore_ont_11140,os,10355,3710,0,18
ore_ont_11140,both,10355,3710,0,18
ore_ont_11149,off,297,509,171,1
ore_ont_11149,eo,297,509,171,1
ore_ont_11149,os,297,509,171,1
ore_ont_11149,both,297,509,171,1
ore_ont_11157,off,1964,2759,1247,4
ore_ont_11157,eo,1964,2759,1247,4
ore_ont_11157,os,1964,2759,1247,5
ore_ont_11157,both,1964,2759,1247,4
ore_ont_1115,off,10610,63742,0,141
ore_ont_1115,eo,10610,63742,0,142
ore_ont_1115,os,10610,63742,0,142
ore_ont_1115,both,10610,63742,0,142
ore_ont_1117,off,855,3207,0,5
ore_ont_1117,eo,855,3207,0,5
ore_ont_1117,os,855,3207,0,5
ore_ont_1117,both,855,3207,0,5
ore_ont_11196,off,51027,187278,69,165
ore_ont_11196,eo,51027,187278,69,165
ore_ont_11196,os,51027,187278,69,164
ore_ont_11196,both,51027,187278,69,164
ore_ont_11198,off,66809,431453,6,302
ore_ont_11198,eo,66809,431453,6,302
ore_ont_11198,os,66809,431453,6,308
ore_ont_11198,both,66809,431453,6,305
ore_ont_1119,off,17622,39385,0,77
ore_ont_1119,eo,17622,39385,0,77
ore_ont_1119,os,17622,39385,0,78
ore_ont_1119,both,17622,39385,0,78
ore_ont_11203,off,43,141,0,0
ore_ont_11203,eo,43,141,0,0
ore_ont_11203,os,43,141,0,0
ore_ont_11203,both,43,141,0,0
ore_ont_11207,off,1504,2693,0,133
ore_ont_11207,eo,1504,2693,0,132
ore_ont_11207,os,1504,2693,0,131
ore_ont_11207,both,1504,2693,0,133
ore_ont_1123,off,52245,626603,264,424
ore_ont_1123,eo,52245,626603,264,431
ore_ont_1123,os,52245,626603,264,432
ore_ont_1123,both,52245,626603,264,442
ore_ont_11270,off,116927,503007,1,523
ore_ont_11270,eo,116927,503007,1,527
ore_ont_11270,os,116927,503007,1,722
ore_ont_11270,both,116927,503007,1,517
ore_ont_11274,off,1611,4940,0,3
ore_ont_11274,eo,1611,4940,0,3
ore_ont_11274,os,1611,4940,0,3
ore_ont_11274,both,1611,4940,0,3
ore_ont_11282,off,30417,75483,0,305
ore_ont_11282,eo,30417,75483,0,154
ore_ont_11282,os,30417,75483,0,191
ore_ont_11282,both,30417,75483,0,288
ore_ont_11287,off,199841,3486,198313,38667
ore_ont_11287,eo,199841,3486,198313,35067
ore_ont_11287,os,199841,3486,198313,39679
ore_ont_11287,both,199841,3486,198313,40953
ore_ont_11289,off,4591,25876,63,18
ore_ont_11289,eo,4591,25876,63,18
ore_ont_11289,os,4591,25876,63,18
ore_ont_11289,both,4591,25876,63,19
ore_ont_11291,off,137,255,64,0
ore_ont_11291,eo,137,255,64,0
ore_ont_11291,os,137,255,64,0
ore_ont_11291,both,137,255,64,0
ore_ont_11293,off,114922,1095111,0,606
ore_ont_11293,eo,114922,1095111,0,554
ore_ont_11293,os,114922,1095111,0,556
ore_ont_11293,both,114922,1095111,0,554
ore_ont_11296,off,56,45,37,0
ore_ont_11296,eo,56,45,37,0
ore_ont_11296,os,56,45,37,0
ore_ont_11296,both,56,45,37,0
ore_ont_11298,off,4830,10882,0,13
ore_ont_11298,eo,4830,10882,0,13
ore_ont_11298,os,4830,10882,0,13
ore_ont_11298,both,4830,10882,0,13
ore_ont_11305,off,9463,31382,4424,81
ore_ont_11305,eo,9463,31382,4424,76
ore_ont_11305,os,9463,31382,4424,81
ore_ont_11305,both,9463,31382,4424,75
ore_ont_11311,off,24630,87825,65,133
ore_ont_11311,eo,24630,87825,65,134
ore_ont_11311,os,24630,87825,65,133
ore_ont_11311,both,24630,87825,65,133
ore_ont_11315,off,78530,451980,3,1128
ore_ont_11315,eo,78530,451980,3,1144
ore_ont_11315,os,78530,451980,3,1154
ore_ont_11315,both,78530,451980,3,1134
ore_ont_11316,off,2653,12278,5,7
ore_ont_11316,eo,2653,12278,5,7
ore_ont_11316,os,2653,12278,5,13
ore_ont_11316,both,2653,12278,5,7
ore_ont_11349,off,2044,12721,0,9
ore_ont_11349,eo,2044,12721,0,9
ore_ont_11349,os,2044,12721,0,9
ore_ont_11349,both,2044,12721,0,9
ore_ont_11357,off,101,271,8,0
ore_ont_11357,eo,101,271,8,0
ore_ont_11357,os,101,271,8,0
ore_ont_11357,both,101,271,8,0
ore_ont_11362,off,1333,3155,0,4
ore_ont_11362,eo,1333,3155,0,8
ore_ont_11362,os,1333,3155,0,4
ore_ont_11362,both,1333,3155,0,7
ore_ont_11371,off,151,241,13,1
ore_ont_11371,eo,151,241,13,1
ore_ont_11371,os,151,241,13,1
ore_ont_11371,both,151,241,13,0
ore_ont_11378,off,10454,123656,84,65
ore_ont_11378,eo,10454,123656,84,62
ore_ont_11378,os,10454,123656,84,66
ore_ont_11378,both,10454,123656,84,63
ore_ont_11380,off,164,333,7,0
ore_ont_11380,eo,164,333,7,0
ore_ont_11380,os,164,333,7,0
ore_ont_11380,both,164,333,7,0
ore_ont_11389,off,238818,38389,0,751
ore_ont_11389,eo,238818,38389,0,757
ore_ont_11389,os,238818,38389,0,767
ore_ont_11389,both,238818,38389,0,760
ore_ont_11392,off,127,336,0,1
ore_ont_11392,eo,127,336,0,1
ore_ont_11392,os,127,336,0,1
ore_ont_11392,both,127,336,0,1
ore_ont_11395,off,652355,528632,0,14335
ore_ont_11395,eo,652355,528632,0,14044
ore_ont_11395,os,652355,528632,0,14322
ore_ont_11395,both,652355,528632,0,14332
ore_ont_11401,off,299,473,112,1
ore_ont_11401,eo,299,473,112,1
ore_ont_11401,os,299,473,112,1
ore_ont_11401,both,299,473,112,1
ore_ont_11411,off,2239,4306,6,121
ore_ont_11411,eo,2239,4306,6,118
ore_ont_11411,os,2239,4306,6,123
ore_ont_11411,both,2239,4306,6,121
ore_ont_11416,off,59,146,0,2
ore_ont_11416,eo,59,146,0,2
ore_ont_11416,os,59,146,0,2
ore_ont_11416,both,59,146,0,2
ore_ont_11426,off,19440,85716,63,85
ore_ont_11426,eo,19440,85716,63,83
ore_ont_11426,os,19440,85716,63,85
ore_ont_11426,both,19440,85716,63,84
ore_ont_11452,off,11936,86600,0,45
ore_ont_11452,eo,11936,86600,0,45
ore_ont_11452,os,11936,86600,0,46
ore_ont_11452,both,11936,86600,0,46
ore_ont_11457,off,62310,513596,95,490
ore_ont_11457,eo,62310,513596,95,494
ore_ont_11457,os,62310,513596,95,493
ore_ont_11457,both,62310,513596,95,490
ore_ont_11459,off,121710,920808,2,862
ore_ont_11459,eo,121710,920808,2,861
ore_ont_11459,os,121710,920808,2,862
ore_ont_11459,both,121710,920808,2,859
ore_ont_11460,off,252909,529903,693,1201
ore_ont_11460,eo,252909,529903,693,1211
ore_ont_11460,os,252909,529903,693,1212
ore_ont_11460,both,252909,529903,693,1212
ore_ont_11464,off,21034,294711,0,1077
ore_ont_11464,eo,21034,294711,0,1077
ore_ont_11464,os,21034,294711,0,1082
ore_ont_11464,both,21034,294711,0,1076
ore_ont_11477,off,491,457,77,2
ore_ont_11477,eo,491,457,77,3
ore_ont_11477,os,491,457,77,1
ore_ont_11477,both,491,457,77,1
ore_ont_11484,off,1962,11650,44,8
ore_ont_11484,eo,1962,11650,44,9
ore_ont_11484,os,1962,11650,44,9
ore_ont_11484,both,1962,11650,44,8
ore_ont_11495,off,85047,448243,43,392
ore_ont_11495,eo,85047,448243,43,390
ore_ont_11495,os,85047,448243,43,390
ore_ont_11495,both,85047,448243,43,398
ore_ont_11497,off,276,313,0,1
ore_ont_11497,eo,276,313,0,0
ore_ont_11497,os,276,313,0,0
ore_ont_11497,both,276,313,0,0
ore_ont_11500,off,41202,84792,5,150
ore_ont_11500,eo,41202,84792,5,150
ore_ont_11500,os,41202,84792,5,150
ore_ont_11500,both,41202,84792,5,152
ore_ont_11502,off,7279,31455,2,33
ore_ont_11502,eo,7279,31455,2,32
ore_ont_11502,os,7279,31455,2,32
ore_ont_11502,both,7279,31455,2,32
ore_ont_11504,off,401,1481,0,1
ore_ont_11504,eo,401,1481,0,1
ore_ont_11504,os,401,1481,0,1
ore_ont_11504,both,401,1481,0,1
ore_ont_11519,off,126541,950729,0,746
ore_ont_11519,eo,126541,950729,0,754
ore_ont_11519,os,126541,950729,0,748
ore_ont_11519,both,126541,950729,0,740
ore_ont_11522,off,156,512,0,1
ore_ont_11522,eo,156,512,0,1
ore_ont_11522,os,156,512,0,1
ore_ont_11522,both,156,512,0,0
ore_ont_11523,off,106,48,91,0
ore_ont_11523,eo,106,48,91,0
ore_ont_11523,os,106,48,91,0
ore_ont_11523,both,106,48,91,0
ore_ont_11526,off,0,137,0,0
ore_ont_11526,eo,0,137,0,0
ore_ont_11526,os,0,137,0,0
ore_ont_11526,both,0,137,0,0
ore_ont_11533,off,263,134,144,1
ore_ont_11533,eo,263,134,144,1
ore_ont_11533,os,263,134,144,2
ore_ont_11533,both,263,134,144,1
ore_ont_11536,off,12250,90936,0,45
ore_ont_11536,eo,12250,90936,0,45
ore_ont_11536,os,12250,90936,0,45
ore_ont_11536,both,12250,90936,0,45
ore_ont_11553,off,32415,81912,398,95
ore_ont_11553,eo,32415,81912,398,96
ore_ont_11553,os,32415,81912,398,96
ore_ont_11553,both,32415,81912,398,98
ore_ont_11554,off,211,407,41,1
ore_ont_11554,eo,211,407,41,1
ore_ont_11554,os,211,407,41,1
ore_ont_11554,both,211,407,41,1
ore_ont_11559,off,69052,137517,0,464
ore_ont_11559,eo,69052,137517,0,463
ore_ont_11559,os,69052,137517,0,468
ore_ont_11559,both,69052,137517,0,466
ore_ont_11564,off,4044,20687,58,51
ore_ont_11564,eo,4044,20687,58,47
ore_ont_11564,os,4044,20687,58,50
ore_ont_11564,both,4044,20687,58,48
ore_ont_11572,off,935,1796,0,4
ore_ont_11572,eo,935,1796,0,5
ore_ont_11572,os,935,1796,0,3
ore_ont_11572,both,935,1796,0,4
ore_ont_11577,off,101,369,0,2
ore_ont_11577,eo,101,369,0,2
ore_ont_11577,os,101,369,0,1
ore_ont_11577,both,101,369,0,1
ore_ont_11592,off,159,441,12,1
ore_ont_11592,eo,159,441,12,1
ore_ont_11592,os,159,441,12,1
ore_ont_11592,both,159,441,12,1
ore_ont_11597,off,9082,52488,0,136
ore_ont_11597,eo,9082,52488,0,135
ore_ont_11597,os,9082,52488,0,134
ore_ont_11597,both,9082,52488,0,134
ore_ont_11600,off,13643,19553,2072,27
ore_ont_11600,eo,13643,19553,2072,26
ore_ont_11600,os,13643,19553,2072,27
ore_ont_11600,both,13643,19553,2072,27
ore_ont_11619,off,5100,23347,0,14
ore_ont_11619,eo,5100,23347,0,14
ore_ont_11619,os,5100,23347,0,19
ore_ont_11619,both,5100,23347,0,14
ore_ont_11623,off,4636,15536,0,14
ore_ont_11623,eo,4636,15536,0,14
ore_ont_11623,os,4636,15536,0,14
ore_ont_11623,both,4636,15536,0,14
ore_ont_11626,off,3698,15300,0,13
ore_ont_11626,eo,3698,15300,0,13
ore_ont_11626,os,3698,15300,0,13
ore_ont_11626,both,3698,15300,0,13
ore_ont_11629,off,18114,40398,0,43
ore_ont_11629,eo,18114,40398,0,43
ore_ont_11629,os,18114,40398,0,47
ore_ont_11629,both,18114,40398,0,43
ore_ont_11635,off,2603,10448,21,11
ore_ont_11635,eo,2603,10448,21,11
ore_ont_11635,os,2603,10448,21,11
ore_ont_11635,both,2603,10448,21,11
ore_ont_11636,off,4589,25860,63,18
ore_ont_11636,eo,4589,25860,63,18
ore_ont_11636,os,4589,25860,63,18
ore_ont_11636,both,4589,25860,63,18
ore_ont_11639,off,283,1370,0,1
ore_ont_11639,eo,283,1370,0,1
ore_ont_11639,os,283,1370,0,1
ore_ont_11639,both,283,1370,0,1
ore_ont_11647,off,86351,1506,85463,112
ore_ont_11647,eo,86351,1506,85463,115
ore_ont_11647,os,86351,1506,85463,112
ore_ont_11647,both,86351,1506,85463,114
ore_ont_11675,off,10255,65081,2,36
ore_ont_11675,eo,10255,65081,2,35
ore_ont_11675,os,10255,65081,2,36
ore_ont_11675,both,10255,65081,2,36
ore_ont_11676,off,0,80,0,0
ore_ont_11676,eo,0,80,0,0
ore_ont_11676,os,0,80,0,0
ore_ont_11676,both,0,80,0,0
ore_ont_11685,off,989,1967,0,3
ore_ont_11685,eo,989,1967,0,5
ore_ont_11685,os,989,1967,0,3
ore_ont_11685,both,989,1967,0,5
ore_ont_11694,off,182,490,0,1
ore_ont_11694,eo,182,490,0,1
ore_ont_11694,os,182,490,0,1
ore_ont_11694,both,182,490,0,1
ore_ont_11695,off,41996,133673,0,113
ore_ont_11695,eo,41996,133673,0,113
ore_ont_11695,os,41996,133673,0,114
ore_ont_11695,both,41996,133673,0,114
ore_ont_11696,off,4589,25860,63,18
ore_ont_11696,eo,4589,25860,63,18
ore_ont_11696,os,4589,25860,63,18
ore_ont_11696,both,4589,25860,63,18
ore_ont_11703,off,2448,10877,42,10
ore_ont_11703,eo,2448,10877,42,10
ore_ont_11703,os,2448,10877,42,10
ore_ont_11703,both,2448,10877,42,10
ore_ont_11719,off,1354,6194,0,6
ore_ont_11719,eo,1354,6194,0,6
ore_ont_11719,os,1354,6194,0,4
ore_ont_11719,both,1354,6194,0,6
ore_ont_1172,off,118,67,0,0
ore_ont_1172,eo,118,67,0,0
ore_ont_1172,os,118,67,0,0
ore_ont_1172,both,118,67,0,0
ore_ont_11739,off,952087,6690200,0,3821
ore_ont_11739,eo,952087,6690200,0,3804
ore_ont_11739,os,952087,6690200,0,3860
ore_ont_11739,both,952087,6690200,0,3830
ore_ont_11745,off,99168,471146,120,1002
ore_ont_11745,eo,99168,471146,120,977
ore_ont_11745,os,99168,471146,120,978
ore_ont_11745,both,99168,471146,120,991
ore_ont_11778,off,142822,296118,7,732
ore_ont_11778,eo,142822,296118,7,730
ore_ont_11778,os,142822,296118,7,736
ore_ont_11778,both,142822,296118,7,731
ore_ont_11792,off,731,3460,10,3
ore_ont_11792,eo,731,3460,10,3
ore_ont_11792,os,731,3460,10,3
ore_ont_11792,both,731,3460,10,3
ore_ont_11817,off,98785,545004,0,462
ore_ont_11817,eo,98785,545004,0,460
ore_ont_11817,os,98785,545004,0,467
ore_ont_11817,both,98785,545004,0,465
ore_ont_11827,off,50900,337751,5,522
ore_ont_11827,eo,50900,337751,5,525
ore_ont_11827,os,50900,337751,5,524
ore_ont_11827,both,50900,337751,5,521
ore_ont_1182,off,1554,3576,0,324
ore_ont_1182,eo,1554,3576,0,334
ore_ont_1182,os,1554,3576,0,331
ore_ont_1182,both,1554,3576,0,327
ore_ont_11834,off,158,138,41,0
ore_ont_11834,eo,158,138,41,0
ore_ont_11834,os,158,138,41,0
ore_ont_11834,both,158,138,41,0
ore_ont_11866,off,0,69,0,0
ore_ont_11866,eo,0,69,0,0
ore_ont_11866,os,0,69,0,0
ore_ont_11866,both,0,69,0,0
ore_ont_11878,off,6648,13125,0,31
ore_ont_11878,eo,6648,13125,0,31
ore_ont_11878,os,6648,13125,0,32
ore_ont_11878,both,6648,13125,0,31
ore_ont_11889,off,578,7484,0,3
ore_ont_11889,eo,578,7484,0,3
ore_ont_11889,os,578,7484,0,4
ore_ont_11889,both,578,7484,0,4
ore_ont_11895,off,233,405,79,1
ore_ont_11895,eo,233,405,79,1
ore_ont_11895,os,233,405,79,0
ore_ont_11895,both,233,405,79,1
ore_ont_11896,off,10355,3710,0,18
ore_ont_11896,eo,10355,3710,0,18
ore_ont_11896,os,10355,3710,0,18
ore_ont_11896,both,10355,3710,0,18
ore_ont_11899,off,79110,452012,3,1165
ore_ont_11899,eo,79110,452012,3,1136
ore_ont_11899,os,79110,452012,3,1173
ore_ont_11899,both,79110,452012,3,1144
ore_ont_11901,off,106,48,91,0
ore_ont_11901,eo,106,48,91,1
ore_ont_11901,os,106,48,91,1
ore_ont_11901,both,106,48,91,0
ore_ont_11906,off,19888,39779,2,77
ore_ont_11906,eo,19888,39779,2,78
ore_ont_11906,os,19888,39779,2,78
ore_ont_11906,both,19888,39779,2,78
ore_ont_11910,off,2803,13712,5,14
ore_ont_11910,eo,2803,13712,5,14
ore_ont_11910,os,2803,13712,5,14
ore_ont_11910,both,2803,13712,5,14
ore_ont_11929,off,106,48,91,1
ore_ont_11929,eo,106,48,91,1
ore_ont_11929,os,106,48,91,1
ore_ont_11929,both,106,48,91,1
ore_ont_11948,off,4591,25876,63,19
ore_ont_11948,eo,4591,25876,63,18
ore_ont_11948,os,4591,25876,63,18
ore_ont_11948,both,4591,25876,63,18
ore_ont_11949,off,57,190,0,0
ore_ont_11949,eo,57,190,0,0
ore_ont_11949,os,57,190,0,0
ore_ont_11949,both,57,190,0,0
ore_ont_1194,off,211734,504750,0,1564
ore_ont_1194,eo,211734,504750,0,1581
ore_ont_1194,os,211734,504750,0,1570
ore_ont_1194,both,211734,504750,0,1574
ore_ont_11972,off,106,48,91,0
ore_ont_11972,eo,106,48,91,0
ore_ont_11972,os,106,48,91,0
ore_ont_11972,both,106,48,91,0
ore_ont_11978,off,118,67,0,0
ore_ont_11978,eo,118,67,0,0
ore_ont_11978,os,118,67,0,0
ore_ont_11978,both,118,67,0,0
ore_ont_11989,off,4001,20498,58,50
ore_ont_11989,eo,4001,20498,58,46
ore_ont_11989,os,4001,20498,58,50
ore_ont_11989,both,4001,20498,58,48
ore_ont_1199,off,33111,87979,5,624
ore_ont_1199,eo,33111,87979,5,626
ore_ont_1199,os,33111,87979,5,635
ore_ont_1199,both,33111,87979,5,625
ore_ont_12000,off,5423,21656,0,19
ore_ont_12000,eo,5423,21656,0,19
ore_ont_12000,os,5423,21656,0,19
ore_ont_12000,both,5423,21656,0,19
ore_ont_12007,off,326,1657,0,1
ore_ont_12007,eo,326,1657,0,1
ore_ont_12007,os,326,1657,0,1
ore_ont_12007,both,326,1657,0,0
ore_ont_12009,off,1153,11662,0,6
ore_ont_12009,eo,1153,11662,0,5
ore_ont_12009,os,1153,11662,0,5
ore_ont_12009,both,1153,11662,0,6
ore_ont_12012,off,91980,379760,190,417
ore_ont_12012,eo,91980,379760,190,418
ore_ont_12012,os,91980,379760,190,417
ore_ont_12012,both,91980,379760,190,421
ore_ont_12039,off,4216,21214,58,53
ore_ont_12039,eo,4216,21214,58,53
ore_ont_12039,os,4216,21214,58,52
ore_ont_12039,both,4216,21214,58,53
ore_ont_12043,off,4455,22600,59,18
ore_ont_12043,eo,4455,22600,59,18
ore_ont_12043,os,4455,22600,59,18
ore_ont_12043,both,4455,22600,59,18
ore_ont_12061,off,232,1185,0,1
ore_ont_12061,eo,232,1185,0,1
ore_ont_12061,os,232,1185,0,1
ore_ont_12061,both,232,1185,0,1
ore_ont_12084,off,807,3628,17,5
ore_ont_12084,eo,807,3628,17,3
ore_ont_12084,os,807,3628,17,5
ore_ont_12084,both,807,3628,17,3
ore_ont_12087,off,254610,505611,5,1387
ore_ont_12087,eo,254610,505611,5,1383
ore_ont_12087,os,254610,505611,5,1383
ore_ont_12087,both,254610,505611,5,1384
ore_ont_12097,off,1688,15243,0,7
ore_ont_12097,eo,1688,15243,0,7
ore_ont_12097,os,1688,15243,0,6
ore_ont_12097,both,1688,15243,0,6
ore_ont_12101,off,68,99,1,0
ore_ont_12101,eo,68,99,1,0
ore_ont_12101,os,68,99,1,0
ore_ont_12101,both,68,99,1,0
ore_ont_12107,off,83,151,27,0
ore_ont_12107,eo,83,151,27,0
ore_ont_12107,os,83,151,27,0
ore_ont_12107,both,83,151,27,0
ore_ont_12112,off,110,116,0,1
ore_ont_12112,eo,110,116,0,1
ore_ont_12112,os,110,116,0,0
ore_ont_12112,both,110,116,0,1
ore_ont_12118,off,4,11,0,0
ore_ont_12118,eo,4,11,0,0
ore_ont_12118,os,4,11,0,0
ore_ont_12118,both,4,11,0,0
ore_ont_1211,off,1684,15233,0,6
ore_ont_1211,eo,1684,15233,0,7
ore_ont_1211,os,1684,15233,0,6
ore_ont_1211,both,1684,15233,0,6
ore_ont_12128,off,439006,2361655,101,3877
ore_ont_12128,eo,439006,2361655,101,3890
ore_ont_12128,os,439006,2361655,101,3878
ore_ont_12128,both,439006,2361655,101,3899
ore_ont_1212,off,111,770,0,50
ore_ont_1212,eo,111,770,0,50
ore_ont_1212,os,111,770,0,50
ore_ont_1212,both,111,770,0,50
ore_ont_12141,off,790,868,379,3
ore_ont_12141,eo,790,868,379,2
ore_ont_12141,os,790,868,379,2
ore_ont_12141,both,790,868,379,2
ore_ont_12149,off,38589,639701,0,255
ore_ont_12149,eo,38589,639701,0,252
ore_ont_12149,os,38589,639701,0,251
ore_ont_12149,both,38589,639701,0,252
ore_ont_12150,off,119,247,0,0
ore_ont_12150,eo,119,247,0,0
ore_ont_12150,os,119,247,0,0
ore_ont_12150,both,119,247,0,0
ore_ont_12152,off,4432,22435,59,17
ore_ont_12152,eo,4432,22435,59,17
ore_ont_12152,os,4432,22435,59,18
ore_ont_12152,both,4432,22435,59,17
ore_ont_12161,off,11877,86152,0,45
ore_ont_12161,eo,11877,86152,0,45
ore_ont_12161,os,11877,86152,0,45
ore_ont_12161,both,11877,86152,0,45
ore_ont_12174,off,541765,6750,538682,1199
ore_ont_12174,eo,541765,6750,538682,1184
ore_ont_12174,os,541765,6750,538682,1194
ore_ont_12174,both,541765,6750,538682,1176
ore_ont_12182,off,5497,11029,0,1082
ore_ont_12182,eo,5497,11029,0,831
ore_ont_12182,os,5497,11029,0,1079
ore_ont_12182,both,5497,11029,0,829
ore_ont_12191,off,10475,124306,90,65
ore_ont_12191,eo,10475,124306,90,63
ore_ont_12191,os,10475,124306,90,65
ore_ont_12191,both,10475,124306,90,63
ore_ont_12194,off,19382,120685,0,90
ore_ont_12194,eo,19382,120685,0,92
ore_ont_12194,os,19382,120685,0,91
ore_ont_12194,both,19382,120685,0,91
ore_ont_12203,off,980,2089,0,689
ore_ont_12203,eo,980,2089,0,692
ore_ont_12203,os,980,2089,0,686
ore_ont_12203,both,980,2089,0,690
ore_ont_12208,off,137704,326238,0,479
ore_ont_12208,eo,137704,326238,0,481
ore_ont_12208,os,137704,326238,0,488
ore_ont_12208,both,137704,326238,0,480
ore_ont_12219,off,4451,22546,59,18
ore_ont_12219,eo,4451,22546,59,18
ore_ont_12219,os,4451,22546,59,18
ore_ont_12219,both,4451,22546,59,18
ore_ont_12221,off,21723,19993,2,74
ore_ont_12221,eo,21723,19993,2,74
ore_ont_12221,os,21723,19993,2,74
ore_ont_12221,both,21723,19993,2,74
ore_ont_1222,off,119,90,38,0
ore_ont_1222,eo,119,90,38,0
ore_ont_1222,os,119,90,38,0
ore_ont_1222,both,119,90,38,0
ore_ont_12253,off,149,223,20,1
ore_ont_12253,eo,149,223,20,1
ore_ont_12253,os,149,223,20,0
ore_ont_12253,both,149,223,20,1
ore_ont_12269,off,13730,13731,0,41
ore_ont_12269,eo,13730,13731,0,40
ore_ont_12269,os,13730,13731,0,41
ore_ont_12269,both,13730,13731,0,41
ore_ont_12270,off,855,2798,0,4
ore_ont_12270,eo,855,2798,0,3
ore_ont_12270,os,855,2798,0,5
ore_ont_12270,both,855,2798,0,5
ore_ont_12281,off,2875,9975,36,6
ore_ont_12281,eo,2875,9975,36,11
ore_ont_12281,os,2875,9975,36,7
ore_ont_12281,both,2875,9975,36,12
ore_ont_12284,off,12531,26038,0,48
ore_ont_12284,eo,12531,26038,0,48
ore_ont_12284,os,12531,26038,0,48
ore_ont_12284,both,12531,26038,0,48
ore_ont_12317,off,25369,50738,0,218
ore_ont_12317,eo,25369,50738,0,216
ore_ont_12317,os,25369,50738,0,221
ore_ont_12317,both,25369,50738,0,218
ore_ont_12323,off,198,440,0,2
ore_ont_12323,eo,198,440,0,2
ore_ont_12323,os,198,440,0,2
ore_ont_12323,both,198,440,0,2
ore_ont_12325,off,3126,17059,68,11
ore_ont_12325,eo,3126,17059,68,11
ore_ont_12325,os,3126,17059,68,20
ore_ont_12325,both,3126,17059,68,12
ore_ont_12330,off,30579,72762,676,117
ore_ont_12330,eo,30579,72762,676,117
ore_ont_12330,os,30579,72762,676,117
ore_ont_12330,both,30579,72762,676,118
ore_ont_12342,off,3800,2367,3294,6
ore_ont_12342,eo,3800,2367,3294,6
ore_ont_12342,os,3800,2367,3294,6
ore_ont_12342,both,3800,2367,3294,4
ore_ont_12351,off,143444,1185544,68,3094
ore_ont_12351,eo,143444,1185544,68,3088
ore_ont_12351,os,143444,1185544,68,3072
ore_ont_12351,both,143444,1185544,68,3075
ore_ont_12360,off,40,49,22,0
ore_ont_12360,eo,40,49,22,0
ore_ont_12360,os,40,49,22,0
ore_ont_12360,both,40,49,22,0
ore_ont_12369,off,381,356,144,4
ore_ont_12369,eo,381,356,144,3
ore_ont_12369,os,381,356,144,4
ore_ont_12369,both,381,356,144,4
ore_ont_12372,off,1058,4405,0,4
ore_ont_12372,eo,1058,4405,0,4
ore_ont_12372,os,1058,4405,0,4
ore_ont_12372,both,1058,4405,0,4
ore_ont_12379,off,548,385,0,1
ore_ont_12379,eo,548,385,0,1
ore_ont_12379,os,548,385,0,1
ore_ont_12379,both,548,385,0,1
ore_ont_12382,off,792,2036,0,2
ore_ont_12382,eo,792,2036,0,2
ore_ont_12382,os,792,2036,0,3
ore_ont_12382,both,792,2036,0,2
ore_ont_12387,off,296201,484291,2,1847
ore_ont_12387,eo,296201,484291,2,1811
ore_ont_12387,os,296201,484291,2,1822
ore_ont_12387,both,296201,484291,2,1809
ore_ont_12397,off,2675,17463,0,9
ore_ont_12397,eo,2675,17463,0,9
ore_ont_12397,os,2675,17463,0,9
ore_ont_12397,both,2675,17463,0,9
ore_ont_12405,off,6092,4238,0,16
ore_ont_12405,eo,6092,4238,0,16
ore_ont_12405,os,6092,4238,0,17
ore_ont_12405,both,6092,4238,0,16
ore_ont_12410,off,10404,28578,2,50
ore_ont_12410,eo,10404,28578,2,50
ore_ont_12410,os,10404,28578,2,51
ore_ont_12410,both,10404,28578,2,51
ore_ont_12414,off,47691,287110,3,566
ore_ont_12414,eo,47691,287110,3,568
ore_ont_12414,os,47691,287110,3,573
ore_ont_12414,both,47691,287110,3,572
ore_ont_12415,off,4,11,0,0
ore_ont_12415,eo,4,11,0,0
ore_ont_12415,os,4,11,0,0
ore_ont_12415,both,4,11,0,0
ore_ont_12418,off,3975,20174,57,46
ore_ont_12418,eo,3975,20174,57,47
ore_ont_12418,os,3975,20174,57,47
ore_ont_12418,both,3975,20174,57,46
ore_ont_12432,off,4878,15536,0,15
ore_ont_12432,eo,4878,15536,0,14
ore_ont_12432,os,4878,15536,0,15
ore_ont_12432,both,4878,15536,0,15
ore_ont_12433,off,810,1036,394,3
ore_ont_12433,eo,810,1036,394,3
ore_ont_12433,os,810,1036,394,1
ore_ont_12433,both,810,1036,394,3
ore_ont_12448,off,41178,262406,2,326
ore_ont_12448,eo,41178,262406,2,326
ore_ont_12448,os,41178,262406,2,329
ore_ont_12448,both,41178,262406,2,325
ore_ont_12451,off,7543,28783,493,19
ore_ont_12451,eo,7543,28783,493,18
ore_ont_12451,os,7543,28783,493,19
ore_ont_12451,both,7543,28783,493,19
ore_ont_12452,off,11179,79542,2,98
ore_ont_12452,eo,11179,79542,2,98
ore_ont_12452,os,11179,79542,2,98
ore_ont_12452,both,11179,79542,2,99
ore_ont_12468,off,3997,20480,58,47
ore_ont_12468,eo,3997,20480,58,53
ore_ont_12468,os,3997,20480,58,50
ore_ont_12468,both,3997,20480,58,50
ore_ont_12474,off,3991,20230,57,47
ore_ont_12474,eo,3991,20230,57,50
ore_ont_12474,os,3991,20230,57,47
ore_ont_12474,both,3991,20230,57,53
ore_ont_12486,off,29701,59409,2,137
ore_ont_12486,eo,29701,59409,2,136
ore_ont_12486,os,29701,59409,2,137
ore_ont_12486,both,29701,59409,2,138
ore_ont_12522,off,2060,2922,0,108
ore_ont_12522,eo,2060,2922,0,108
ore_ont_12522,os,2060,2922,0,108
ore_ont_12522,both,2060,2922,0,108
ore_ont_12528,off,69312,722430,0,1423
ore_ont_12528,eo,69312,722430,0,1415
ore_ont_12528,os,69312,722430,0,1424
ore_ont_12528,both,69312,722430,0,1420
ore_ont_12536,off,13776,99705,127,42
ore_ont_12536,eo,13776,99705,127,42
ore_ont_12536,os,13776,99705,127,42
ore_ont_12536,both,13776,99705,127,42
ore_ont_12566,off,235,1055,3,3
ore_ont_12566,eo,235,1055,3,3
ore_ont_12566,os,235,1055,3,3
ore_ont_12566,both,235,1055,3,2
ore_ont_12567,off,462041,2480157,103,5016
ore_ont_12567,eo,462041,2480157,103,4992
ore_ont_12567,os,462041,2480157,103,4994
ore_ont_12567,both,462041,2480157,103,5014
ore_ont_12584,off,0,76,0,0
ore_ont_12584,eo,0,76,0,0
ore_ont_12584,os,0,76,0,0
ore_ont_12584,both,0,76,0,0
ore_ont_12635,off,5155,6390,0,8
ore_ont_12635,eo,5155,6390,0,8
ore_ont_12635,os,5155,6390,0,8
ore_ont_12635,both,5155,6390,0,8
ore_ont_12651,off,121708,920805,0,839
ore_ont_12651,eo,121708,920805,0,839
ore_ont_12651,os,121708,920805,0,842
ore_ont_12651,both,121708,920805,0,842
ore_ont_12653,off,66,39,5,0
ore_ont_12653,eo,66,39,5,0
ore_ont_12653,os,66,39,5,0
ore_ont_12653,both,66,39,5,0
ore_ont_12665,off,4453,48972,0,26
ore_ont_12665,eo,4453,48972,0,26
ore_ont_12665,os,4453,48972,0,26
ore_ont_12665,both,4453,48972,0,26
ore_ont_12676,off,20767,84327,2,55
ore_ont_12676,eo,20767,84327,2,54
ore_ont_12676,os,20767,84327,2,54
ore_ont_12676,both,20767,84327,2,55
ore_ont_12698,off,25140,133640,56,92
ore_ont_12698,eo,25140,133640,56,92
ore_ont_12698,os,25140,133640,56,92
ore_ont_12698,both,25140,133640,56,92
ore_ont_1270,off,6564,19047,543,166
ore_ont_1270,eo,6564,19047,543,164
ore_ont_1270,os,6564,19047,543,168
ore_ont_1270,both,6564,19047,543,167
ore_ont_12721,off,60,61,0,0
ore_ont_12721,eo,60,61,0,0
ore_ont_12721,os,60,61,0,0
ore_ont_12721,both,60,61,0,0
ore_ont_12723,off,2068,10508,172,6
ore_ont_12723,eo,2068,10508,172,6
ore_ont_12723,os,2068,10508,172,6
ore_ont_12723,both,2068,10508,172,6
ore_ont_1272,off,80337,218267,5,286
ore_ont_1272,eo,80337,218267,5,287
ore_ont_1272,os,80337,218267,5,283
ore_ont_1272,both,80337,218267,5,287
ore_ont_12743,off,248386,758084,5,1394
ore_ont_12743,eo,248386,758084,5,1392
ore_ont_12743,os,248386,758084,5,1401
ore_ont_12743,both,248386,758084,5,1399
ore_ont_12764,off,1274,3032,0,4
ore_ont_12764,eo,1274,3032,0,3
ore_ont_12764,os,1274,3032,0,3
ore_ont_12764,both,1274,3032,0,3
ore_ont_12776,off,7047,7053,0,18
ore_ont_12776,eo,7047,7053,0,18
ore_ont_12776,os,7047,7053,0,19
ore_ont_12776,both,7047,7053,0,18
ore_ont_12792,off,18254,55011,60,87
ore_ont_12792,eo,18254,55011,60,87
ore_ont_12792,os,18254,55011,60,87
ore_ont_12792,both,18254,55011,60,87
ore_ont_12801,off,2474,10837,21,10
ore_ont_12801,eo,2474,10837,21,10
ore_ont_12801,os,2474,10837,21,10
ore_ont_12801,both,2474,10837,21,10
ore_ont_12802,off,14547,16206,0,51
ore_ont_12802,eo,14547,16206,0,51
ore_ont_12802,os,14547,16206,0,52
ore_ont_12802,both,14547,16206,0,54
ore_ont_12824,off,153,18,105,1
ore_ont_12824,eo,153,18,105,1
ore_ont_12824,os,153,18,105,1
ore_ont_12824,both,153,18,105,1
ore_ont_12831,off,980,8390,0,4
ore_ont_12831,eo,980,8390,0,4
ore_ont_12831,os,980,8390,0,5
ore_ont_12831,both,980,8390,0,6
ore_ont_12836,off,5115,885,4775,12
ore_ont_12836,eo,5115,885,4775,12
ore_ont_12836,os,5115,885,4775,12
ore_ont_12836,both,5115,885,4775,13
ore_ont_12839,off,42318,91719,0,183
ore_ont_12839,eo,42318,91719,0,184
ore_ont_12839,os,42318,91719,0,186
ore_ont_12839,both,42318,91719,0,184
ore_ont_12884,off,3980,20450,58,50
ore_ont_12884,eo,3980,20450,58,46
ore_ont_12884,os,3980,20450,58,47
ore_ont_12884,both,3980,20450,58,47
ore_ont_12892,off,951,1622,0,3
ore_ont_12892,eo,951,1622,0,3
ore_ont_12892,os,951,1622,0,3
ore_ont_12892,both,951,1622,0,3
ore_ont_12898,off,3182456,888051,7,12415
ore_ont_12898,eo,3182456,888051,7,12450
ore_ont_12898,os,3182456,888051,7,12424
ore_ont_12898,both,3182456,888051,7,12454
ore_ont_12901,off,299,817,0,413
ore_ont_12901,eo,299,817,0,418
ore_ont_12901,os,299,817,0,412
ore_ont_12901,both,299,817,0,414
ore_ont_12906,off,88,405,0,0
ore_ont_12906,eo,88,405,0,0
ore_ont_12906,os,88,405,0,0
ore_ont_12906,both,88,405,0,0
ore_ont_12914,off,3380,9017,0,8
ore_ont_12914,eo,3380,9017,0,8
ore_ont_12914,os,3380,9017,0,8
ore_ont_12914,both,3380,9017,0,8
ore_ont_12916,off,3558,20111,73,13
ore_ont_12916,eo,3558,20111,73,13
ore_ont_12916,os,3558,20111,73,13
ore_ont_12916,both,3558,20111,73,13
ore_ont_12925,off,1116,5182,17,4
ore_ont_12925,eo,1116,5182,17,4
ore_ont_12925,os,1116,5182,17,4
ore_ont_12925,both,1116,5182,17,4
ore_ont_12931,off,1985,14501,0,6
ore_ont_12931,eo,1985,14501,0,8
ore_ont_12931,os,1985,14501,0,7
ore_ont_12931,both,1985,14501,0,6
ore_ont_12932,off,251,713,0,3
ore_ont_12932,eo,251,713,0,3
ore_ont_12932,os,251,713,0,2
ore_ont_12932,both,251,713,0,1
ore_ont_12936,off,17529,40565,0,81
ore_ont_12936,eo,17529,40565,0,82
ore_ont_12936,os,17529,40565,0,84
ore_ont_12936,both,17529,40565,0,85
ore_ont_12948,off,308,222,231,2
ore_ont_12948,eo,308,222,231,2
ore_ont_12948,os,308,222,231,2
ore_ont_12948,both,308,222,231,2
ore_ont_12955,off,113,255,0,3
ore_ont_12955,eo,113,255,0,3
ore_ont_12955,os,113,255,0,4
ore_ont_12955,both,113,255,0,3
ore_ont_12957,off,89,188,0,0
ore_ont_12957,eo,89,188,0,0
ore_ont_12957,os,89,188,0,0
ore_ont_12957,both,89,188,0,0
ore_ont_12965,off,1333,3155,0,4
ore_ont_12965,eo,1333,3155,0,4
ore_ont_12965,os,1333,3155,0,5
ore_ont_12965,both,1333,3155,0,4
ore_ont_12985,off,144854,283780,5,627
ore_ont_12985,eo,144854,283780,5,624
ore_ont_12985,os,144854,283780,5,632
ore_ont_12985,both,144854,283780,5,633
ore_ont_12987,off,1246,8543,0,5
ore_ont_12987,eo,1246,8543,0,6
ore_ont_12987,os,1246,8543,0,5
ore_ont_12987,both,1246,8543,0,5
ore_ont_12992,off,18376,55609,62,98
ore_ont_12992,eo,18376,55609,62,96
ore_ont_12992,os,18376,55609,62,96
ore_ont_12992,both,18376,55609,62,95
ore_ont_12993,off,139301,501740,196,930
ore_ont_12993,eo,139301,501740,196,940
ore_ont_12993,os,139301,501740,196,950
ore_ont_12993,both,139301,501740,196,943
ore_ont_13000,off,12365,26543,0,30
ore_ont_13000,eo,12365,26543,0,31
ore_ont_13000,os,12365,26543,0,30
ore_ont_13000,both,12365,26543,0,30
ore_ont_13018,off,175,665,0,0
ore_ont_13018,eo,175,665,0,0
ore_ont_13018,os,175,665,0,0
ore_ont_13018,both,175,665,0,0
ore_ont_13035,off,216,738,0,2
ore_ont_13035,eo,216,738,0,2
ore_ont_13035,os,216,738,0,2
ore_ont_13035,both,216,738,0,2
ore_ont_13052,off,4024211,59649,4005869,7909
ore_ont_13052,eo,4024211,59649,4005869,7895
ore_ont_13052,os,4024211,59649,4005869,7963
ore_ont_13052,both,4024211,59649,4005869,7969
ore_ont_13053,off,399,2141,0,1
ore_ont_13053,eo,399,2141,0,1
ore_ont_13053,os,399,2141,0,1
ore_ont_13053,both,399,2141,0,1
ore_ont_13064,off,190,137,85,1
ore_ont_13064,eo,190,137,85,1
ore_ont_13064,os,190,137,85,0
ore_ont_13064,both,190,137,85,1
ore_ont_13066,off,0,116,0,0
ore_ont_13066,eo,0,116,0,0
ore_ont_13066,os,0,116,0,0
ore_ont_13066,both,0,116,0,0
ore_ont_1306,off,182784,35622,0,1601
ore_ont_1306,eo,182784,35622,0,1600
ore_ont_1306,os,182784,35622,0,1608
ore_ont_1306,both,182784,35622,0,1615
ore_ont_13071,off,30834,115020,677,125
ore_ont_13071,eo,30834,115020,677,125
ore_ont_13071,os,30834,115020,677,125
ore_ont_13071,both,30834,115020,677,128
ore_ont_13077,off,157,564,4,1
ore_ont_13077,eo,157,564,4,1
ore_ont_13077,os,157,564,4,1
ore_ont_13077,both,157,564,4,1
ore_ont_13078,off,3801,13083,1,13
ore_ont_13078,eo,3801,13083,1,13
ore_ont_13078,os,3801,13083,1,13
ore_ont_13078,both,3801,13083,1,13
ore_ont_13082,off,743837,3393,742371,1031
ore_ont_13082,eo,743837,3393,742371,1045
ore_ont_13082,os,743837,3393,742371,1024
ore_ont_13082,both,743837,3393,742371,1036
ore_ont_13097,off,0,159,0,0
ore_ont_13097,eo,0,159,0,0
ore_ont_13097,os,0,159,0,0
ore_ont_13097,both,0,159,0,0
ore_ont_13100,off,641,3713,0,3
ore_ont_13100,eo,641,3713,0,3
ore_ont_13100,os,641,3713,0,1
ore_ont_13100,both,641,3713,0,3
ore_ont_13103,off,50968,188180,69,163
ore_ont_13103,eo,50968,188180,69,172
ore_ont_13103,os,50968,188180,69,161
ore_ont_13103,both,50968,188180,69,163
ore_ont_13106,off,4392,6963,0,457
ore_ont_13106,eo,4392,6963,0,461
ore_ont_13106,os,4392,6963,0,465
ore_ont_13106,both,4392,6963,0,457
ore_ont_1310,off,38852,77500,0,215
ore_ont_1310,eo,38852,77500,0,213
ore_ont_1310,os,38852,77500,0,215
ore_ont_1310,both,38852,77500,0,213
ore_ont_13112,off,819,1981,0,4
ore_ont_13112,eo,819,1981,0,4
ore_ont_13112,os,819,1981,0,3
ore_ont_13112,both,819,1981,0,3
ore_ont_13113,off,1706,8552,0,5
ore_ont_13113,eo,1706,8552,0,5
ore_ont_13113,os,1706,8552,0,5
ore_ont_13113,both,1706,8552,0,6
ore_ont_13122,off,17283,23067,0,39
ore_ont_13122,eo,17283,23067,0,39
ore_ont_13122,os,17283,23067,0,40
ore_ont_13122,both,17283,23067,0,39
ore_ont_13124,off,7165,30850,0,23
ore_ont_13124,eo,7165,30850,0,23
ore_ont_13124,os,7165,30850,0,23
ore_ont_13124,both,7165,30850,0,23
ore_ont_13129,off,1408,442,1149,2
ore_ont_13129,eo,1408,442,1149,5
ore_ont_13129,os,1408,442,1149,2
ore_ont_13129,both,1408,442,1149,4
ore_ont_13132,off,115,296,10,2
ore_ont_13132,eo,115,296,10,2
ore_ont_13132,os,115,296,10,2
ore_ont_13132,both,115,296,10,2
ore_ont_13136,off,22042,69730,217,180
ore_ont_13136,eo,22042,69730,217,180
ore_ont_13136,os,22042,69730,217,180
ore_ont_13136,both,22042,69730,217,179
ore_ont_13139,off,2785,13656,5,14
ore_ont_13139,eo,2785,13656,5,14
ore_ont_13139,os,2785,13656,5,14
ore_ont_13139,both,2785,13656,5,14
ore_ont_13141,off,6429,23077,0,23
ore_ont_13141,eo,6429,23077,0,24
ore_ont_13141,os,6429,23077,0,23
ore_ont_13141,both,6429,23077,0,23
ore_ont_13150,off,3980,20450,58,50
ore_ont_13150,eo,3980,20450,58,49
ore_ont_13150,os,3980,20450,58,50
ore_ont_13150,both,3980,20450,58,48
ore_ont_13153,off,2815,14921,64,10
ore_ont_13153,eo,2815,14921,64,10
ore_ont_13153,os,2815,14921,64,10
ore_ont_13153,both,2815,14921,64,10
ore_ont_13178,off,4495,22673,59,18
ore_ont_13178,eo,4495,22673,59,18
ore_ont_13178,os,4495,22673,59,18
ore_ont_13178,both,4495,22673,59,18
ore_ont_13204,off,180,53,164,0
ore_ont_13204,eo,180,53,164,0
ore_ont_13204,os,180,53,164,0
ore_ont_13204,both,180,53,164,0
ore_ont_13219,off,4853,1263,4184,75
ore_ont_13219,eo,4853,1263,4184,74
ore_ont_13219,os,4853,1263,4184,74
ore_ont_13219,both,4853,1263,4184,75
ore_ont_13220,off,50453,98790,0,302
ore_ont_13220,eo,50453,98790,0,300
ore_ont_13220,os,50453,98790,0,300
ore_ont_13220,both,50453,98790,0,302
ore_ont_13224,off,115161,1095419,1,724
ore_ont_13224,eo,115161,1095419,1,743
ore_ont_13224,os,115161,1095419,1,729
ore_ont_13224,both,115161,1095419,1,734
ore_ont_13229,off,160256,1243250,60,782
ore_ont_13229,eo,160256,1243250,60,782
ore_ont_13229,os,160256,1243250,60,783
ore_ont_13229,both,160256,1243250,60,782
ore_ont_13230,off,2175,5837,19,148
ore_ont_13230,eo,2175,5837,19,147
ore_ont_13230,os,2175,5837,19,153
ore_ont_13230,both,2175,5837,19,143
ore_ont_13233,off,2790,17891,7,57
ore_ont_13233,eo,2790,17891,7,57
ore_ont_13233,os,2790,17891,7,56
ore_ont_13233,both,2790,17891,7,57
ore_ont_13234,off,555,3500,0,1
ore_ont_13234,eo,555,3500,0,3
ore_ont_13234,os,555,3500,0,2
ore_ont_13234,both,555,3500,0,2
ore_ont_13242,off,138165,656357,286,663
ore_ont_13242,eo,138165,656357,286,661
ore_ont_13242,os,138165,656357,286,663
ore_ont_13242,both,138165,656357,286,661
ore_ont_13243,off,80523,545004,0,391
ore_ont_13243,eo,80523,545004,0,397
ore_ont_13243,os,80523,545004,0,392
ore_ont_13243,both,80523,545004,0,394
ore_ont_1325,off,376,999,0,1
ore_ont_1325,eo,376,999,0,1
ore_ont_1325,os,376,999,0,1
ore_ont_1325,both,376,999,0,1
ore_ont_13276,off,116089,490791,0,425
ore_ont_13276,eo,116089,490791,0,425
ore_ont_13276,os,116089,490791,0,428
ore_ont_13276,both,116089,490791,0,430
ore_ont_13277,off,61,229,0,0
ore_ont_13277,eo,61,229,0,0
ore_ont_13277,os,61,229,0,0
ore_ont_13277,both,61,229,0,0
ore_ont_13298,off,1557,2027,0,4
ore_ont_13298,eo,1557,2027,0,2
ore_ont_13298,os,1557,2027,0,4
ore_ont_13298,both,1557,2027,0,3
ore_ont_13299,off,4542,33249,46,15
ore_ont_13299,eo,4542,33249,46,15
ore_ont_13299,os,4542,33249,46,15
ore_ont_13299,both,4542,33249,46,15
ore_ont_13301,off,436,12254,0,3
ore_ont_13301,eo,436,12254,0,3
ore_ont_13301,os,436,12254,0,2
ore_ont_13301,both,436,12254,0,3
ore_ont_13306,off,56,68,1,0
ore_ont_13306,eo,56,68,1,0
ore_ont_13306,os,56,68,1,0
ore_ont_13306,both,56,68,1,0
ore_ont_1330,off,19959,74382,67,85
ore_ont_1330,eo,19959,74382,67,84
ore_ont_1330,os,19959,74382,67,86
ore_ont_1330,both,19959,74382,67,85
ore_ont_13336,off,4260,22483,59,17
ore_ont_13336,eo,4260,22483,59,17
ore_ont_13336,os,4260,22483,59,17
ore_ont_13336,both,4260,22483,59,17
ore_ont_13337,off,3975,20174,57,50
ore_ont_13337,eo,3975,20174,57,51
ore_ont_13337,os,3975,20174,57,49
ore_ont_13337,both,3975,20174,57,50
ore_ont_13355,off,396047,3299844,0,5151
ore_ont_13355,eo,396047,3299844,0,5265
ore_ont_13355,os,396047,3299844,0,5256
ore_ont_13355,both,396047,3299844,0,5277
ore_ont_13359,off,9433,69367,0,150
ore_ont_13359,eo,9433,69367,0,150
ore_ont_13359,os,9433,69367,0,150
ore_ont_13359,both,9433,69367,0,150
ore_ont_13383,off,491,2563,13,3
ore_ont_13383,eo,491,2563,13,3
ore_ont_13383,os,491,2563,13,4
ore_ont_13383,both,491,2563,13,2
ore_ont_13392,off,122,246,0,0
ore_ont_13392,eo,122,246,0,0
ore_ont_13392,os,122,246,0,0
ore_ont_13392,both,122,246,0,0
ore_ont_13398,off,413,416,0,1
ore_ont_13398,eo,413,416,0,1
ore_ont_13398,os,413,416,0,1
ore_ont_13398,both,413,416,0,1
ore_ont_13404,off,303,1494,0,2
ore_ont_13404,eo,303,1494,0,1
ore_ont_13404,os,303,1494,0,2
ore_ont_13404,both,303,1494,0,2
ore_ont_13405,off,4075,879,3728,11
ore_ont_13405,eo,4075,879,3728,12
ore_ont_13405,os,4075,879,3728,12
ore_ont_13405,both,4075,879,3728,11
ore_ont_1340,off,4246,22430,59,17
ore_ont_1340,eo,4246,22430,59,17
ore_ont_1340,os,4246,22430,59,17
ore_ont_1340,both,4246,22430,59,17
ore_ont_13413,off,1505,1877,0,3
ore_ont_13413,eo,1505,1877,0,3
ore_ont_13413,os,1505,1877,0,3
ore_ont_13413,both,1505,1877,0,3
ore_ont_13423,off,121710,920808,2,860
ore_ont_13423,eo,121710,920808,2,862
ore_ont_13423,os,121710,920808,2,861
ore_ont_13423,both,121710,920808,2,865
ore_ont_13429,off,98,575,0,0
ore_ont_13429,eo,98,575,0,0
ore_ont_13429,os,98,575,0,0
ore_ont_13429,both,98,575,0,0
ore_ont_1342,off,112,130,10,0
ore_ont_1342,eo,112,130,10,0
ore_ont_1342,os,112,130,10,0
ore_ont_1342,both,112,130,10,0
ore_ont_13430,off,2598,10751,0,20
ore_ont_13430,eo,2598,10751,0,20
ore_ont_13430,os,2598,10751,0,20
ore_ont_13430,both,2598,10751,0,20
ore_ont_13444,off,3319,26024,0,11
ore_ont_13444,eo,3319,26024,0,10
ore_ont_13444,os,3319,26024,0,11
ore_ont_13444,both,3319,26024,0,11
ore_ont_13451,off,13630,115802,0,52
ore_ont_13451,eo,13630,115802,0,52
ore_ont_13451,os,13630,115802,0,52
ore_ont_13451,both,13630,115802,0,52
ore_ont_13460,off,4449,19698,0,19
ore_ont_13460,eo,4449,19698,0,19
ore_ont_13460,os,4449,19698,0,19
ore_ont_13460,both,4449,19698,0,19
ore_ont_1346,off,1058,4405,0,7
ore_ont_1346,eo,1058,4405,0,4
ore_ont_1346,os,1058,4405,0,4
ore_ont_1346,both,1058,4405,0,7
ore_ont_13474,off,1279,8758,0,6
ore_ont_13474,eo,1279,8758,0,6
ore_ont_13474,os,1279,8758,0,6
ore_ont_13474,both,1279,8758,0,6
ore_ont_13482,off,337936,58376,0,3043
ore_ont_13482,eo,337936,58376,0,3051
ore_ont_13482,os,337936,58376,0,3036
ore_ont_13482,both,337936,58376,0,3051
ore_ont_13483,off,68,119,26,0
ore_ont_13483,eo,68,119,26,0
ore_ont_13483,os,68,119,26,0
ore_ont_13483,both,68,119,26,0
ore_ont_13503,off,29,155,0,0
ore_ont_13503,eo,29,155,0,0
ore_ont_13503,os,29,155,0,0
ore_ont_13503,both,29,155,0,0
ore_ont_13524,off,0,77,0,0
ore_ont_13524,eo,0,77,0,0
ore_ont_13524,os,0,77,0,0
ore_ont_13524,both,0,77,0,0
ore_ont_13526,off,82,5681,0,194
ore_ont_13526,eo,82,5681,0,194
ore_ont_13526,os,82,5681,0,194
ore_ont_13526,both,82,5681,0,194
ore_ont_13530,off,235,1015,0,1
ore_ont_13530,eo,235,1015,0,1
ore_ont_13530,os,235,1015,0,1
ore_ont_13530,both,235,1015,0,1
ore_ont_13545,off,2717,23545,45,9
ore_ont_13545,eo,2717,23545,45,9
ore_ont_13545,os,2717,23545,45,9
ore_ont_13545,both,2717,23545,45,9
ore_ont_13578,off,1691,3048,0,3
ore_ont_13578,eo,1691,3048,0,4
ore_ont_13578,os,1691,3048,0,6
ore_ont_13578,both,1691,3048,0,3
ore_ont_1357,off,134246,132198,2,579
ore_ont_1357,eo,134246,132198,2,569
ore_ont_1357,os,134246,132198,2,568
ore_ont_1357,both,134246,132198,2,577
ore_ont_13581,off,188,598,7,1
ore_ont_13581,eo,188,598,7,1
ore_ont_13581,os,188,598,7,1
ore_ont_13581,both,188,598,7,1
ore_ont_13584,off,191,603,6,4
ore_ont_13584,eo,191,603,6,3
ore_ont_13584,os,191,603,6,4
ore_ont_13584,both,191,603,6,2
ore_ont_13591,off,199,333,0,288
ore_ont_13591,eo,199,333,0,291
ore_ont_13591,os,199,333,0,288
ore_ont_13591,both,199,333,0,286
ore_ont_13621,off,4432,22435,59,17
ore_ont_13621,eo,4432,22435,59,18
ore_ont_13621,os,4432,22435,59,18
ore_ont_13621,both,4432,22435,59,18
ore_ont_13643,off,181,874,0,0
ore_ont_13643,eo,181,874,0,0
ore_ont_13643,os,181,874,0,0
ore_ont_13643,both,181,874,0,0
ore_ont_13646,off,871,5064,0,5
ore_ont_13646,eo,871,5064,0,5
ore_ont_13646,os,871,5064,0,5
ore_ont_13646,both,871,5064,0,3
ore_ont_13647,off,1427,2593,0,2182
ore_ont_13647,eo,1427,2593,0,2167
ore_ont_13647,os,1427,2593,0,2181
ore_ont_13647,both,1427,2593,0,2195
ore_ont_13657,off,883,4756,1,4
ore_ont_13657,eo,883,4756,1,3
ore_ont_13657,os,883,4756,1,3
ore_ont_13657,both,883,4756,1,4
ore_ont_13664,off,37683,75376,2,187
ore_ont_13664,eo,37683,75376,2,187
ore_ont_13664,os,37683,75376,2,195
ore_ont_13664,both,37683,75376,2,188
ore_ont_13665,off,32869,84357,0,94
ore_ont_13665,eo,32869,84357,0,93
ore_ont_13665,os,32869,84357,0,94
ore_ont_13665,both,32869,84357,0,94
ore_ont_13674,off,3996,20222,57,51
ore_ont_13674,eo,3996,20222,57,51
ore_ont_13674,os,3996,20222,57,51
ore_ont_13674,both,3996,20222,57,47
ore_ont_13679,off,4033,20526,57,51
ore_ont_13679,eo,4033,20526,57,51
ore_ont_13679,os,4033,20526,57,47
ore_ont_13679,both,4033,20526,57,49
ore_ont_13680,off,106,48,91,0
ore_ont_13680,eo,106,48,91,1
ore_ont_13680,os,106,48,91,0
ore_ont_13680,both,106,48,91,1
ore_ont_13684,off,38694,245741,68,200
ore_ont_13684,eo,38694,245741,68,200
ore_ont_13684,os,38694,245741,68,203
ore_ont_13684,both,38694,245741,68,200
ore_ont_13690,off,14332,67997,67,52
ore_ont_13690,eo,14332,67997,67,53
ore_ont_13690,os,14332,67997,67,54
ore_ont_13690,both,14332,67997,67,52
ore_ont_13700,off,2783,23908,103,201
ore_ont_13700,eo,2783,23908,103,194
ore_ont_13700,os,2783,23908,103,192
ore_ont_13700,both,2783,23908,103,185
ore_ont_13704,off,95,73,64,1
ore_ont_13704,eo,95,73,64,1
ore_ont_13704,os,95,73,64,0
ore_ont_13704,both,95,73,64,1
ore_ont_13708,off,62310,513596,95,490
ore_ont_13708,eo,62310,513596,95,504
ore_ont_13708,os,62310,513596,95,495
ore_ont_13708,both,62310,513596,95,492
ore_ont_1370,off,38375,419473,0,656
ore_ont_1370,eo,38375,419473,0,651
ore_ont_1370,os,38375,419473,0,658
ore_ont_1370,both,38375,419473,0,661
ore_ont_13723,off,13678,14302,2223,26
ore_ont_13723,eo,13678,14302,2223,26
ore_ont_13723,os,13678,14302,2223,26
ore_ont_13723,both,13678,14302,2223,26
ore_ont_13737,off,90,131,1,0
ore_ont_13737,eo,90,131,1,0
ore_ont_13737,os,90,131,1,0
ore_ont_13737,both,90,131,1,0
ore_ont_13740,off,311,702,125,1
ore_ont_13740,eo,311,702,125,1
ore_ont_13740,os,311,702,125,0
ore_ont_13740,both,311,702,125,0
ore_ont_13752,off,17285,23070,2,39
ore_ont_13752,eo,17285,23070,2,41
ore_ont_13752,os,17285,23070,2,39
ore_ont_13752,both,17285,23070,2,40
ore_ont_13755,off,4402,4762,0,11
ore_ont_13755,eo,4402,4762,0,11
ore_ont_13755,os,4402,4762,0,11
ore_ont_13755,both,4402,4762,0,11
ore_ont_13759,off,133,425,2,0
ore_ont_13759,eo,133,425,2,0
ore_ont_13759,os,133,425,2,0
ore_ont_13759,both,133,425,2,0
ore_ont_13762,off,5,15,1,0
ore_ont_13762,eo,5,15,1,0
ore_ont_13762,os,5,15,1,0
ore_ont_13762,both,5,15,1,0
ore_ont_13772,off,0,159,0,0
ore_ont_13772,eo,0,159,0,0
ore_ont_13772,os,0,159,0,0
ore_ont_13772,both,0,159,0,0
ore_ont_13776,off,3975,20174,57,46
ore_ont_13776,eo,3975,20174,57,47
ore_ont_13776,os,3975,20174,57,53
ore_ont_13776,both,3975,20174,57,46
ore_ont_13799,off,242,145,135,1
ore_ont_13799,eo,242,145,135,1
ore_ont_13799,os,242,145,135,1
ore_ont_13799,both,242,145,135,1
ore_ont_13805,off,197,95,1,1
ore_ont_13805,eo,197,95,1,0
ore_ont_13805,os,197,95,1,0
ore_ont_13805,both,197,95,1,1
ore_ont_13811,off,13730,13731,0,41
ore_ont_13811,eo,13730,13731,0,41
ore_ont_13811,os,13730,13731,0,42
ore_ont_13811,both,13730,13731,0,41
ore_ont_13833,off,347,2155,0,2
ore_ont_13833,eo,347,2155,0,2
ore_ont_13833,os,347,2155,0,1
ore_ont_13833,both,347,2155,0,2
ore_ont_13837,off,342,883,0,3
ore_ont_13837,eo,342,883,0,3
ore_ont_13837,os,342,883,0,3
ore_ont_13837,both,342,883,0,3
ore_ont_13840,off,4832,17365,0,16
ore_ont_13840,eo,4832,17365,0,16
ore_ont_13840,os,4832,17365,0,16
ore_ont_13840,both,4832,17365,0,16
ore_ont_13846,off,74244,755934,62,1601
ore_ont_13846,eo,74244,755934,62,1629
ore_ont_13846,os,74244,755934,62,1612
ore_ont_13846,both,74244,755934,62,1608
ore_ont_13851,off,4589,25860,63,18
ore_ont_13851,eo,4589,25860,63,18
ore_ont_13851,os,4589,25860,63,18
ore_ont_13851,both,4589,25860,63,18
ore_ont_13852,off,12342,27659,0,46
ore_ont_13852,eo,12342,27659,0,47
ore_ont_13852,os,12342,27659,0,46
ore_ont_13852,both,12342,27659,0,46
ore_ont_13857,off,3982,20454,58,46
ore_ont_13857,eo,3982,20454,58,46
ore_ont_13857,os,3982,20454,58,54
ore_ont_13857,both,3982,20454,58,50
ore_ont_13859,off,3119,6590,1643,7
ore_ont_13859,eo,3119,6590,1643,7
ore_ont_13859,os,3119,6590,1643,7
ore_ont_13859,both,3119,6590,1643,7
ore_ont_13872,off,182,418,0,1
ore_ont_13872,eo,182,418,0,1
ore_ont_13872,os,182,418,0,0
ore_ont_13872,both,182,418,0,1
ore_ont_13880,off,167,277,8,2
ore_ont_13880,eo,167,277,8,1
ore_ont_13880,os,167,277,8,2
ore_ont_13880,both,167,277,8,1
ore_ont_13885,off,74,89,17,0
ore_ont_13885,eo,74,89,17,0
ore_ont_13885,os,74,89,17,1
ore_ont_13885,both,74,89,17,1
ore_ont_13887,off,596,6503,0,2
ore_ont_13887,eo,596,6503,0,3
ore_ont_13887,os,596,6503,0,2
ore_ont_13887,both,596,6503,0,3
ore_ont_13897,off,723,577,0,3
ore_ont_13897,eo,723,577,0,2
ore_ont_13897,os,723,577,0,3
ore_ont_13897,both,723,577,0,2
ore_ont_13898,off,605,3518,24,2
ore_ont_13898,eo,605,3518,24,4
ore_ont_13898,os,605,3518,24,4
ore_ont_13898,both,605,3518,24,4
ore_ont_13902,off,78784,20336,0,209
ore_ont_13902,eo,78784,20336,0,200
ore_ont_13902,os,78784,20336,0,201
ore_ont_13902,both,78784,20336,0,200
ore_ont_13912,off,16817,913,16334,43
ore_ont_13912,eo,16817,913,16334,41
ore_ont_13912,os,16817,913,16334,40
ore_ont_13912,both,16817,913,16334,42
ore_ont_13919,off,2725,4391,0,18
ore_ont_13919,eo,2725,4391,0,18
ore_ont_13919,os,2725,4391,0,17
ore_ont_13919,both,2725,4391,0,18
ore_ont_13928,off,115865,319398,5,472
ore_ont_13928,eo,115865,319398,5,476
ore_ont_13928,os,115865,319398,5,478
ore_ont_13928,both,115865,319398,5,476
ore_ont_13937,off,115961,319720,7,484
ore_ont_13937,eo,115961,319720,7,485
ore_ont_13937,os,115961,319720,7,487
ore_ont_13937,both,115961,319720,7,487
ore_ont_13941,off,3982,20456,58,50
ore_ont_13941,eo,3982,20456,58,48
ore_ont_13941,os,3982,20456,58,50
ore_ont_13941,both,3982,20456,58,50
ore_ont_13949,off,5421,24256,1,24
ore_ont_13949,eo,5421,24256,1,24
ore_ont_13949,os,5421,24256,1,24
ore_ont_13949,both,5421,24256,1,24
ore_ont_13954,off,357,286,39,2
ore_ont_13954,eo,357,286,39,2
ore_ont_13954,os,357,286,39,2
ore_ont_13954,both,357,286,39,2
ore_ont_13964,off,26527,20569,0,87
ore_ont_13964,eo,26527,20569,0,87
ore_ont_13964,os,26527,20569,0,86
ore_ont_13964,both,26527,20569,0,85
ore_ont_13969,off,121708,920805,0,836
ore_ont_13969,eo,121708,920805,0,840
ore_ont_13969,os,121708,920805,0,841
ore_ont_13969,both,121708,920805,0,835
ore_ont_1397,off,355,283,39,2
ore_ont_1397,eo,355,283,39,2
ore_ont_1397,os,355,283,39,2
ore_ont_1397,both,355,283,39,1
ore_ont_13991,off,2839,10724,0,19
ore_ont_13991,eo,2839,10724,0,19
ore_ont_13991,os,2839,10724,0,20
ore_ont_13991,both,2839,10724,0,20
ore_ont_14012,off,22042,69730,217,186
ore_ont_14012,eo,22042,69730,217,182
ore_ont_14012,os,22042,69730,217,182
ore_ont_14012,both,22042,69730,217,181
ore_ont_14025,off,72834,130636,5,314
ore_ont_14025,eo,72834,130636,5,326
ore_ont_14025,os,72834,130636,5,317
ore_ont_14025,both,72834,130636,5,315
ore_ont_14027,off,12591,28456,0,49
ore_ont_14027,eo,12591,28456,0,48
ore_ont_14027,os,12591,28456,0,48
ore_ont_14027,both,12591,28456,0,50
ore_ont_14031,off,2967,28586,32,10
ore_ont_14031,eo,2967,28586,32,10
ore_ont_14031,os,2967,28586,32,10
ore_ont_14031,both,2967,28586,32,10
ore_ont_14040,off,2794,14537,507,8
ore_ont_14040,eo,2794,14537,507,8
ore_ont_14040,os,2794,14537,507,7
ore_ont_14040,both,2794,14537,507,7
ore_ont_14042,off,652355,528632,0,14123
ore_ont_14042,eo,652355,528632,0,14119
ore_ont_14042,os,652355,528632,0,14256
ore_ont_14042,both,652355,528632,0,14061
ore_ont_14066,off,12417,26714,0,31
ore_ont_14066,eo,12417,26714,0,30
ore_ont_14066,os,12417,26714,0,30
ore_ont_14066,both,12417,26714,0,30
ore_ont_1406,off,1339,5262,0,4
ore_ont_1406,eo,1339,5262,0,3
ore_ont_1406,os,1339,5262,0,6
ore_ont_1406,both,1339,5262,0,6
ore_ont_14101,off,36841,127450,2,115
ore_ont_14101,eo,36841,127450,2,113
ore_ont_14101,os,36841,127450,2,111
ore_ont_14101,both,36841,127450,2,111
ore_ont_14123,off,1670,6924,0,5
ore_ont_14123,eo,1670,6924,0,5
ore_ont_14123,os,1670,6924,0,5
ore_ont_14123,both,1670,6924,0,6
ore_ont_14128,off,63,238,0,0
ore_ont_14128,eo,63,238,0,0
ore_ont_14128,os,63,238,0,0
ore_ont_14128,both,63,238,0,0
ore_ont_14134,off,3971,20166,57,50
ore_ont_14134,eo,3971,20166,57,47
ore_ont_14134,os,3971,20166,57,50
ore_ont_14134,both,3971,20166,57,51
ore_ont_14153,off,2449,10229,59,6
ore_ont_14153,eo,2449,10229,59,6
ore_ont_14153,os,2449,10229,59,6
ore_ont_14153,both,2449,10229,59,6
ore_ont_14154,off,937,1575,0,205
ore_ont_14154,eo,937,1575,0,204
ore_ont_14154,os,937,1575,0,204
ore_ont_14154,both,937,1575,0,206
ore_ont_14175,off,117,198,0,1
ore_ont_14175,eo,117,198,0,1
ore_ont_14175,os,117,198,0,1
ore_ont_14175,both,117,198,0,1
ore_ont_14183,off,4589,25872,63,18
ore_ont_14183,eo,4589,25872,63,18
ore_ont_14183,os,4589,25872,63,18
ore_ont_14183,both,4589,25872,63,18
ore_ont_14185,off,330,1302,0,2
ore_ont_14185,eo,330,1302,0,2
ore_ont_14185,os,330,1302,0,2
ore_ont_14185,both,330,1302,0,2
ore_ont_14191,off,5253,28647,65,21
ore_ont_14191,eo,5253,28647,65,21
ore_ont_14191,os,5253,28647,65,21
ore_ont_14191,both,5253,28647,65,21
ore_ont_14194,off,4432,22435,59,17
ore_ont_14194,eo,4432,22435,59,18
ore_ont_14194,os,4432,22435,59,17
ore_ont_14194,both,4432,22435,59,18
ore_ont_1420,off,43,86,0,0
ore_ont_1420,eo,43,86,0,0
ore_ont_1420,os,43,86,0,0
ore_ont_1420,both,43,86,0,0
ore_ont_14216,off,79894,19194,0,533
ore_ont_14216,eo,79894,19194,0,541
ore_ont_14216,os,79894,19194,0,532
ore_ont_14216,both,79894,19194,0,534
ore_ont_14221,off,603,1441,0,167
ore_ont_14221,eo,603,1441,0,166
ore_ont_14221,os,603,1441,0,165
ore_ont_14221,both,603,1441,0,167
ore_ont_14223,off,18149,73755,67,79
ore_ont_14223,eo,18149,73755,67,81
ore_ont_14223,os,18149,73755,67,79
ore_ont_14223,both,18149,73755,67,78
ore_ont_1422,off,26341,290022,15,140
ore_ont_1422,eo,26341,290022,15,140
ore_ont_1422,os,26341,290022,15,140
ore_ont_1422,both,26341,290022,15,140
ore_ont_14237,off,4589,25863,63,18
ore_ont_14237,eo,4589,25863,63,18
ore_ont_14237,os,4589,25863,63,18
ore_ont_14237,both,4589,25863,63,18
ore_ont_14255,off,3976,20442,58,49
ore_ont_14255,eo,3976,20442,58,46
ore_ont_14255,os,3976,20442,58,48
ore_ont_14255,both,3976,20442,58,50
ore_ont_14258,off,2598,10751,0,20
ore_ont_14258,eo,2598,10751,0,20
ore_ont_14258,os,2598,10751,0,20
ore_ont_14258,both,2598,10751,0,20
ore_ont_14272,off,854,4839,2,4
ore_ont_14272,eo,854,4839,2,2
ore_ont_14272,os,854,4839,2,2
ore_ont_14272,both,854,4839,2,2
ore_ont_14273,off,0,72,0,0
ore_ont_14273,eo,0,72,0,0
ore_ont_14273,os,0,72,0,0
ore_ont_14273,both,0,72,0,0
ore_ont_14280,off,13281,50336,70,36
ore_ont_14280,eo,13281,50336,70,37
ore_ont_14280,os,13281,50336,70,35
ore_ont_14280,both,13281,50336,70,35
ore_ont_14285,off,200,474,41,2
ore_ont_14285,eo,200,474,41,1
ore_ont_14285,os,200,474,41,2
ore_ont_14285,both,200,474,41,1
ore_ont_14286,off,4430,19614,0,19
ore_ont_14286,eo,4430,19614,0,19
ore_ont_14286,os,4430,19614,0,19
ore_ont_14286,both,4430,19614,0,19
ore_ont_14294,off,4243,21384,58,55
ore_ont_14294,eo,4243,21384,58,51
ore_ont_14294,os,4243,21384,58,50
ore_ont_14294,both,4243,21384,58,54
ore_ont_14308,off,69312,722430,0,1408
ore_ont_14308,eo,69312,722430,0,1430
ore_ont_14308,os,69312,722430,0,1432
ore_ont_14308,both,69312,722430,0,1407
ore_ont_1430,off,275,382,94,3
ore_ont_1430,eo,275,382,94,3
ore_ont_1430,os,275,382,94,2
ore_ont_1430,both,275,382,94,3
ore_ont_14312,off,46800,280171,0,209
ore_ont_14312,eo,46800,280171,0,210
ore_ont_14312,os,46800,280171,0,210
ore_ont_14312,both,46800,280171,0,236
ore_ont_14321,off,195,567,0,1
ore_ont_14321,eo,195,567,0,1
ore_ont_14321,os,195,567,0,1
ore_ont_14321,both,195,567,0,1
ore_ont_14325,off,350,467,0,0
ore_ont_14325,eo,350,467,0,0
ore_ont_14325,os,350,467,0,0
ore_ont_14325,both,350,467,0,0
ore_ont_14327,off,369,752,0,0
ore_ont_14327,eo,369,752,0,0
ore_ont_14327,os,369,752,0,0
ore_ont_14327,both,369,752,0,0
ore_ont_14328,off,72,154,0,0
ore_ont_14328,eo,72,154,0,0
ore_ont_14328,os,72,154,0,0
ore_ont_14328,both,72,154,0,0
ore_ont_14331,off,3988,20216,57,51
ore_ont_14331,eo,3988,20216,57,47
ore_ont_14331,os,3988,20216,57,51
ore_ont_14331,both,3988,20216,57,51
ore_ont_14334,off,357,276,39,1
ore_ont_14334,eo,357,276,39,2
ore_ont_14334,os,357,276,39,1
ore_ont_14334,both,357,276,39,2
ore_ont_14341,off,194,396,0,0
ore_ont_14341,eo,194,396,0,0
ore_ont_14341,os,194,396,0,1
ore_ont_14341,both,194,396,0,1
ore_ont_14348,off,253,834,1,0
ore_ont_14348,eo,253,834,1,0
ore_ont_14348,os,253,834,1,0
ore_ont_14348,both,253,834,1,0
ore_ont_14351,off,497106,4888,495077,31077
ore_ont_14351,eo,497106,4888,495077,33125
ore_ont_14351,os,497106,4888,495077,28563
ore_ont_14351,both,497106,4888,495077,32379
ore_ont_14353,off,146,122,0,1
ore_ont_14353,eo,146,122,0,1
ore_ont_14353,os,146,122,0,1
ore_ont_14353,both,146,122,0,1
ore_ont_14355,off,50905,337751,5,543
ore_ont_14355,eo,50905,337751,5,680
ore_ont_14355,os,50905,337751,5,591
ore_ont_14355,both,50905,337751,5,725
ore_ont_14365,off,37683,37839,2,209
ore_ont_14365,eo,37683,37839,2,257
ore_ont_14365,os,37683,37839,2,195
ore_ont_14365,both,37683,37839,2,192
ore_ont_14367,off,4085,20658,58,51
ore_ont_14367,eo,4085,20658,58,52
ore_ont_14367,os,4085,20658,58,48
ore_ont_14367,both,4085,20658,58,51
ore_ont_14370,off,274,500,0,2
ore_ont_14370,eo,274,500,0,2
ore_ont_14370,os,274,500,0,2
ore_ont_14370,both,274,500,0,2
ore_ont_14375,off,558,1136,0,53
ore_ont_14375,eo,558,1136,0,117
ore_ont_14375,os,558,1136,0,54
ore_ont_14375,both,558,1136,0,53
ore_ont_14379,off,595,216,453,1
ore_ont_14379,eo,595,216,453,1
ore_ont_14379,os,595,216,453,1
ore_ont_14379,both,595,216,453,1
ore_ont_14380,off,18484,129428,66,205
ore_ont_14380,eo,18484,129428,66,231
ore_ont_14380,os,18484,129428,66,122
ore_ont_14380,both,18484,129428,66,121
ore_ont_14381,off,940,4960,0,2
ore_ont_14381,eo,940,4960,0,2
ore_ont_14381,os,940,4960,0,2
ore_ont_14381,both,940,4960,0,2
ore_ont_14388,off,203,733,0,1
ore_ont_14388,eo,203,733,0,1
ore_ont_14388,os,203,733,0,1
ore_ont_14388,both,203,733,0,1
ore_ont_14396,off,4083,9262,0,10
ore_ont_14396,eo,4083,9262,0,10
ore_ont_14396,os,4083,9262,0,10
ore_ont_14396,both,4083,9262,0,10
ore_ont_14407,off,19924,39849,0,79
ore_ont_14407,eo,19924,39849,0,79
ore_ont_14407,os,19924,39849,0,86
ore_ont_14407,both,19924,39849,0,86
ore_ont_14412,off,158,138,41,0
ore_ont_14412,eo,158,138,41,0
ore_ont_14412,os,158,138,41,0
ore_ont_14412,both,158,138,41,0
ore_ont_14425,off,45827,43856,2,121
ore_ont_14425,eo,45827,43856,2,174
ore_ont_14425,os,45827,43856,2,124
ore_ont_14425,both,45827,43856,2,120
ore_ont_14450,off,4531,23608,60,18
ore_ont_14450,eo,4531,23608,60,42
ore_ont_14450,os,4531,23608,60,18
ore_ont_14450,both,4531,23608,60,31
ore_ont_14452,off,3997,20480,58,48
ore_ont_14452,eo,3997,20480,58,48
ore_ont_14452,os,3997,20480,58,49
ore_ont_14452,both,3997,20480,58,53
ore_ont_14459,off,847755,13962063,0,39393
ore_ont_14459,eo,847755,13962063,0,39609
ore_ont_14459,os,847755,13962063,0,38821
ore_ont_14459,both,847755,13962063,0,39828
ore_ont_1445,off,190,601,6,1
ore_ont_1445,eo,190,601,6,1
ore_ont_1445,os,190,601,6,1
ore_ont_1445,both,190,601,6,1
ore_ont_14486,off,128,1242,0,0
ore_ont_14486,eo,128,1242,0,0
ore_ont_14486,os,128,1242,0,0
ore_ont_14486,both,128,1242,0,0
ore_ont_14499,off,9990,19980,0,25
ore_ont_14499,eo,9990,19980,0,26
ore_ont_14499,os,9990,19980,0,26
ore_ont_14499,both,9990,19980,0,25
ore_ont_14508,off,29516,29538,0,143
ore_ont_14508,eo,29516,29538,0,134
ore_ont_14508,os,29516,29538,0,138
ore_ont_14508,both,29516,29538,0,136
ore_ont_14517,off,0,107,0,0
ore_ont_14517,eo,0,107,0,0
ore_ont_14517,os,0,107,0,0
ore_ont_14517,both,0,107,0,0
ore_ont_14518,off,346,457,0,0
ore_ont_14518,eo,346,457,0,0
ore_ont_14518,os,346,457,0,0
ore_ont_14518,both,346,457,0,0
ore_ont_14543,off,40464,242008,0,335
ore_ont_14543,eo,40464,242008,0,335
ore_ont_14543,os,40464,242008,0,335
ore_ont_14543,both,40464,242008,0,334
ore_ont_14551,off,10136,31127,6048,146
ore_ont_14551,eo,10136,31127,6048,136
ore_ont_14551,os,10136,31127,6048,136
ore_ont_14551,both,10136,31127,6048,136
ore_ont_14556,off,385,855,0,110
ore_ont_14556,eo,385,855,0,111
ore_ont_14556,os,385,855,0,111
ore_ont_14556,both,385,855,0,110
ore_ont_14572,off,45497,142495,0,193
ore_ont_14572,eo,45497,142495,0,189
ore_ont_14572,os,45497,142495,0,189
ore_ont_14572,both,45497,142495,0,189
ore_ont_14574,off,10506,17272,2,19
ore_ont_14574,eo,10506,17272,2,19
ore_ont_14574,os,10506,17272,2,19
ore_ont_14574,both,10506,17272,2,19
ore_ont_14587,off,13760,116291,0,53
ore_ont_14587,eo,13760,116291,0,52
ore_ont_14587,os,13760,116291,0,52
ore_ont_14587,both,13760,116291,0,52
ore_ont_14588,off,78,155,0,1
ore_ont_14588,eo,78,155,0,1
ore_ont_14588,os,78,155,0,1
ore_ont_14588,both,78,155,0,0
ore_ont_14593,off,3975,20174,57,50
ore_ont_14593,eo,3975,20174,57,46
ore_ont_14593,os,3975,20174,57,46
ore_ont_14593,both,3975,20174,57,50
ore_ont_14601,off,755,1343,0,166
ore_ont_14601,eo,755,1343,0,169
ore_ont_14601,os,755,1343,0,166
ore_ont_14601,both,755,1343,0,166
ore_ont_14607,off,257089,19476,0,704
ore_ont_14607,eo,257089,19476,0,706
ore_ont_14607,os,257089,19476,0,708
ore_ont_14607,both,257089,19476,0,701
ore_ont_1461,off,352,598,44,2
ore_ont_1461,eo,352,598,44,2
ore_ont_1461,os,352,598,44,1
ore_ont_1461,both,352,598,44,1
ore_ont_14667,off,2266,4599,0,6
ore_ont_14667,eo,2266,4599,0,6
ore_ont_14667,os,2266,4599,0,11
ore_ont_14667,both,2266,4599,0,6
ore_ont_14684,off,190,601,6,1
ore_ont_14684,eo,190,601,6,1
ore_ont_14684,os,190,601,6,1
ore_ont_14684,both,190,601,6,1
ore_ont_1469,off,4431,22434,59,17
ore_ont_1469,eo,4431,22434,59,17
ore_ont_1469,os,4431,22434,59,17
ore_ont_1469,both,4431,22434,59,18
ore_ont_1473,off,1676,13070,0,6
ore_ont_1473,eo,1676,13070,0,8
ore_ont_1473,os,1676,13070,0,5
ore_ont_1473,both,1676,13070,0,6
ore_ont_14742,off,119558,1009780,0,811
ore_ont_14742,eo,119558,1009780,0,810
ore_ont_14742,os,119558,1009780,0,814
ore_ont_14742,both,119558,1009780,0,815
ore_ont_14746,off,16,31,4,0
ore_ont_14746,eo,16,31,4,0
ore_ont_14746,os,16,31,4,0
ore_ont_14746,both,16,31,4,0
ore_ont_1475,off,3895,6291,0,9
ore_ont_1475,eo,3895,6291,0,9
ore_ont_1475,os,3895,6291,0,9
ore_ont_1475,both,3895,6291,0,9
ore_ont_14766,off,4589,25860,63,18
ore_ont_14766,eo,4589,25860,63,18
ore_ont_14766,os,4589,25860,63,18
ore_ont_14766,both,4589,25860,63,18
ore_ont_14767,off,4616,25926,63,18
ore_ont_14767,eo,4616,25926,63,18
ore_ont_14767,os,4616,25926,63,18
ore_ont_14767,both,4616,25926,63,18
ore_ont_14776,off,33602,33603,0,156
ore_ont_14776,eo,33602,33603,0,155
ore_ont_14776,os,33602,33603,0,157
ore_ont_14776,both,33602,33603,0,157
ore_ont_1478,off,256,588,41,1
ore_ont_1478,eo,256,588,41,1
ore_ont_1478,os,256,588,41,2
ore_ont_1478,both,256,588,41,1
ore_ont_14800,off,198,440,0,1
ore_ont_14800,eo,198,440,0,3
ore_ont_14800,os,198,440,0,3
ore_ont_14800,both,198,440,0,2
ore_ont_14816,off,0,111,0,0
ore_ont_14816,eo,0,111,0,0
ore_ont_14816,os,0,111,0,0
ore_ont_14816,both,0,111,0,0
ore_ont_14817,off,160191,1242920,60,788
ore_ont_14817,eo,160191,1242920,60,790
ore_ont_14817,os,160191,1242920,60,786
ore_ont_14817,both,160191,1242920,60,788
ore_ont_14818,off,4326,26504,79,16
ore_ont_14818,eo,4326,26504,79,16
ore_ont_14818,os,4326,26504,79,17
ore_ont_14818,both,4326,26504,79,16
ore_ont_1481,off,267,537,0,2
ore_ont_1481,eo,267,537,0,2
ore_ont_1481,os,267,537,0,2
ore_ont_1481,both,267,537,0,2
ore_ont_14826,off,51,135,0,0
ore_ont_14826,eo,51,135,0,0
ore_ont_14826,os,51,135,0,0
ore_ont_14826,both,51,135,0,0
ore_ont_14831,off,4,11,0,0
ore_ont_14831,eo,4,11,0,0
ore_ont_14831,os,4,11,0,0
ore_ont_14831,both,4,11,0,0
ore_ont_14840,off,2051,10229,59,5
ore_ont_14840,eo,2051,10229,59,9
ore_ont_14840,os,2051,10229,59,6
ore_ont_14840,both,2051,10229,59,6
ore_ont_14848,off,106,48,91,0
ore_ont_14848,eo,106,48,91,0
ore_ont_14848,os,106,48,91,0
ore_ont_14848,both,106,48,91,0
ore_ont_14860,off,1747931,7465,1744314,3241
ore_ont_14860,eo,1747931,7465,1744314,3327
ore_ont_14860,os,1747931,7465,1744314,3259
ore_ont_14860,both,1747931,7465,1744314,3275
ore_ont_14861,off,55064,287158,3,824
ore_ont_14861,eo,55064,287158,3,802
ore_ont_14861,os,55064,287158,3,811
ore_ont_14861,both,55064,287158,3,812
ore_ont_14863,off,2206,11071,2,14
ore_ont_14863,eo,2206,11071,2,15
ore_ont_14863,os,2206,11071,2,15
ore_ont_14863,both,2206,11071,2,15
ore_ont_14878,off,4619,26022,63,18
ore_ont_14878,eo,4619,26022,63,18
ore_ont_14878,os,4619,26022,63,18
ore_ont_14878,both,4619,26022,63,18
ore_ont_14879,off,45461,45462,0,234
ore_ont_14879,eo,45461,45462,0,234
ore_ont_14879,os,45461,45462,0,238
ore_ont_14879,both,45461,45462,0,262
ore_ont_14881,off,39825,225667,3,341
ore_ont_14881,eo,39825,225667,3,346
ore_ont_14881,os,39825,225667,3,343
ore_ont_14881,both,39825,225667,3,342
ore_ont_14883,off,331,407,65,1
ore_ont_14883,eo,331,407,65,1
ore_ont_14883,os,331,407,65,1
ore_ont_14883,both,331,407,65,0
ore_ont_14896,off,4589,25860,63,18
ore_ont_14896,eo,4589,25860,63,18
ore_ont_14896,os,4589,25860,63,18
ore_ont_14896,both,4589,25860,63,18
ore_ont_14897,off,12756,37876,158,100
ore_ont_14897,eo,12756,37876,158,100
ore_ont_14897,os,12756,37876,158,100
ore_ont_14897,both,12756,37876,158,101
ore_ont_148,off,4082,20766,57,51
ore_ont_148,eo,4082,20766,57,48
ore_ont_148,os,4082,20766,57,48
ore_ont_148,both,4082,20766,57,51
ore_ont_14901,off,940,4960,0,4
ore_ont_14901,eo,940,4960,0,2
ore_ont_14901,os,940,4960,0,2
ore_ont_14901,both,940,4960,0,4
ore_ont_14906,off,4631,26246,64,18
ore_ont_14906,eo,4631,26246,64,18
ore_ont_14906,os,4631,26246,64,18
ore_ont_14906,both,4631,26246,64,18
ore_ont_14909,off,233,602,0,48
ore_ont_14909,eo,233,602,0,48
ore_ont_14909,os,233,602,0,48
ore_ont_14909,both,233,602,0,47
ore_ont_14912,off,1826,5653,0,8
ore_ont_14912,eo,1826,5653,0,8
ore_ont_14912,os,1826,5653,0,8
ore_ont_14912,both,1826,5653,0,8
ore_ont_14919,off,3991,20531,58,46
ore_ont_14919,eo,3991,20531,58,47
ore_ont_14919,os,3991,20531,58,47
ore_ont_14919,both,3991,20531,58,47
ore_ont_14924,off,501,629,125,1
ore_ont_14924,eo,501,629,125,1
ore_ont_14924,os,501,629,125,2
ore_ont_14924,both,501,629,125,1
ore_ont_14926,off,239,1479,0,1
ore_ont_14926,eo,239,1479,0,0
ore_ont_14926,os,239,1479,0,1
ore_ont_14926,both,239,1479,0,1
ore_ont_14931,off,134,341,0,0
ore_ont_14931,eo,134,341,0,0
ore_ont_14931,os,134,341,0,0
ore_ont_14931,both,134,341,0,0
ore_ont_14934,off,72827,144707,7,250
ore_ont_14934,eo,72827,144707,7,247
ore_ont_14934,os,72827,144707,7,248
ore_ont_14934,both,72827,144707,7,249
ore_ont_14936,off,803,1041,380,2
ore_ont_14936,eo,803,1041,380,2
ore_ont_14936,os,803,1041,380,3
ore_ont_14936,both,803,1041,380,3
ore_ont_1493,off,6585,173577,0,31
ore_ont_1493,eo,6585,173577,0,31
ore_ont_1493,os,6585,173577,0,31
ore_ont_1493,both,6585,173577,0,31
ore_ont_1494,off,658,3570,0,3
ore_ont_1494,eo,658,3570,0,3
ore_ont_1494,os,658,3570,0,3
ore_ont_1494,both,658,3570,0,3
ore_ont_14981,off,92,262,2,2
ore_ont_14981,eo,92,262,2,2
ore_ont_14981,os,92,262,2,2
ore_ont_14981,both,92,262,2,1
ore_ont_14995,off,11132,4742,0,21
ore_ont_14995,eo,11132,4742,0,21
ore_ont_14995,os,11132,4742,0,21
ore_ont_14995,both,11132,4742,0,21
ore_ont_15010,off,397,341,0,1
ore_ont_15010,eo,397,341,0,1
ore_ont_15010,os,397,341,0,1
ore_ont_15010,both,397,341,0,1
ore_ont_15013,off,5442,21858,19,20
ore_ont_15013,eo,5442,21858,19,21
ore_ont_15013,os,5442,21858,19,21
ore_ont_15013,both,5442,21858,19,20
ore_ont_1501,off,12343,26373,0,30
ore_ont_1501,eo,12343,26373,0,30
ore_ont_1501,os,12343,26373,0,30
ore_ont_1501,both,12343,26373,0,30
ore_ont_15030,off,316,212,0,3
ore_ont_15030,eo,316,212,0,4
ore_ont_15030,os,316,212,0,3
ore_ont_15030,both,316,212,0,3
ore_ont_15058,off,92,53,50,1
ore_ont_15058,eo,92,53,50,1
ore_ont_15058,os,92,53,50,1
ore_ont_15058,both,92,53,50,1
ore_ont_15059,off,3137899,142884,0,12557
ore_ont_15059,eo,3137899,142884,0,12605
ore_ont_15059,os,3137899,142884,0,12606
ore_ont_15059,both,3137899,142884,0,12648
ore_ont_15063,off,14970,1316,13980,174
ore_ont_15063,eo,14970,1316,13980,180
ore_ont_15063,os,14970,1316,13980,180
ore_ont_15063,both,14970,1316,13980,179
ore_ont_15066,off,13345,50741,0,36
ore_ont_15066,eo,13345,50741,0,37
ore_ont_15066,os,13345,50741,0,36
ore_ont_15066,both,13345,50741,0,37
ore_ont_15068,off,211,1034,0,1
ore_ont_15068,eo,211,1034,0,0
ore_ont_15068,os,211,1034,0,1
ore_ont_15068,both,211,1034,0,1
ore_ont_15074,off,17952,7759,88,30
ore_ont_15074,eo,17952,7759,88,30
ore_ont_15074,os,17952,7759,88,30
ore_ont_15074,both,17952,7759,88,30
ore_ont_1508,off,23395,76628,0,74
ore_ont_1508,eo,23395,76628,0,74
ore_ont_1508,os,23395,76628,0,75
ore_ont_1508,both,23395,76628,0,75
ore_ont_15098,off,250,1161,0,9
ore_ont_15098,eo,250,1161,0,9
ore_ont_15098,os,250,1161,0,9
ore_ont_15098,both,250,1161,0,9
ore_ont_15099,off,33602,33609,0,154
ore_ont_15099,eo,33602,33609,0,154
ore_ont_15099,os,33602,33609,0,155
ore_ont_15099,both,33602,33609,0,156
ore_ont_1509,off,535,1144,95,2
ore_ont_1509,eo,535,1144,95,2
ore_ont_1509,os,535,1144,95,3
ore_ont_1509,both,535,1144,95,2
ore_ont_15103,off,354,315,144,3
ore_ont_15103,eo,354,315,144,3
ore_ont_15103,os,354,315,144,2
ore_ont_15103,both,354,315,144,2
ore_ont_15108,off,3996,4293,0,7
ore_ont_15108,eo,3996,4293,0,7
ore_ont_15108,os,3996,4293,0,7
ore_ont_15108,both,3996,4293,0,8
ore_ont_15125,off,167963,15558,2,408
ore_ont_15125,eo,167963,15558,2,400
ore_ont_15125,os,167963,15558,2,403
ore_ont_15125,both,167963,15558,2,412
ore_ont_15133,off,50900,337751,5,524
ore_ont_15133,eo,50900,337751,5,521
ore_ont_15133,os,50900,337751,5,523
ore_ont_15133,both,50900,337751,5,523
ore_ont_15145,off,98,575,0,0
ore_ont_15145,eo,98,575,0,0
ore_ont_15145,os,98,575,0,0
ore_ont_15145,both,98,575,0,0
ore_ont_15152,off,5726,3947,0,14
ore_ont_15152,eo,5726,3947,0,14
ore_ont_15152,os,5726,3947,0,14
ore_ont_15152,both,5726,3947,0,14
ore_ont_15160,off,0,73,0,0
ore_ont_15160,eo,0,73,0,0
ore_ont_15160,os,0,73,0,0
ore_ont_15160,both,0,73,0,0
ore_ont_15167,off,199,236,78,0
ore_ont_15167,eo,199,236,78,0
ore_ont_15167,os,199,236,78,0
ore_ont_15167,both,199,236,78,0
ore_ont_15172,off,11848,71902,4,257
ore_ont_15172,eo,11848,71902,4,256
ore_ont_15172,os,11848,71902,4,257
ore_ont_15172,both,11848,71902,4,256
ore_ont_15178,off,13077,19192,0,55
ore_ont_15178,eo,13077,19192,0,55
ore_ont_15178,os,13077,19192,0,56
ore_ont_15178,both,13077,19192,0,55
ore_ont_1517,off,4067,21050,60,51
ore_ont_1517,eo,4067,21050,60,47
ore_ont_1517,os,4067,21050,60,49
ore_ont_1517,both,4067,21050,60,51
ore_ont_15184,off,3980,20450,58,49
ore_ont_15184,eo,3980,20450,58,46
ore_ont_15184,os,3980,20450,58,50
ore_ont_15184,both,3980,20450,58,49
ore_ont_15203,off,2249880,1997802,0,11785
ore_ont_15203,eo,2249880,1997802,0,11799
ore_ont_15203,os,2249880,1997802,0,11752
ore_ont_15203,both,2249880,1997802,0,11771
ore_ont_15210,off,33,76,4,0
ore_ont_15210,eo,33,76,4,0
ore_ont_15210,os,33,76,4,0
ore_ont_15210,both,33,76,4,0
ore_ont_15217,off,236,1195,0,1
ore_ont_15217,eo,236,1195,0,0
ore_ont_15217,os,236,1195,0,1
ore_ont_15217,both,236,1195,0,1
ore_ont_15222,off,4409,48899,0,15
ore_ont_15222,eo,4409,48899,0,15
ore_ont_15222,os,4409,48899,0,15
ore_ont_15222,both,4409,48899,0,15
ore_ont_15224,off,6929,21576,2,17
ore_ont_15224,eo,6929,21576,2,17
ore_ont_15224,os,6929,21576,2,17
ore_ont_15224,both,6929,21576,2,17
ore_ont_15226,off,115971,319506,5,533
ore_ont_15226,eo,115971,319506,5,476
ore_ont_15226,os,115971,319506,5,479
ore_ont_15226,both,115971,319506,5,479
ore_ont_15229,off,235,251,104,0
ore_ont_15229,eo,235,251,104,0
ore_ont_15229,os,235,251,104,0
ore_ont_15229,both,235,251,104,0
ore_ont_15231,off,375,500,0,1
ore_ont_15231,eo,375,500,0,1
ore_ont_15231,os,375,500,0,1
ore_ont_15231,both,375,500,0,1
ore_ont_15237,off,402,1005,0,106
ore_ont_15237,eo,402,1005,0,105
ore_ont_15237,os,402,1005,0,105
ore_ont_15237,both,402,1005,0,108
ore_ont_15249,off,54304,54305,0,296
ore_ont_15249,eo,54304,54305,0,287
ore_ont_15249,os,54304,54305,0,294
ore_ont_15249,both,54304,54305,0,292
ore_ont_1524,off,109,641,0,1
ore_ont_1524,eo,109,641,0,1
ore_ont_1524,os,109,641,0,1
ore_ont_1524,both,109,641,0,2
ore_ont_15260,off,18925,85127,61,47
ore_ont_15260,eo,18925,85127,61,48
ore_ont_15260,os,18925,85127,61,48
ore_ont_15260,both,18925,85127,61,48
ore_ont_1526,off,19,73,0,0
ore_ont_1526,eo,19,73,0,0
ore_ont_1526,os,19,73,0,0
ore_ont_1526,both,19,73,0,0
ore_ont_15273,off,2710,5655,1636,6
ore_ont_15273,eo,2710,5655,1636,6
ore_ont_15273,os,2710,5655,1636,6
ore_ont_15273,both,2710,5655,1636,6
ore_ont_15280,off,289206,51949,0,2822
ore_ont_15280,eo,289206,51949,0,2830
ore_ont_15280,os,289206,51949,0,2829
ore_ont_15280,both,289206,51949,0,2846
ore_ont_15288,off,451745,5095,449161,918
ore_ont_15288,eo,451745,5095,449161,948
ore_ont_15288,os,451745,5095,449161,912
ore_ont_15288,both,451745,5095,449161,905
ore_ont_15291,off,319,608,64,1
ore_ont_15291,eo,319,608,64,1
ore_ont_15291,os,319,608,64,1
ore_ont_15291,both,319,608,64,1
ore_ont_15292,off,3454,14907,2,9
ore_ont_15292,eo,3454,14907,2,15
ore_ont_15292,os,3454,14907,2,9
ore_ont_15292,both,3454,14907,2,14
ore_ont_15297,off,2822,15216,63,10
ore_ont_15297,eo,2822,15216,63,10
ore_ont_15297,os,2822,15216,63,10
ore_ont_15297,both,2822,15216,63,10
ore_ont_15301,off,2875,10666,60,11
ore_ont_15301,eo,2875,10666,60,11
ore_ont_15301,os,2875,10666,60,11
ore_ont_15301,both,2875,10666,60,11
ore_ont_15318,off,94,550,0,0
ore_ont_15318,eo,94,550,0,0
ore_ont_15318,os,94,550,0,0
ore_ont_15318,both,94,550,0,0
ore_ont_15331,off,23,53,4,0
ore_ont_15331,eo,23,53,4,0
ore_ont_15331,os,23,53,4,0
ore_ont_15331,both,23,53,4,0
ore_ont_1533,off,4432,22435,59,17
ore_ont_1533,eo,4432,22435,59,17
ore_ont_1533,os,4432,22435,59,17
ore_ont_1533,both,4432,22435,59,17
ore_ont_15341,off,4832,17365,0,16
ore_ont_15341,eo,4832,17365,0,16
ore_ont_15341,os,4832,17365,0,16
ore_ont_15341,both,4832,17365,0,16
ore_ont_15344,off,7837,40633,0,37
ore_ont_15344,eo,7837,40633,0,36
ore_ont_15344,os,7837,40633,0,37
ore_ont_15344,both,7837,40633,0,37
ore_ont_15352,off,3975,20174,57,47
ore_ont_15352,eo,3975,20174,57,49
ore_ont_15352,os,3975,20174,57,47
ore_ont_15352,both,3975,20174,57,49
ore_ont_15355,off,2805,13715,7,16
ore_ont_15355,eo,2805,13715,7,16
ore_ont_15355,os,2805,13715,7,16
ore_ont_15355,both,2805,13715,7,16
ore_ont_15363,off,7833,10102,2,21
ore_ont_15363,eo,7833,10102,2,22
ore_ont_15363,os,7833,10102,2,21
ore_ont_15363,both,7833,10102,2,21
ore_ont_15372,off,193,2911,0,475
ore_ont_15372,eo,193,2911,0,469
ore_ont_15372,os,193,2911,0,471
ore_ont_15372,both,193,2911,0,470
ore_ont_1537,off,684,3827,0,2
ore_ont_1537,eo,684,3827,0,3
ore_ont_1537,os,684,3827,0,2
ore_ont_1537,both,684,3827,0,3
ore_ont_15388,off,49392,528622,0,231
ore_ont_15388,eo,49392,528622,0,234
ore_ont_15388,os,49392,528622,0,230
ore_ont_15388,both,49392,528622,0,231
ore_ont_15397,off,1391,6182,0,3
ore_ont_15397,eo,1391,6182,0,4
ore_ont_15397,os,1391,6182,0,3
ore_ont_15397,both,1391,6182,0,3
ore_ont_15399,off,53,148,0,0
ore_ont_15399,eo,53,148,0,0
ore_ont_15399,os,53,148,0,0
ore_ont_15399,both,53,148,0,0
ore_ont_1539,off,3975,20430,58,53
ore_ont_1539,eo,3975,20430,58,53
ore_ont_1539,os,3975,20430,58,49
ore_ont_1539,both,3975,20430,58,49
ore_ont_153,off,3975,20174,57,49
ore_ont_153,eo,3975,20174,57,53
ore_ont_153,os,3975,20174,57,49
ore_ont_153,both,3975,20174,57,47
ore_ont_15407,off,1363,4635,0,3
ore_ont_15407,eo,1363,4635,0,3
ore_ont_15407,os,1363,4635,0,3
ore_ont_15407,both,1363,4635,0,5
ore_ont_15413,off,604,3547,13,5
ore_ont_15413,eo,604,3547,13,2
ore_ont_15413,os,604,3547,13,2
ore_ont_15413,both,604,3547,13,2
ore_ont_15418,off,264357,510638,1,989
ore_ont_15418,eo,264357,510638,1,1009
ore_ont_15418,os,264357,510638,1,1000
ore_ont_15418,both,264357,510638,1,994
ore_ont_15421,off,114,254,0,1
ore_ont_15421,eo,114,254,0,0
ore_ont_15421,os,114,254,0,0
ore_ont_15421,both,114,254,0,1
ore_ont_15450,off,3980,20450,58,50
ore_ont_15450,eo,3980,20450,58,50
ore_ont_15450,os,3980,20450,58,47
ore_ont_15450,both,3980,20450,58,47
ore_ont_15461,off,88,112,1,0
ore_ont_15461,eo,88,112,1,0
ore_ont_15461,os,88,112,1,0
ore_ont_15461,both,88,112,1,0
ore_ont_15475,off,4467,22868,61,18
ore_ont_15475,eo,4467,22868,61,18
ore_ont_15475,os,4467,22868,61,18
ore_ont_15475,both,4467,22868,61,18
ore_ont_15490,off,6373,14640,0,17
ore_ont_15490,eo,6373,14640,0,18
ore_ont_15490,os,6373,14640,0,18
ore_ont_15490,both,6373,14640,0,18
ore_ont_15491,off,18877,62181,42,47
ore_ont_15491,eo,18877,62181,42,47
ore_ont_15491,os,18877,62181,42,46
ore_ont_15491,both,18877,62181,42,46
ore_ont_15514,off,441,794,219,1
ore_ont_15514,eo,441,794,219,1
ore_ont_15514,os,441,794,219,1
ore_ont_15514,both,441,794,219,1
ore_ont_15516,off,141,260,8,1
ore_ont_15516,eo,141,260,8,1
ore_ont_15516,os,141,260,8,1
ore_ont_15516,both,141,260,8,1
ore_ont_15526,off,2108,10679,180,6
ore_ont_15526,eo,2108,10679,180,6
ore_ont_15526,os,2108,10679,180,6
ore_ont_15526,both,2108,10679,180,6
ore_ont_15536,off,673,1209,0,78
ore_ont_15536,eo,673,1209,0,79
ore_ont_15536,os,673,1209,0,79
ore_ont_15536,both,673,1209,0,79
ore_ont_15544,off,3975,20174,57,47
ore_ont_15544,eo,3975,20174,57,50
ore_ont_15544,os,3975,20174,57,47
ore_ont_15544,both,3975,20174,57,46
ore_ont_15557,off,38589,638550,0,402
ore_ont_15557,eo,38589,638550,0,397
ore_ont_15557,os,38589,638550,0,400
ore_ont_15557,both,38589,638550,0,400
ore_ont_1555,off,3560,15687,8,76
ore_ont_1555,eo,3560,15687,8,76
ore_ont_1555,os,3560,15687,8,77
ore_ont_1555,both,3560,15687,8,78
ore_ont_15575,off,622,3381,13,4
ore_ont_15575,eo,622,3381,13,2
ore_ont_15575,os,622,3381,13,2
ore_ont_15575,both,622,3381,13,4
ore_ont_15576,off,266,1117,0,1
ore_ont_15576,eo,266,1117,0,0
ore_ont_15576,os,266,1117,0,0
ore_ont_15576,both,266,1117,0,1
ore_ont_15583,off,2346,1847,0,6
ore_ont_15583,eo,2346,1847,0,6
ore_ont_15583,os,2346,1847,0,6
ore_ont_15583,both,2346,1847,0,6
ore_ont_15596,off,352,618,97,2
ore_ont_15596,eo,352,618,97,2
ore_ont_15596,os,352,618,97,2
ore_ont_15596,both,352,618,97,2
ore_ont_1559,off,2249882,1997805,2,11685
ore_ont_1559,eo,2249882,1997805,2,11822
ore_ont_1559,os,2249882,1997805,2,11443
ore_ont_1559,both,2249882,1997805,2,11876
ore_ont_155,off,420,1985,0,2
ore_ont_155,eo,420,1985,0,3
ore_ont_155,os,420,1985,0,3
ore_ont_155,both,420,1985,0,1
ore_ont_15612,off,13461,20513,3,24
ore_ont_15612,eo,13461,20513,3,24
ore_ont_15612,os,13461,20513,3,28
ore_ont_15612,both,13461,20513,3,24
ore_ont_15615,off,5357,29295,65,21
ore_ont_15615,eo,5357,29295,65,21
ore_ont_15615,os,5357,29295,65,21
ore_ont_15615,both,5357,29295,65,21
ore_ont_15621,off,743,1257,0,244
ore_ont_15621,eo,743,1257,0,246
ore_ont_15621,os,743,1257,0,246
ore_ont_15621,both,743,1257,0,245
ore_ont_15623,off,14265,9960,11992,25
ore_ont_15623,eo,14265,9960,11992,25
ore_ont_15623,os,14265,9960,11992,25
ore_ont_15623,both,14265,9960,11992,25
ore_ont_15635,off,NA,NA,NA,NA
ore_ont_15635,eo,NA,NA,NA,NA
ore_ont_15635,os,NA,NA,NA,NA
ore_ont_15635,both,NA,NA,NA,NA
ore_ont_15652,off,364,121,311,1
ore_ont_15652,eo,364,121,311,1
ore_ont_15652,os,364,121,311,1
ore_ont_15652,both,364,121,311,1
ore_ont_15655,off,4750277,19578,4744488,13487
ore_ont_15655,eo,4750277,19578,4744488,13479
ore_ont_15655,os,4750277,19578,4744488,13572
ore_ont_15655,both,4750277,19578,4744488,13553
ore_ont_15667,off,36,73,0,0
ore_ont_15667,eo,36,73,0,0
ore_ont_15667,os,36,73,0,0
ore_ont_15667,both,36,73,0,0
ore_ont_15672,off,208,145,68,1
ore_ont_15672,eo,208,145,68,0
ore_ont_15672,os,208,145,68,0
ore_ont_15672,both,208,145,68,0
ore_ont_15680,off,381191,2258,380895,550
ore_ont_15680,eo,381191,2258,380895,566
ore_ont_15680,os,381191,2258,380895,560
ore_ont_15680,both,381191,2258,380895,560
ore_ont_15682,off,1215,621,539,5
ore_ont_15682,eo,1215,621,539,4
ore_ont_15682,os,1215,621,539,4
ore_ont_15682,both,1215,621,539,4
ore_ont_15685,off,757,6641,0,4
ore_ont_15685,eo,757,6641,0,4
ore_ont_15685,os,757,6641,0,2
ore_ont_15685,both,757,6641,0,2
ore_ont_15687,off,61135,59212,32726,305
ore_ont_15687,eo,61135,59212,32726,300
ore_ont_15687,os,61135,59212,32726,305
ore_ont_15687,both,61135,59212,32726,334
ore_ont_15692,off,4624,25930,63,18
ore_ont_15692,eo,4624,25930,63,18
ore_ont_15692,os,4624,25930,63,18
ore_ont_15692,both,4624,25930,63,18
ore_ont_15695,off,117673,402237,0,456
ore_ont_15695,eo,117673,402237,0,462
ore_ont_15695,os,117673,402237,0,455
ore_ont_15695,both,117673,402237,0,460
ore_ont_15696,off,106894,2418984,0,1029
ore_ont_15696,eo,106894,2418984,0,1041
ore_ont_15696,os,106894,2418984,0,1034
ore_ont_15696,both,106894,2418984,0,1040
ore_ont_15703,off,1604390,1727700,2,22973
ore_ont_15703,eo,1604390,1727700,2,22842
ore_ont_15703,os,1604390,1727700,2,23035
ore_ont_15703,both,1604390,1727700,2,23048
ore_ont_15725,off,738,1948,0,218
ore_ont_15725,eo,738,1948,0,221
ore_ont_15725,os,738,1948,0,216
ore_ont_15725,both,738,1948,0,216
ore_ont_15733,off,19438,85713,61,79
ore_ont_15733,eo,19438,85713,61,78
ore_ont_15733,os,19438,85713,61,79
ore_ont_15733,both,19438,85713,61,90
ore_ont_15737,off,0,111,0,0
ore_ont_15737,eo,0,111,0,0
ore_ont_15737,os,0,111,0,0
ore_ont_15737,both,0,111,0,0
ore_ont_15741,off,1687,3039,0,5
ore_ont_15741,eo,1687,3039,0,5
ore_ont_15741,os,1687,3039,0,5
ore_ont_15741,both,1687,3039,0,6
ore_ont_15753,off,167,255,82,2
ore_ont_15753,eo,167,255,82,2
ore_ont_15753,os,167,255,82,2
ore_ont_15753,both,167,255,82,1
ore_ont_15790,off,21307,56251,0,130
ore_ont_15790,eo,21307,56251,0,129
ore_ont_15790,os,21307,56251,0,132
ore_ont_15790,both,21307,56251,0,132
ore_ont_15791,off,79,352,0,29
ore_ont_15791,eo,79,352,0,30
ore_ont_15791,os,79,352,0,29
ore_ont_15791,both,79,352,0,29
ore_ont_15793,off,7044,13861,0,33
ore_ont_15793,eo,7044,13861,0,33
ore_ont_15793,os,7044,13861,0,34
ore_ont_15793,both,7044,13861,0,34
ore_ont_15796,off,3993,20206,57,48
ore_ont_15796,eo,3993,20206,57,46
ore_ont_15796,os,3993,20206,57,50
ore_ont_15796,both,3993,20206,57,53
ore_ont_1579,off,2790,33440,7,508
ore_ont_1579,eo,2790,33440,7,518
ore_ont_1579,os,2790,33440,7,516
ore_ont_1579,both,2790,33440,7,513
ore_ont_15800,off,193,1405,0,1
ore_ont_15800,eo,193,1405,0,1
ore_ont_15800,os,193,1405,0,1
ore_ont_15800,both,193,1405,0,0
ore_ont_15803,off,747779,2830764,44,9495
ore_ont_15803,eo,747779,2830764,44,9387
ore_ont_15803,os,747779,2830764,44,9547
ore_ont_15803,both,747779,2830764,44,9592
ore_ont_15846,off,2694,33118,5,516
ore_ont_15846,eo,2694,33118,5,514
ore_ont_15846,os,2694,33118,5,513
ore_ont_15846,both,2694,33118,5,527
ore_ont_15860,off,2124,25392,0,8
ore_ont_15860,eo,2124,25392,0,8
ore_ont_15860,os,2124,25392,0,8
ore_ont_15860,both,2124,25392,0,8
ore_ont_15871,off,135,504,0,11
ore_ont_15871,eo,135,504,0,12
ore_ont_15871,os,135,504,0,11
ore_ont_15871,both,135,504,0,12
ore_ont_15878,off,20766,84247,2,55
ore_ont_15878,eo,20766,84247,2,54
ore_ont_15878,os,20766,84247,2,55
ore_ont_15878,both,20766,84247,2,54
ore_ont_15882,off,333,1694,0,1
ore_ont_15882,eo,333,1694,0,1
ore_ont_15882,os,333,1694,0,1
ore_ont_15882,both,333,1694,0,1
ore_ont_15917,off,4863,17084,0,16
ore_ont_15917,eo,4863,17084,0,16
ore_ont_15917,os,4863,17084,0,16
ore_ont_15917,both,4863,17084,0,16
ore_ont_15921,off,320,851,0,6
ore_ont_15921,eo,320,851,0,6
ore_ont_15921,os,320,851,0,6
ore_ont_15921,both,320,851,0,6
ore_ont_15929,off,115744,1095111,0,559
ore_ont_15929,eo,115744,1095111,0,557
ore_ont_15929,os,115744,1095111,0,560
ore_ont_15929,both,115744,1095111,0,563
ore_ont_15932,off,3634,4952,0,11
ore_ont_15932,eo,3634,4952,0,11
ore_ont_15932,os,3634,4952,0,11
ore_ont_15932,both,3634,4952,0,11
ore_ont_15933,off,1090,814,0,2
ore_ont_15933,eo,1090,814,0,3
ore_ont_15933,os,1090,814,0,3
ore_ont_15933,both,1090,814,0,2
ore_ont_15944,off,7122,31150,0,18
ore_ont_15944,eo,7122,31150,0,18
ore_ont_15944,os,7122,31150,0,18
ore_ont_15944,both,7122,31150,0,18
ore_ont_15950,off,2110,13202,0,6
ore_ont_15950,eo,2110,13202,0,6
ore_ont_15950,os,2110,13202,0,6
ore_ont_15950,both,2110,13202,0,7
ore_ont_15968,off,3491,3175,0,8
ore_ont_15968,eo,3491,3175,0,8
ore_ont_15968,os,3491,3175,0,8
ore_ont_15968,both,3491,3175,0,8
ore_ont_15971,off,11,35,1,0
ore_ont_15971,eo,11,35,1,0
ore_ont_15971,os,11,35,1,0
ore_ont_15971,both,11,35,1,0
ore_ont_15976,off,248865,480121,7,1400
ore_ont_15976,eo,248865,480121,7,1405
ore_ont_15976,os,248865,480121,7,1412
ore_ont_15976,both,248865,480121,7,1406
ore_ont_15985,off,1374,7682,0,6
ore_ont_15985,eo,1374,7682,0,5
ore_ont_15985,os,1374,7682,0,5
ore_ont_15985,both,1374,7682,0,6
ore_ont_15991,off,399,910,0,70
ore_ont_15991,eo,399,910,0,70
ore_ont_15991,os,399,910,0,75
ore_ont_15991,both,399,910,0,70
ore_ont_15993,off,66,62,15,0
ore_ont_15993,eo,66,62,15,0
ore_ont_15993,os,66,62,15,0
ore_ont_15993,both,66,62,15,0
ore_ont_16008,off,733098,12415573,0,29985
ore_ont_16008,eo,733098,12415573,0,29711
ore_ont_16008,os,733098,12415573,0,29836
ore_ont_16008,both,733098,12415573,0,29471
ore_ont_16010,off,217,1116,0,1
ore_ont_16010,eo,217,1116,0,1
ore_ont_16010,os,217,1116,0,1
ore_ont_16010,both,217,1116,0,1
ore_ont_16017,off,4591,25864,63,18
ore_ont_16017,eo,4591,25864,63,18
ore_ont_16017,os,4591,25864,63,18
ore_ont_16017,both,4591,25864,63,19
ore_ont_16033,off,105,324,0,0
ore_ont_16033,eo,105,324,0,1
ore_ont_16033,os,105,324,0,0
ore_ont_16033,both,105,324,0,0
ore_ont_16039,off,4351,27438,0,13
ore_ont_16039,eo,4351,27438,0,13
ore_ont_16039,os,4351,27438,0,13
ore_ont_16039,both,4351,27438,0,14
ore_ont_1603,off,590,3114,21,2
ore_ont_1603,eo,590,3114,21,4
ore_ont_1603,os,590,3114,21,4
ore_ont_1603,both,590,3114,21,4
ore_ont_16054,off,416,1368,0,2
ore_ont_16054,eo,416,1368,0,2
ore_ont_16054,os,416,1368,0,2
ore_ont_16054,both,416,1368,0,2
ore_ont_16056,off,1425,1116,1030,3
ore_ont_16056,eo,1425,1116,1030,4
ore_ont_16056,os,1425,1116,1030,3
ore_ont_16056,both,1425,1116,1030,3
ore_ont_16076,off,186,981,0,1
ore_ont_16076,eo,186,981,0,0
ore_ont_16076,os,186,981,0,1
ore_ont_16076,both,186,981,0,1
ore_ont_16089,off,115746,1095114,2,564
ore_ont_16089,eo,115746,1095114,2,560
ore_ont_16089,os,115746,1095114,2,564
ore_ont_16089,both,115746,1095114,2,563
ore_ont_16105,off,6373,14643,0,29
ore_ont_16105,eo,6373,14643,0,29
ore_ont_16105,os,6373,14643,0,29
ore_ont_16105,both,6373,14643,0,29
ore_ont_16114,off,13885,32322,0,60
ore_ont_16114,eo,13885,32322,0,60
ore_ont_16114,os,13885,32322,0,60
ore_ont_16114,both,13885,32322,0,60
ore_ont_16115,off,673,2247,0,2
ore_ont_16115,eo,673,2247,0,2
ore_ont_16115,os,673,2247,0,2
ore_ont_16115,both,673,2247,0,3
ore_ont_16120,off,3977,20180,57,46
ore_ont_16120,eo,3977,20180,57,46
ore_ont_16120,os,3977,20180,57,46
ore_ont_16120,both,3977,20180,57,46
ore_ont_16124,off,4435,22747,60,17
ore_ont_16124,eo,4435,22747,60,17
ore_ont_16124,os,4435,22747,60,17
ore_ont_16124,both,4435,22747,60,18
ore_ont_16157,off,1310,7438,0,5
ore_ont_16157,eo,1310,7438,0,3
ore_ont_16157,os,1310,7438,0,6
ore_ont_16157,both,1310,7438,0,4
ore_ont_16166,off,497,2587,0,2
ore_ont_16166,eo,497,2587,0,2
ore_ont_16166,os,497,2587,0,2
ore_ont_16166,both,497,2587,0,1
ore_ont_16167,off,26,82,0,0
ore_ont_16167,eo,26,82,0,0
ore_ont_16167,os,26,82,0,0
ore_ont_16167,both,26,82,0,0
ore_ont_16184,off,62776,1374719,97,588
ore_ont_16184,eo,62776,1374719,97,594
ore_ont_16184,os,62776,1374719,97,593
ore_ont_16184,both,62776,1374719,97,596
ore_ont_16188,off,0,166,0,0
ore_ont_16188,eo,0,166,0,0
ore_ont_16188,os,0,166,0,0
ore_ont_16188,both,0,166,0,1
ore_ont_1618,off,93,87,21,0
ore_ont_1618,eo,93,87,21,0
ore_ont_1618,os,93,87,21,0
ore_ont_1618,both,93,87,21,0
ore_ont_16191,off,480,2437,13,2
ore_ont_16191,eo,480,2437,13,2
ore_ont_16191,os,480,2437,13,2
ore_ont_16191,both,480,2437,13,2
ore_ont_16197,off,61,225,0,0
ore_ont_16197,eo,61,225,0,0
ore_ont_16197,os,61,225,0,0
ore_ont_16197,both,61,225,0,0
ore_ont_16235,off,54549,287013,3,602
ore_ont_16235,eo,54549,287013,3,601
ore_ont_16235,os,54549,287013,3,605
ore_ont_16235,both,54549,287013,3,606
ore_ont_16255,off,846,4941,0,3
ore_ont_16255,eo,846,4941,0,4
ore_ont_16255,os,846,4941,0,5
ore_ont_16255,both,846,4941,0,3
ore_ont_16267,off,122,591,0,1
ore_ont_16267,eo,122,591,0,0
ore_ont_16267,os,122,591,0,1
ore_ont_16267,both,122,591,0,0
ore_ont_16268,off,398,411,0,1
ore_ont_16268,eo,398,411,0,1
ore_ont_16268,os,398,411,0,1
ore_ont_16268,both,398,411,0,1
ore_ont_16274,off,100,534,0,2
ore_ont_16274,eo,100,534,0,1
ore_ont_16274,os,100,534,0,1
ore_ont_16274,both,100,534,0,1
ore_ont_16283,off,41196,80980,5,138
ore_ont_16283,eo,41196,80980,5,137
ore_ont_16283,os,41196,80980,5,138
ore_ont_16283,both,41196,80980,5,139
ore_ont_16286,off,91066,291802,91,641
ore_ont_16286,eo,91066,291802,91,639
ore_ont_16286,os,91066,291802,91,636
ore_ont_16286,both,91066,291802,91,641
ore_ont_16289,off,106,48,91,0
ore_ont_16289,eo,106,48,91,0
ore_ont_16289,os,106,48,91,0
ore_ont_16289,both,106,48,91,0
ore_ont_16299,off,11937,24084,2,38
ore_ont_16299,eo,11937,24084,2,38
ore_ont_16299,os,11937,24084,2,38
ore_ont_16299,both,11937,24084,2,38
ore_ont_16303,off,8190,35567,22,22
ore_ont_16303,eo,8190,35567,22,22
ore_ont_16303,os,8190,35567,22,22
ore_ont_16303,both,8190,35567,22,22
ore_ont_16312,off,1339,5262,0,3
ore_ont_16312,eo,1339,5262,0,3
ore_ont_16312,os,1339,5262,0,5
ore_ont_16312,both,1339,5262,0,3
ore_ont_16315,off,2694,15535,5,139
ore_ont_16315,eo,2694,15535,5,138
ore_ont_16315,os,2694,15535,5,138
ore_ont_16315,both,2694,15535,5,138
ore_ont_16321,off,384,269,204,3
ore_ont_16321,eo,384,269,204,3
ore_ont_16321,os,384,269,204,1
ore_ont_16321,both,384,269,204,3
ore_ont_1634,off,22042,69730,217,181
ore_ont_1634,eo,22042,69730,217,181
ore_ont_1634,os,22042,69730,217,180
ore_ont_1634,both,22042,69730,217,181
ore_ont_16351,off,71,229,0,0
ore_ont_16351,eo,71,229,0,0
ore_ont_16351,os,71,229,0,0
ore_ont_16351,both,71,229,0,0
ore_ont_16359,off,106,48,91,0
ore_ont_16359,eo,106,48,91,1
ore_ont_16359,os,106,48,91,0
ore_ont_16359,both,106,48,91,0
ore_ont_16371,off,2372,5429,1433,13
ore_ont_16371,eo,2372,5429,1433,13
ore_ont_16371,os,2372,5429,1433,13
ore_ont_16371,both,2372,5429,1433,13
ore_ont_16372,off,1730,6039,509,4
ore_ont_16372,eo,1730,6039,509,4
ore_ont_16372,os,1730,6039,509,4
ore_ont_16372,both,1730,6039,509,4
ore_ont_16414,off,1296,2149,0,905
ore_ont_16414,eo,1296,2149,0,921
ore_ont_16414,os,1296,2149,0,914
ore_ont_16414,both,1296,2149,0,931
ore_ont_16420,off,15132,187183,113,97
ore_ont_16420,eo,15132,187183,113,95
ore_ont_16420,os,15132,187183,113,97
ore_ont_16420,both,15132,187183,113,97
ore_ont_16425,off,361,1699,0,2
ore_ont_16425,eo,361,1699,0,2
ore_ont_16425,os,361,1699,0,1
ore_ont_16425,both,361,1699,0,3
ore_ont_16428,off,174227,457694,695,993
ore_ont_16428,eo,174227,457694,695,992
ore_ont_16428,os,174227,457694,695,990
ore_ont_16428,both,174227,457694,695,1001
ore_ont_16444,off,154178,1248356,62,768
ore_ont_16444,eo,154178,1248356,62,766
ore_ont_16444,os,154178,1248356,62,761
ore_ont_16444,both,154178,1248356,62,760
ore_ont_16453,off,2732,4421,0,17
ore_ont_16453,eo,2732,4421,0,17
ore_ont_16453,os,2732,4421,0,17
ore_ont_16453,both,2732,4421,0,18
ore_ont_16457,off,831,2029,0,1416
ore_ont_16457,eo,831,2029,0,1419
ore_ont_16457,os,831,2029,0,1444
ore_ont_16457,both,831,2029,0,1396
ore_ont_16461,off,744,237,630,1
ore_ont_16461,eo,744,237,630,1
ore_ont_16461,os,744,237,630,1
ore_ont_16461,both,744,237,630,0
ore_ont_16462,off,310851,857553,5,1920
ore_ont_16462,eo,310851,857553,5,1926
ore_ont_16462,os,310851,857553,5,1918
ore_ont_16462,both,310851,857553,5,1919
ore_ont_1646,off,217,440,41,2
ore_ont_1646,eo,217,440,41,2
ore_ont_1646,os,217,440,41,2
ore_ont_1646,both,217,440,41,1
ore_ont_16481,off,223,101,1,1
ore_ont_16481,eo,223,101,1,0
ore_ont_16481,os,223,101,1,1
ore_ont_16481,both,223,101,1,0
ore_ont_16501,off,548,385,0,0
ore_ont_16501,eo,548,385,0,1
ore_ont_16501,os,548,385,0,1
ore_ont_16501,both,548,385,0,1
ore_ont_16509,off,3169,14790,0,14
ore_ont_16509,eo,3169,14790,0,14
ore_ont_16509,os,3169,14790,0,15
ore_ont_16509,both,3169,14790,0,15
ore_ont_16511,off,14,22,0,101
ore_ont_16511,eo,14,22,0,101
ore_ont_16511,os,14,22,0,103
ore_ont_16511,both,14,22,0,102
ore_ont_16519,off,146453,300535,5,667
ore_ont_16519,eo,146453,300535,5,662
ore_ont_16519,os,146453,300535,5,665
ore_ont_16519,both,146453,300535,5,675
ore_ont_16535,off,237,196,68,1
ore_ont_16535,eo,237,196,68,1
ore_ont_16535,os,237,196,68,1
ore_ont_16535,both,237,196,68,0
ore_ont_16542,off,7532,14973,6,642
ore_ont_16542,eo,7532,14973,6,646
ore_ont_16542,os,7532,14973,6,644
ore_ont_16542,both,7532,14973,6,647
ore_ont_16547,off,5440,21855,17,19
ore_ont_16547,eo,5440,21855,17,19
ore_ont_16547,os,5440,21855,17,19
ore_ont_16547,both,5440,21855,17,19
ore_ont_16558,off,7128,31150,0,18
ore_ont_16558,eo,7128,31150,0,18
ore_ont_16558,os,7128,31150,0,18
ore_ont_16558,both,7128,31150,0,18
ore_ont_16559,off,37815,7498,0,66
ore_ont_16559,eo,37815,7498,0,66
ore_ont_16559,os,37815,7498,0,66
ore_ont_16559,both,37815,7498,0,66
ore_ont_16565,off,3980,20450,58,47
ore_ont_16565,eo,3980,20450,58,47
ore_ont_16565,os,3980,20450,58,50
ore_ont_16565,both,3980,20450,58,50
ore_ont_16586,off,616204,515485,5,2996
ore_ont_16586,eo,616204,515485,5,2973
ore_ont_16586,os,616204,515485,5,3038
ore_ont_16586,both,616204,515485,5,2970
ore_ont_16594,off,247,509,0,1
ore_ont_16594,eo,247,509,0,0
ore_ont_16594,os,247,509,0,0
ore_ont_16594,both,247,509,0,0
ore_ont_16596,off,248553,479416,5,1411
ore_ont_16596,eo,248553,479416,5,1397
ore_ont_16596,os,248553,479416,5,1406
ore_ont_16596,both,248553,479416,5,1401
ore_ont_165,off,293,347,0,1
ore_ont_165,eo,293,347,0,0
ore_ont_165,os,293,347,0,1
ore_ont_165,both,293,347,0,1
ore_ont_16610,off,10712,17616,0,19
ore_ont_16610,eo,10712,17616,0,19
ore_ont_16610,os,10712,17616,0,20
ore_ont_16610,both,10712,17616,0,19
ore_ont_16617,off,3994,20255,58,50
ore_ont_16617,eo,3994,20255,58,47
ore_ont_16617,os,3994,20255,58,50
ore_ont_16617,both,3994,20255,58,50
ore_ont_16619,off,20767,84327,2,54
ore_ont_16619,eo,20767,84327,2,54
ore_ont_16619,os,20767,84327,2,54
ore_ont_16619,both,20767,84327,2,54
ore_ont_16626,off,310,1596,0,1
ore_ont_16626,eo,310,1596,0,1
ore_ont_16626,os,310,1596,0,1
ore_ont_16626,both,310,1596,0,1
ore_ont_1662,off,0,74,0,0
ore_ont_1662,eo,0,74,0,0
ore_ont_1662,os,0,74,0,0
ore_ont_1662,both,0,74,0,0
ore_ont_16630,off,52,96,0,1
ore_ont_16630,eo,52,96,0,1
ore_ont_16630,os,52,96,0,0
ore_ont_16630,both,52,96,0,1
ore_ont_16632,off,6614036,17474,6605229,13101
ore_ont_16632,eo,6614036,17474,6605229,13253
ore_ont_16632,os,6614036,17474,6605229,13168
ore_ont_16632,both,6614036,17474,6605229,13308
ore_ont_16642,off,4699,26270,63,19
ore_ont_16642,eo,4699,26270,63,19
ore_ont_16642,os,4699,26270,63,19
ore_ont_16642,both,4699,26270,63,19
ore_ont_16666,off,6711,84154,74,35
ore_ont_16666,eo,6711,84154,74,35
ore_ont_16666,os,6711,84154,74,34
ore_ont_16666,both,6711,84154,74,35
ore_ont_16669,off,6207,19126,0,17
ore_ont_16669,eo,6207,19126,0,17
ore_ont_16669,os,6207,19126,0,18
ore_ont_16669,both,6207,19126,0,17
ore_ont_1666,off,10916,9586,0,22
ore_ont_1666,eo,10916,9586,0,23
ore_ont_1666,os,10916,9586,0,23
ore_ont_1666,both,10916,9586,0,23
ore_ont_16670,off,165,225,0,2
ore_ont_16670,eo,165,225,0,2
ore_ont_16670,os,165,225,0,2
ore_ont_16670,both,165,225,0,2
ore_ont_16680,off,116967,509629,0,434
ore_ont_16680,eo,116967,509629,0,431
ore_ont_16680,os,116967,509629,0,431
ore_ont_16680,both,116967,509629,0,432
ore_ont_16684,off,45461,45468,0,234
ore_ont_16684,eo,45461,45468,0,233
ore_ont_16684,os,45461,45468,0,233
ore_ont_16684,both,45461,45468,0,236
ore_ont_16687,off,32313,64637,0,154
ore_ont_16687,eo,32313,64637,0,156
ore_ont_16687,os,32313,64637,0,155
ore_ont_16687,both,32313,64637,0,155
ore_ont_16701,off,1473,3966,0,442
ore_ont_16701,eo,1473,3966,0,444
ore_ont_16701,os,1473,3966,0,483
ore_ont_16701,both,1473,3966,0,456
ore_ont_16703,off,9082,52488,0,135
ore_ont_16703,eo,9082,52488,0,138
ore_ont_16703,os,9082,52488,0,137
ore_ont_16703,both,9082,52488,0,136
ore_ont_16708,off,1132,1073,538,2
ore_ont_16708,eo,1132,1073,538,2
ore_ont_16708,os,1132,1073,538,2
ore_ont_16708,both,1132,1073,538,3
ore_ont_16723,off,129,127,81,1
ore_ont_16723,eo,129,127,81,1
ore_ont_16723,os,129,127,81,1
ore_ont_16723,both,129,127,81,1
ore_ont_1672,off,1637,3555,5,71
ore_ont_1672,eo,1637,3555,5,60
ore_ont_1672,os,1637,3555,5,72
ore_ont_1672,both,1637,3555,5,61
ore_ont_16730,off,567,3017,0,2
ore_ont_16730,eo,567,3017,0,1
ore_ont_16730,os,567,3017,0,2
ore_ont_16730,both,567,3017,0,2
ore_ont_16738,off,3975,20174,57,50
ore_ont_16738,eo,3975,20174,57,46
ore_ont_16738,os,3975,20174,57,46
ore_ont_16738,both,3975,20174,57,47
ore_ont_1673,off,705020,899121,5,3659
ore_ont_1673,eo,705020,899121,5,3736
ore_ont_1673,os,705020,899121,5,3754
ore_ont_1673,both,705020,899121,5,3732
ore_ont_16744,off,3137899,142884,0,12445
ore_ont_16744,eo,3137899,142884,0,12434
ore_ont_16744,os,3137899,142884,0,12489
ore_ont_16744,both,3137899,142884,0,12451
ore_ont_16746,off,16706,50990,2,48
ore_ont_16746,eo,16706,50990,2,49
ore_ont_16746,os,16706,50990,2,49
ore_ont_16746,both,16706,50990,2,49
ore_ont_16750,off,197,454,0,10
ore_ont_16750,eo,197,454,0,9
ore_ont_16750,os,197,454,0,9
ore_ont_16750,both,197,454,0,9
ore_ont_16759,off,4438,22751,60,18
ore_ont_16759,eo,4438,22751,60,17
ore_ont_16759,os,4438,22751,60,17
ore_ont_16759,both,4438,22751,60,18
ore_ont_16767,off,1579,2612,0,168
ore_ont_16767,eo,1579,2612,0,167
ore_ont_16767,os,1579,2612,0,167
ore_ont_16767,both,1579,2612,0,168
ore_ont_16777,off,0,134,0,0
ore_ont_16777,eo,0,134,0,0
ore_ont_16777,os,0,134,0,0
ore_ont_16777,both,0,134,0,0
ore_ont_16800,off,13366,9822,0,44
ore_ont_16800,eo,13366,9822,0,44
ore_ont_16800,os,13366,9822,0,44
ore_ont_16800,both,13366,9822,0,44
ore_ont_16806,off,4408,48878,0,15
ore_ont_16806,eo,4408,48878,0,15
ore_ont_16806,os,4408,48878,0,15
ore_ont_16806,both,4408,48878,0,15
ore_ont_16814,off,56,45,37,0
ore_ont_16814,eo,56,45,37,0
ore_ont_16814,os,56,45,37,0
ore_ont_16814,both,56,45,37,0
ore_ont_16821,off,1009,3144,0,4
ore_ont_16821,eo,1009,3144,0,3
ore_ont_16821,os,1009,3144,0,4
ore_ont_16821,both,1009,3144,0,4
ore_ont_16822,off,4603,25888,63,18
ore_ont_16822,eo,4603,25888,63,18
ore_ont_16822,os,4603,25888,63,18
ore_ont_16822,both,4603,25888,63,18
ore_ont_16827,off,61,193,0,0
ore_ont_16827,eo,61,193,0,0
ore_ont_16827,os,61,193,0,0
ore_ont_16827,both,61,193,0,0
ore_ont_16829,off,175404,386462,7,790
ore_ont_16829,eo,175404,386462,7,794
ore_ont_16829,os,175404,386462,7,793
ore_ont_16829,both,175404,386462,7,796
ore_ont_16847,off,803,886,381,1
ore_ont_16847,eo,803,886,381,1
ore_ont_16847,os,803,886,381,1
ore_ont_16847,both,803,886,381,1
ore_ont_16850,off,38,74,0,0
ore_ont_16850,eo,38,74,0,0
ore_ont_16850,os,38,74,0,0
ore_ont_16850,both,38,74,0,0
ore_ont_16853,off,180,9943,0,1650
ore_ont_16853,eo,180,9943,0,1655
ore_ont_16853,os,180,9943,0,1628
ore_ont_16853,both,180,9943,0,1633
ore_ont_16855,off,106,48,91,0
ore_ont_16855,eo,106,48,91,1
ore_ont_16855,os,106,48,91,0
ore_ont_16855,both,106,48,91,1
ore_ont_1685,off,8761,19171,0,2624
ore_ont_1685,eo,8761,19171,0,1743
ore_ont_1685,os,8761,19171,0,2585
ore_ont_1685,both,8761,19171,0,1715
ore_ont_1705,off,94,65,63,1
ore_ont_1705,eo,94,65,63,1
ore_ont_1705,os,94,65,63,0
ore_ont_1705,both,94,65,63,1
ore_ont_1707,off,4107,9181,1700,6
ore_ont_1707,eo,4107,9181,1700,6
ore_ont_1707,os,4107,9181,1700,7
ore_ont_1707,both,4107,9181,1700,6
ore_ont_1728,off,1042,4368,0,2
ore_ont_1728,eo,1042,4368,0,2
ore_ont_1728,os,1042,4368,0,2
ore_ont_1728,both,1042,4368,0,4
ore_ont_1734,off,13588,13944,2072,26
ore_ont_1734,eo,13588,13944,2072,26
ore_ont_1734,os,13588,13944,2072,26
ore_ont_1734,both,13588,13944,2072,28
ore_ont_1743,off,12774,27238,2,55
ore_ont_1743,eo,12774,27238,2,55
ore_ont_1743,os,12774,27238,2,55
ore_ont_1743,both,12774,27238,2,55
ore_ont_1746,off,150,582,0,0
ore_ont_1746,eo,150,582,0,0
ore_ont_1746,os,150,582,0,0
ore_ont_1746,both,150,582,0,0
ore_ont_1756,off,843,1299,0,1
ore_ont_1756,eo,843,1299,0,1
ore_ont_1756,os,843,1299,0,3
ore_ont_1756,both,843,1299,0,1
ore_ont_1767,off,3520,15045,0,37
ore_ont_1767,eo,3520,15045,0,37
ore_ont_1767,os,3520,15045,0,38
ore_ont_1767,both,3520,15045,0,38
ore_ont_1784,off,371,663,62,1
ore_ont_1784,eo,371,663,62,1
ore_ont_1784,os,371,663,62,1
ore_ont_1784,both,371,663,62,1
ore_ont_178,off,95,105,9,0
ore_ont_178,eo,95,105,9,0
ore_ont_178,os,95,105,9,0
ore_ont_178,both,95,105,9,0
ore_ont_1790,off,3975,20174,57,47
ore_ont_1790,eo,3975,20174,57,49
ore_ont_1790,os,3975,20174,57,50
ore_ont_1790,both,3975,20174,57,46
ore_ont_1793,off,493,2579,0,1
ore_ont_1793,eo,493,2579,0,1
ore_ont_1793,os,493,2579,0,1
ore_ont_1793,both,493,2579,0,2
ore_ont_1820,off,138166,247175,5,689
ore_ont_1820,eo,138166,247175,5,690
ore_ont_1820,os,138166,247175,5,687
ore_ont_1820,both,138166,247175,5,690
ore_ont_1821,off,2954,4141,0,433
ore_ont_1821,eo,2954,4141,0,429
ore_ont_1821,os,2954,4141,0,434
ore_ont_1821,both,2954,4141,0,434
ore_ont_1823,off,169,143,0,2
ore_ont_1823,eo,169,143,0,2
ore_ont_1823,os,169,143,0,2
ore_ont_1823,both,169,143,0,2
ore_ont_1833,off,14030936,16301,14022825,31804
ore_ont_1833,eo,14030936,16301,14022825,33022
ore_ont_1833,os,14030936,16301,14022825,31960
ore_ont_1833,both,14030936,16301,14022825,32697
ore_ont_1834,off,176,565,5,1
ore_ont_1834,eo,176,565,5,1
ore_ont_1834,os,176,565,5,0
ore_ont_1834,both,176,565,5,1
ore_ont_1840,off,11846,71899,2,215
ore_ont_1840,eo,11846,71899,2,215
ore_ont_1840,os,11846,71899,2,214
ore_ont_1840,both,11846,71899,2,216
ore_ont_1853,off,159,147,87,1
ore_ont_1853,eo,159,147,87,1
ore_ont_1853,os,159,147,87,1
ore_ont_1853,both,159,147,87,0
ore_ont_185,off,212,154,68,0
ore_ont_185,eo,212,154,68,0
ore_ont_185,os,212,154,68,0
ore_ont_185,both,212,154,68,0
ore_ont_1866,off,164,223,0,2
ore_ont_1866,eo,164,223,0,2
ore_ont_1866,os,164,223,0,2
ore_ont_1866,both,164,223,0,2
ore_ont_1869,off,371,1039,0,1
ore_ont_1869,eo,371,1039,0,1
ore_ont_1869,os,371,1039,0,1
ore_ont_1869,both,371,1039,0,2
ore_ont_1870,off,3975,20174,57,50
ore_ont_1870,eo,3975,20174,57,50
ore_ont_1870,os,3975,20174,57,46
ore_ont_1870,both,3975,20174,57,46
ore_ont_1886,off,5476,43347,122,416
ore_ont_1886,eo,5476,43347,122,418
ore_ont_1886,os,5476,43347,122,418
ore_ont_1886,both,5476,43347,122,428
ore_ont_1898,off,382,335,162,2
ore_ont_1898,eo,382,335,162,3
ore_ont_1898,os,382,335,162,3
ore_ont_1898,both,382,335,162,2
ore_ont_1902,off,106,48,91,0
ore_ont_1902,eo,106,48,91,0
ore_ont_1902,os,106,48,91,0
ore_ont_1902,both,106,48,91,0
ore_ont_191,off,32287,219498,3,259
ore_ont_191,eo,32287,219498,3,260
ore_ont_191,os,32287,219498,3,261
ore_ont_191,both,32287,219498,3,258
ore_ont_1931,off,305,318,164,1
ore_ont_1931,eo,305,318,164,1
ore_ont_1931,os,305,318,164,2
ore_ont_1931,both,305,318,164,2
ore_ont_1938,off,248368,757976,5,1400
ore_ont_1938,eo,248368,757976,5,1393
ore_ont_1938,os,248368,757976,5,1393
ore_ont_1938,both,248368,757976,5,1395
ore_ont_1944,off,106,48,91,1
ore_ont_1944,eo,106,48,91,0
ore_ont_1944,os,106,48,91,0
ore_ont_1944,both,106,48,91,1
ore_ont_1954,off,8272,44010,0,43
ore_ont_1954,eo,8272,44010,0,43
ore_ont_1954,os,8272,44010,0,43
ore_ont_1954,both,8272,44010,0,45
ore_ont_1958,off,902,2840,45,4
ore_ont_1958,eo,902,2840,45,2
ore_ont_1958,os,902,2840,45,2
ore_ont_1958,both,902,2840,45,2
ore_ont_1965,off,4456,22795,60,18
ore_ont_1965,eo,4456,22795,60,18
ore_ont_1965,os,4456,22795,60,18
ore_ont_1965,both,4456,22795,60,18
ore_ont_1966,off,38158,237856,5,315
ore_ont_1966,eo,38158,237856,5,311
ore_ont_1966,os,38158,237856,5,317
ore_ont_1966,both,38158,237856,5,315
ore_ont_1967,off,53,148,0,0
ore_ont_1967,eo,53,148,0,0
ore_ont_1967,os,53,148,0,0
ore_ont_1967,both,53,148,0,0
ore_ont_1970,off,10238,20501,0,25
ore_ont_1970,eo,10238,20501,0,25
ore_ont_1970,os,10238,20501,0,26
ore_ont_1970,both,10238,20501,0,26
ore_ont_1988,off,101,143,0,0
ore_ont_1988,eo,101,143,0,0
ore_ont_1988,os,101,143,0,0
ore_ont_1988,both,101,143,0,0
ore_ont_1997,off,243,223,76,0
ore_ont_1997,eo,243,223,76,0
ore_ont_1997,os,243,223,76,0
ore_ont_1997,both,243,223,76,0
ore_ont_2011,off,1466,7764,0,6
ore_ont_2011,eo,1466,7764,0,5
ore_ont_2011,os,1466,7764,0,5
ore_ont_2011,both,1466,7764,0,4
ore_ont_2012,off,115,193,7,0
ore_ont_2012,eo,115,193,7,0
ore_ont_2012,os,115,193,7,0
ore_ont_2012,both,115,193,7,0
ore_ont_2017,off,773,1165,0,1
ore_ont_2017,eo,773,1165,0,2
ore_ont_2017,os,773,1165,0,2
ore_ont_2017,both,773,1165,0,1
ore_ont_2020,off,25383,91289,65,64
ore_ont_2020,eo,25383,91289,65,64
ore_ont_2020,os,25383,91289,65,64
ore_ont_2020,both,25383,91289,65,64
ore_ont_2022,off,3452,14904,0,9
ore_ont_2022,eo,3452,14904,0,9
ore_ont_2022,os,3452,14904,0,9
ore_ont_2022,both,3452,14904,0,9
ore_ont_202,off,106,48,91,0
ore_ont_202,eo,106,48,91,0
ore_ont_202,os,106,48,91,0
ore_ont_202,both,106,48,91,0
ore_ont_2036,off,30,130,0,0
ore_ont_2036,eo,30,130,0,0
ore_ont_2036,os,30,130,0,0
ore_ont_2036,both,30,130,0,0
ore_ont_2038,off,128,225,79,0
ore_ont_2038,eo,128,225,79,0
ore_ont_2038,os,128,225,79,0
ore_ont_2038,both,128,225,79,0
ore_ont_2046,off,60502,10856,0,416
ore_ont_2046,eo,60502,10856,0,414
ore_ont_2046,os,60502,10856,0,410
ore_ont_2046,both,60502,10856,0,423
ore_ont_205,off,12651,34203,0,33
ore_ont_205,eo,12651,34203,0,33
ore_ont_205,os,12651,34203,0,33
ore_ont_205,both,12651,34203,0,33
ore_ont_2063,off,922,6607,0,4
ore_ont_2063,eo,922,6607,0,4
ore_ont_2063,os,922,6607,0,4
ore_ont_2063,both,922,6607,0,2
ore_ont_2066,off,387,1319,0,1
ore_ont_2066,eo,387,1319,0,1
ore_ont_2066,os,387,1319,0,1
ore_ont_2066,both,387,1319,0,1
ore_ont_2082,off,196070,341868,5,1022
ore_ont_2082,eo,196070,341868,5,1009
ore_ont_2082,os,196070,341868,5,1020
ore_ont_2082,both,196070,341868,5,1017
ore_ont_20,off,14567,3447,12796,39351
ore_ont_20,eo,14567,3447,12796,39719
ore_ont_20,os,14567,3447,12796,39968
ore_ont_20,both,14567,3447,12796,39869
ore_ont_2105,off,31215,7224,0,57
ore_ont_2105,eo,31215,7224,0,58
ore_ont_2105,os,31215,7224,0,59
ore_ont_2105,both,31215,7224,0,58
ore_ont_2111,off,91581,695638,3,1437
ore_ont_2111,eo,91581,695638,3,1445
ore_ont_2111,os,91581,695638,3,1444
ore_ont_2111,both,91581,695638,3,1418
ore_ont_2121,off,803567,671031,0,22957
ore_ont_2121,eo,803567,671031,0,22787
ore_ont_2121,os,803567,671031,0,23091
ore_ont_2121,both,803567,671031,0,22929
ore_ont_2128,off,12343,27661,2,48
ore_ont_2128,eo,12343,27661,2,46
ore_ont_2128,os,12343,27661,2,47
ore_ont_2128,both,12343,27661,2,47
ore_ont_2129,off,6265,5879,0,24
ore_ont_2129,eo,6265,5879,0,22
ore_ont_2129,os,6265,5879,0,22
ore_ont_2129,both,6265,5879,0,23
ore_ont_2134,off,146368,291199,5,627
ore_ont_2134,eo,146368,291199,5,607
ore_ont_2134,os,146368,291199,5,606
ore_ont_2134,both,146368,291199,5,614
ore_ont_2142,off,30605,47770,22265,87
ore_ont_2142,eo,30605,47770,22265,90
ore_ont_2142,os,30605,47770,22265,89
ore_ont_2142,both,30605,47770,22265,89
ore_ont_2182,off,221,92,1,0
ore_ont_2182,eo,221,92,1,1
ore_ont_2182,os,221,92,1,0
ore_ont_2182,both,221,92,1,1
ore_ont_218,off,4046,44641,45,14
ore_ont_218,eo,4046,44641,45,14
ore_ont_218,os,4046,44641,45,14
ore_ont_218,both,4046,44641,45,14
ore_ont_2195,off,171,20,171,2
ore_ont_2195,eo,171,20,171,2
ore_ont_2195,os,171,20,171,1
ore_ont_2195,both,171,20,171,2
ore_ont_2213,off,4009,20294,57,51
ore_ont_2213,eo,4009,20294,57,50
ore_ont_2213,os,4009,20294,57,54
ore_ont_2213,both,4009,20294,57,49
ore_ont_2228,off,94,565,0,0
ore_ont_2228,eo,94,565,0,0
ore_ont_2228,os,94,565,0,0
ore_ont_2228,both,94,565,0,0
ore_ont_2229,off,319,407,193,0
ore_ont_2229,eo,319,407,193,1
ore_ont_2229,os,319,407,193,1
ore_ont_2229,both,319,407,193,0
ore_ont_2232,off,13551,13826,2072,27
ore_ont_2232,eo,13551,13826,2072,26
ore_ont_2232,os,13551,13826,2072,26
ore_ont_2232,both,13551,13826,2072,26
ore_ont_2237,off,0,131,0,0
ore_ont_2237,eo,0,131,0,0
ore_ont_2237,os,0,131,0,0
ore_ont_2237,both,0,131,0,0
ore_ont_2243,off,232267,37523,0,736
ore_ont_2243,eo,232267,37523,0,738
ore_ont_2243,os,232267,37523,0,744
ore_ont_2243,both,232267,37523,0,737
ore_ont_2253,off,84385,20603,0,555
ore_ont_2253,eo,84385,20603,0,560
ore_ont_2253,os,84385,20603,0,564
ore_ont_2253,both,84385,20603,0,560
ore_ont_2266,off,1062,4415,0,5
ore_ont_2266,eo,1062,4415,0,5
ore_ont_2266,os,1062,4415,0,5
ore_ont_2266,both,1062,4415,0,8
ore_ont_2291,off,36500,605175,0,368
ore_ont_2291,eo,36500,605175,0,375
ore_ont_2291,os,36500,605175,0,371
ore_ont_2291,both,36500,605175,0,371
ore_ont_22,off,4222,13046,0,25
ore_ont_22,eo,4222,13046,0,25
ore_ont_22,os,4222,13046,0,26
ore_ont_22,both,4222,13046,0,25
ore_ont_2302,off,99066,546159,0,465
ore_ont_2302,eo,99066,546159,0,459
ore_ont_2302,os,99066,546159,0,472
ore_ont_2302,both,99066,546159,0,461
ore_ont_2303,off,379,500,0,1
ore_ont_2303,eo,379,500,0,1
ore_ont_2303,os,379,500,0,1
ore_ont_2303,both,379,500,0,1
ore_ont_2313,off,1914,15454,4,7
ore_ont_2313,eo,1914,15454,4,7
ore_ont_2313,os,1914,15454,4,7
ore_ont_2313,both,1914,15454,4,7
ore_ont_2317,off,14749,12689,2,46
ore_ont_2317,eo,14749,12689,2,46
ore_ont_2317,os,14749,12689,2,46
ore_ont_2317,both,14749,12689,2,46
ore_ont_2318,off,4705,29207,84,18
ore_ont_2318,eo,4705,29207,84,18
ore_ont_2318,os,4705,29207,84,18
ore_ont_2318,both,4705,29207,84,18
ore_ont_231,off,0,168,0,0
ore_ont_231,eo,0,168,0,0
ore_ont_231,os,0,168,0,0
ore_ont_231,both,0,168,0,0
ore_ont_2333,off,3228,15607,0,15
ore_ont_2333,eo,3228,15607,0,15
ore_ont_2333,os,3228,15607,0,15
ore_ont_2333,both,3228,15607,0,15
ore_ont_2338,off,867,1664,486,3
ore_ont_2338,eo,867,1664,486,1
ore_ont_2338,os,867,1664,486,3
ore_ont_2338,both,867,1664,486,2
ore_ont_2360,off,4248,21660,59,55
ore_ont_2360,eo,4248,21660,59,50
ore_ont_2360,os,4248,21660,59,50
ore_ont_2360,both,4248,21660,59,55
ore_ont_2361,off,50898,337748,3,450
ore_ont_2361,eo,50898,337748,3,447
ore_ont_2361,os,50898,337748,3,444
ore_ont_2361,both,50898,337748,3,448
ore_ont_236,off,7831,10099,0,20
ore_ont_236,eo,7831,10099,0,20
ore_ont_236,os,7831,10099,0,20
ore_ont_236,both,7831,10099,0,21
ore_ont_2377,off,3375,8987,0,8
ore_ont_2377,eo,3375,8987,0,8
ore_ont_2377,os,3375,8987,0,8
ore_ont_2377,both,3375,8987,0,15
ore_ont_2378,off,1684,15231,0,7
ore_ont_2378,eo,1684,15231,0,5
ore_ont_2378,os,1684,15231,0,5
ore_ont_2378,both,1684,15231,0,6
ore_ont_237,off,146,249,8,2
ore_ont_237,eo,146,249,8,2
ore_ont_237,os,146,249,8,1
ore_ont_237,both,146,249,8,1
ore_ont_2397,off,24619,111361,2,69
ore_ont_2397,eo,24619,111361,2,68
ore_ont_2397,os,24619,111361,2,68
ore_ont_2397,both,24619,111361,2,68
ore_ont_239,off,17875,49048,65,78
ore_ont_239,eo,17875,49048,65,72
ore_ont_239,os,17875,49048,65,79
ore_ont_239,both,17875,49048,65,74
ore_ont_2415,off,52450,337760,3,502
ore_ont_2415,eo,52450,337760,3,500
ore_ont_2415,os,52450,337760,3,499
ore_ont_2415,both,52450,337760,3,512
ore_ont_2440,off,2732,4418,0,5
ore_ont_2440,eo,2732,4418,0,6
ore_ont_2440,os,2732,4418,0,6
ore_ont_2440,both,2732,4418,0,6
ore_ont_2453,off,169,233,0,0
ore_ont_2453,eo,169,233,0,1
ore_ont_2453,os,169,233,0,1
ore_ont_2453,both,169,233,0,1
ore_ont_2454,off,11275,18412,1,20
ore_ont_2454,eo,11275,18412,1,20
ore_ont_2454,os,11275,18412,1,20
ore_ont_2454,both,11275,18412,1,20
ore_ont_2456,off,506,468,0,1
ore_ont_2456,eo,506,468,0,2
ore_ont_2456,os,506,468,0,1
ore_ont_2456,both,506,468,0,2
ore_ont_2469,off,138204,247331,7,692
ore_ont_2469,eo,138204,247331,7,684
ore_ont_2469,os,138204,247331,7,688
ore_ont_2469,both,138204,247331,7,692
ore_ont_2485,off,1,6,0,0
ore_ont_2485,eo,1,6,0,0
ore_ont_2485,os,1,6,0,0
ore_ont_2485,both,1,6,0,0
ore_ont_2486,off,74770,750292,62,1716
ore_ont_2486,eo,74770,750292,62,1737
ore_ont_2486,os,74770,750292,62,1726
ore_ont_2486,both,74770,750292,62,1709
ore_ont_2488,off,476,2521,0,3
ore_ont_2488,eo,476,2521,0,1
ore_ont_2488,os,476,2521,0,3
ore_ont_2488,both,476,2521,0,1
ore_ont_2491,off,17934,17935,0,61
ore_ont_2491,eo,17934,17935,0,61
ore_ont_2491,os,17934,17935,0,60
ore_ont_2491,both,17934,17935,0,64
ore_ont_2496,off,2875,9975,36,7
ore_ont_2496,eo,2875,9975,36,7
ore_ont_2496,os,2875,9975,36,7
ore_ont_2496,both,2875,9975,36,7
ore_ont_2497,off,13356,50511,70,35
ore_ont_2497,eo,13356,50511,70,35
ore_ont_2497,os,13356,50511,70,36
ore_ont_2497,both,13356,50511,70,36
ore_ont_2504,off,NA,NA,NA,NA
ore_ont_2504,eo,NA,NA,NA,NA
ore_ont_2504,os,NA,NA,NA,NA
ore_ont_2504,both,NA,NA,NA,NA
ore_ont_2513,off,1073,1871,0,567
ore_ont_2513,eo,1073,1871,0,572
ore_ont_2513,os,1073,1871,0,574
ore_ont_2513,both,1073,1871,0,582
ore_ont_2526,off,157,139,87,0
ore_ont_2526,eo,157,139,87,1
ore_ont_2526,os,157,139,87,1
ore_ont_2526,both,157,139,87,1
ore_ont_2531,off,3975,20174,57,46
ore_ont_2531,eo,3975,20174,57,49
ore_ont_2531,os,3975,20174,57,46
ore_ont_2531,both,3975,20174,57,46
ore_ont_253,off,3710,12759,1,13
ore_ont_253,eo,3710,12759,1,13
ore_ont_253,os,3710,12759,1,13
ore_ont_253,both,3710,12759,1,13
ore_ont_2548,off,2804,23995,103,184
ore_ont_2548,eo,2804,23995,103,195
ore_ont_2548,os,2804,23995,103,199
ore_ont_2548,both,2804,23995,103,200
ore_ont_2556,off,0,181,0,1
ore_ont_2556,eo,0,181,0,1
ore_ont_2556,os,0,181,0,0
ore_ont_2556,both,0,181,0,1
ore_ont_2557,off,0,85,0,0
ore_ont_2557,eo,0,85,0,0
ore_ont_2557,os,0,85,0,0
ore_ont_2557,both,0,85,0,0
ore_ont_2569,off,3991,25526,0,13
ore_ont_2569,eo,3991,25526,0,13
ore_ont_2569,os,3991,25526,0,13
ore_ont_2569,both,3991,25526,0,13
ore_ont_2574,off,275563,136583,5,1879
ore_ont_2574,eo,275563,136583,5,1861
ore_ont_2574,os,275563,136583,5,1880
ore_ont_2574,both,275563,136583,5,1894
ore_ont_2577,off,60989,213997,5,204
ore_ont_2577,eo,60989,213997,5,204
ore_ont_2577,os,60989,213997,5,205
ore_ont_2577,both,60989,213997,5,207
ore_ont_2578,off,10917,48540,0,34
ore_ont_2578,eo,10917,48540,0,33
ore_ont_2578,os,10917,48540,0,34
ore_ont_2578,both,10917,48540,0,34
ore_ont_257,off,2208,6025,19,142
ore_ont_257,eo,2208,6025,19,144
ore_ont_257,os,2208,6025,19,142
ore_ont_257,both,2208,6025,19,145
ore_ont_258,off,271,1149,0,1
ore_ont_258,eo,271,1149,0,0
ore_ont_258,os,271,1149,0,1
ore_ont_258,both,271,1149,0,1
ore_ont_2591,off,13730,13731,0,41
ore_ont_2591,eo,13730,13731,0,42
ore_ont_2591,os,13730,13731,0,42
ore_ont_2591,both,13730,13731,0,42
ore_ont_259,off,3980,20450,58,50
ore_ont_259,eo,3980,20450,58,48
ore_ont_259,os,3980,20450,58,53
ore_ont_259,both,3980,20450,58,47
ore_ont_2604,off,3522,19596,73,15
ore_ont_2604,eo,3522,19596,73,15
ore_ont_2604,os,3522,19596,73,16
ore_ont_2604,both,3522,19596,73,14
ore_ont_2608,off,732,1653,0,3
ore_ont_2608,eo,732,1653,0,3
ore_ont_2608,os,732,1653,0,3
ore_ont_2608,both,732,1653,0,3
ore_ont_260,off,4435,22747,60,17
ore_ont_260,eo,4435,22747,60,18
ore_ont_260,os,4435,22747,60,17
ore_ont_260,both,4435,22747,60,17
ore_ont_2612,off,4053,14589,0,10
ore_ont_2612,eo,4053,14589,0,10
ore_ont_2612,os,4053,14589,0,10
ore_ont_2612,both,4053,14589,0,18
ore_ont_2622,off,559,1339,0,553
ore_ont_2622,eo,559,1339,0,556
ore_ont_2622,os,559,1339,0,547
ore_ont_2622,both,559,1339,0,549
ore_ont_2624,off,7277,31452,0,29
ore_ont_2624,eo,7277,31452,0,29
ore_ont_2624,os,7277,31452,0,29
ore_ont_2624,both,7277,31452,0,29
ore_ont_2627,off,41926,86110,0,180
ore_ont_2627,eo,41926,86110,0,179
ore_ont_2627,os,41926,86110,0,180
ore_ont_2627,both,41926,86110,0,181
ore_ont_2632,off,56672,181301,5,205
ore_ont_2632,eo,56672,181301,5,199
ore_ont_2632,os,56672,181301,5,200
ore_ont_2632,both,56672,181301,5,200
ore_ont_2646,off,1687,3038,0,3
ore_ont_2646,eo,1687,3038,0,3
ore_ont_2646,os,1687,3038,0,3
ore_ont_2646,both,1687,3038,0,3
ore_ont_264,off,6264,6114,0,22
ore_ont_264,eo,6264,6114,0,22
ore_ont_264,os,6264,6114,0,29
ore_ont_264,both,6264,6114,0,22
ore_ont_2652,off,104,176,0,0
ore_ont_2652,eo,104,176,0,0
ore_ont_2652,os,104,176,0,0
ore_ont_2652,both,104,176,0,0
ore_ont_2654,off,215,595,0,0
ore_ont_2654,eo,215,595,0,0
ore_ont_2654,os,215,595,0,0
ore_ont_2654,both,215,595,0,0
ore_ont_2656,off,19926,39852,2,81
ore_ont_2656,eo,19926,39852,2,75
ore_ont_2656,os,19926,39852,2,76
ore_ont_2656,both,19926,39852,2,75
ore_ont_2658,off,9806,128633,0,56
ore_ont_2658,eo,9806,128633,0,57
ore_ont_2658,os,9806,128633,0,56
ore_ont_2658,both,9806,128633,0,57
ore_ont_2661,off,20389,55705,0,128
ore_ont_2661,eo,20389,55705,0,129
ore_ont_2661,os,20389,55705,0,132
ore_ont_2661,both,20389,55705,0,131
ore_ont_2662,off,331,460,193,1
ore_ont_2662,eo,331,460,193,0
ore_ont_2662,os,331,460,193,0
ore_ont_2662,both,331,460,193,1
ore_ont_2664,off,3980,20452,58,50
ore_ont_2664,eo,3980,20452,58,50
ore_ont_2664,os,3980,20452,58,50
ore_ont_2664,both,3980,20452,58,50
ore_ont_2669,off,152,264,8,1
ore_ont_2669,eo,152,264,8,2
ore_ont_2669,os,152,264,8,2
ore_ont_2669,both,152,264,8,2
ore_ont_2672,off,876,4359,0,2
ore_ont_2672,eo,876,4359,0,2
ore_ont_2672,os,876,4359,0,4
ore_ont_2672,both,876,4359,0,4
ore_ont_2677,off,4432,27150,81,17
ore_ont_2677,eo,4432,27150,81,16
ore_ont_2677,os,4432,27150,81,17
ore_ont_2677,both,4432,27150,81,17
ore_ont_2678,off,381,356,144,4
ore_ont_2678,eo,381,356,144,4
ore_ont_2678,os,381,356,144,3
ore_ont_2678,both,381,356,144,3
ore_ont_2697,off,98,575,0,0
ore_ont_2697,eo,98,575,0,0
ore_ont_2697,os,98,575,0,0
ore_ont_2697,both,98,575,0,0
ore_ont_269,off,65926,19162,0,166
ore_ont_269,eo,65926,19162,0,168
ore_ont_269,os,65926,19162,0,167
ore_ont_269,both,65926,19162,0,166
ore_ont_2700,off,4604,25921,63,18
ore_ont_2700,eo,4604,25921,63,18
ore_ont_2700,os,4604,25921,63,18
ore_ont_2700,both,4604,25921,63,18
ore_ont_2703,off,3107,16480,64,11
ore_ont_2703,eo,3107,16480,64,11
ore_ont_2703,os,3107,16480,64,12
ore_ont_2703,both,3107,16480,64,11
ore_ont_2713,off,318,1927,0,1
ore_ont_2713,eo,318,1927,0,1
ore_ont_2713,os,318,1927,0,1
ore_ont_2713,both,318,1927,0,1
ore_ont_2719,off,12772,27235,0,49
ore_ont_2719,eo,12772,27235,0,49
ore_ont_2719,os,12772,27235,0,52
ore_ont_2719,both,12772,27235,0,49
ore_ont_2720,off,1049,6805,0,5
ore_ont_2720,eo,1049,6805,0,3
ore_ont_2720,os,1049,6805,0,5
ore_ont_2720,both,1049,6805,0,6
ore_ont_2738,off,127042,680870,40,620
ore_ont_2738,eo,127042,680870,40,621
ore_ont_2738,os,127042,680870,40,622
ore_ont_2738,both,127042,680870,40,625
ore_ont_2744,off,727,936,374,3
ore_ont_2744,eo,727,936,374,3
ore_ont_2744,os,727,936,374,5
ore_ont_2744,both,727,936,374,3
ore_ont_2749,off,51081,1787,50151,94
ore_ont_2749,eo,51081,1787,50151,93
ore_ont_2749,os,51081,1787,50151,100
ore_ont_2749,both,51081,1787,50151,95
ore_ont_2753,off,366,1507,0,0
ore_ont_2753,eo,366,1507,0,0
ore_ont_2753,os,366,1507,0,0
ore_ont_2753,both,366,1507,0,1
ore_ont_2775,off,132,446,0,0
ore_ont_2775,eo,132,446,0,0
ore_ont_2775,os,132,446,0,0
ore_ont_2775,both,132,446,0,0
ore_ont_2783,off,3975,20174,57,50
ore_ont_2783,eo,3975,20174,57,52
ore_ont_2783,os,3975,20174,57,49
ore_ont_2783,both,3975,20174,57,53
ore_ont_2792,off,6784,85102,80,35
ore_ont_2792,eo,6784,85102,80,35
ore_ont_2792,os,6784,85102,80,35
ore_ont_2792,both,6784,85102,80,35
ore_ont_2803,off,115744,1095111,0,558
ore_ont_2803,eo,115744,1095111,0,557
ore_ont_2803,os,115744,1095111,0,560
ore_ont_2803,both,115744,1095111,0,559
ore_ont_2817,off,3975,20174,57,53
ore_ont_2817,eo,3975,20174,57,53
ore_ont_2817,os,3975,20174,57,47
ore_ont_2817,both,3975,20174,57,49
ore_ont_2820,off,124992,223999,5,558
ore_ont_2820,eo,124992,223999,5,555
ore_ont_2820,os,124992,223999,5,566
ore_ont_2820,both,124992,223999,5,559
ore_ont_2826,off,357,286,39,2
ore_ont_2826,eo,357,286,39,2
ore_ont_2826,os,357,286,39,1
ore_ont_2826,both,357,286,39,1
ore_ont_2828,off,176243,466816,695,1001
ore_ont_2828,eo,176243,466816,695,1010
ore_ont_2828,os,176243,466816,695,1051
ore_ont_2828,both,176243,466816,695,1028
ore_ont_2837,off,39,55,2,0
ore_ont_2837,eo,39,55,2,0
ore_ont_2837,os,39,55,2,0
ore_ont_2837,both,39,55,2,0
ore_ont_283,off,122280,89644,0,529
ore_ont_283,eo,122280,89644,0,523
ore_ont_283,os,122280,89644,0,526
ore_ont_283,both,122280,89644,0,542
ore_ont_2848,off,6003,20168,2,25
ore_ont_2848,eo,6003,20168,2,26
ore_ont_2848,os,6003,20168,2,25
ore_ont_2848,both,6003,20168,2,25
ore_ont_2860,off,199,278,74,2
ore_ont_2860,eo,199,278,74,2
ore_ont_2860,os,199,278,74,2
ore_ont_2860,both,199,278,74,2
ore_ont_2874,off,156492,775846,106,750
ore_ont_2874,eo,156492,775846,106,747
ore_ont_2874,os,156492,775846,106,755
ore_ont_2874,both,156492,775846,106,753
ore_ont_2876,off,88,406,0,0
ore_ont_2876,eo,88,406,0,0
ore_ont_2876,os,88,406,0,0
ore_ont_2876,both,88,406,0,0
ore_ont_2901,off,1001,5971,13,4
ore_ont_2901,eo,1001,5971,13,4
ore_ont_2901,os,1001,5971,13,4
ore_ont_2901,both,1001,5971,13,4
ore_ont_290,off,4044,20671,59,51
ore_ont_290,eo,4044,20671,59,48
ore_ont_290,os,4044,20671,59,51
ore_ont_290,both,4044,20671,59,51
ore_ont_2936,off,18,13,0,0
ore_ont_2936,eo,18,13,0,0
ore_ont_2936,os,18,13,0,0
ore_ont_2936,both,18,13,0,0
ore_ont_2950,off,2864,5690,1639,6
ore_ont_2950,eo,2864,5690,1639,6
ore_ont_2950,os,2864,5690,1639,6
ore_ont_2950,both,2864,5690,1639,6
ore_ont_2989,off,106,48,91,0
ore_ont_2989,eo,106,48,91,0
ore_ont_2989,os,106,48,91,0
ore_ont_2989,both,106,48,91,0
ore_ont_3003,off,2608,6577,0,6
ore_ont_3003,eo,2608,6577,0,6
ore_ont_3003,os,2608,6577,0,6
ore_ont_3003,both,2608,6577,0,6
ore_ont_3010,off,357,286,39,1
ore_ont_3010,eo,357,286,39,1
ore_ont_3010,os,357,286,39,1
ore_ont_3010,both,357,286,39,2
ore_ont_3022,off,381,356,144,2
ore_ont_3022,eo,381,356,144,4
ore_ont_3022,os,381,356,144,3
ore_ont_3022,both,381,356,144,2
ore_ont_304,off,163,525,0,0
ore_ont_304,eo,163,525,0,1
ore_ont_304,os,163,525,0,1
ore_ont_304,both,163,525,0,0
ore_ont_3050,off,3975,20174,57,50
ore_ont_3050,eo,3975,20174,57,50
ore_ont_3050,os,3975,20174,57,50
ore_ont_3050,both,3975,20174,57,49
ore_ont_3053,off,480,375,323,2
ore_ont_3053,eo,480,375,323,2
ore_ont_3053,os,480,375,323,2
ore_ont_3053,both,480,375,323,2
ore_ont_3060,off,154,131,87,0
ore_ont_3060,eo,154,131,87,1
ore_ont_3060,os,154,131,87,0
ore_ont_3060,both,154,131,87,0
ore_ont_3077,off,10183,119779,81,63
ore_ont_3077,eo,10183,119779,81,61
ore_ont_3077,os,10183,119779,81,63
ore_ont_3077,both,10183,119779,81,61
ore_ont_307,off,13627,14237,2074,28
ore_ont_307,eo,13627,14237,2074,28
ore_ont_307,os,13627,14237,2074,29
ore_ont_307,both,13627,14237,2074,28
ore_ont_3080,off,6632,34176,604,20
ore_ont_3080,eo,6632,34176,604,19
ore_ont_3080,os,6632,34176,604,19
ore_ont_3080,both,6632,34176,604,19
ore_ont_3082,off,120,482,0,0
ore_ont_3082,eo,120,482,0,0
ore_ont_3082,os,120,482,0,0
ore_ont_3082,both,120,482,0,0
ore_ont_3087,off,2694,14832,5,296
ore_ont_3087,eo,2694,14832,5,297
ore_ont_3087,os,2694,14832,5,296
ore_ont_3087,both,2694,14832,5,297
ore_ont_3100,off,121710,920808,2,867
ore_ont_3100,eo,121710,920808,2,863
ore_ont_3100,os,121710,920808,2,866
ore_ont_3100,both,121710,920808,2,865
ore_ont_3102,off,3304,19435,1,10
ore_ont_3102,eo,3304,19435,1,10
ore_ont_3102,os,3304,19435,1,10
ore_ont_3102,both,3304,19435,1,10
ore_ont_3106,off,10253,65078,0,35
ore_ont_3106,eo,10253,65078,0,35
ore_ont_3106,os,10253,65078,0,36
ore_ont_3106,both,10253,65078,0,36
ore_ont_3114,off,3980,20450,58,50
ore_ont_3114,eo,3980,20450,58,47
ore_ont_3114,os,3980,20450,58,46
ore_ont_3114,both,3980,20450,58,46
ore_ont_3128,off,272,232,0,1
ore_ont_3128,eo,272,232,0,0
ore_ont_3128,os,272,232,0,0
ore_ont_3128,both,272,232,0,1
ore_ont_3133,off,1307,2507,0,670
ore_ont_3133,eo,1307,2507,0,674
ore_ont_3133,os,1307,2507,0,680
ore_ont_3133,both,1307,2507,0,672
ore_ont_3156,off,357,286,39,2
ore_ont_3156,eo,357,286,39,1
ore_ont_3156,os,357,286,39,2
ore_ont_3156,both,357,286,39,2
ore_ont_3164,off,807,1596,0,467
ore_ont_3164,eo,807,1596,0,460
ore_ont_3164,os,807,1596,0,461
ore_ont_3164,both,807,1596,0,464
ore_ont_316,off,2488,13712,0,6
ore_ont_316,eo,2488,13712,0,6
ore_ont_316,os,2488,13712,0,6
ore_ont_316,both,2488,13712,0,6
ore_ont_3177,off,8926,65092,0,33
ore_ont_3177,eo,8926,65092,0,33
ore_ont_3177,os,8926,65092,0,33
ore_ont_3177,both,8926,65092,0,33
ore_ont_318,off,62952,409642,5,904
ore_ont_318,eo,62952,409642,5,917
ore_ont_318,os,62952,409642,5,906
ore_ont_318,both,62952,409642,5,906
ore_ont_3205,off,3679,440,3505,9
ore_ont_3205,eo,3679,440,3505,5
ore_ont_3205,os,3679,440,3505,5
ore_ont_3205,both,3679,440,3505,9
ore_ont_3214,off,4589,25860,63,18
ore_ont_3214,eo,4589,25860,63,18
ore_ont_3214,os,4589,25860,63,18
ore_ont_3214,both,4589,25860,63,18
ore_ont_3215,off,91618,54975,1,568
ore_ont_3215,eo,91618,54975,1,570
ore_ont_3215,os,91618,54975,1,572
ore_ont_3215,both,91618,54975,1,578
ore_ont_3231,off,178,517,6,1
ore_ont_3231,eo,178,517,6,1
ore_ont_3231,os,178,517,6,1
ore_ont_3231,both,178,517,6,1
ore_ont_3237,off,41940,177140,69,126
ore_ont_3237,eo,41940,177140,69,138
ore_ont_3237,os,41940,177140,69,125
ore_ont_3237,both,41940,177140,69,127
ore_ont_3238,off,13077,13078,0,38
ore_ont_3238,eo,13077,13078,0,39
ore_ont_3238,os,13077,13078,0,39
ore_ont_3238,both,13077,13078,0,39
ore_ont_3241,off,2689,8891,37,17
ore_ont_3241,eo,2689,8891,37,17
ore_ont_3241,os,2689,8891,37,17
ore_ont_3241,both,2689,8891,37,17
ore_ont_3250,off,182,154,55,0
ore_ont_3250,eo,182,154,55,0
ore_ont_3250,os,182,154,55,0
ore_ont_3250,both,182,154,55,0
ore_ont_3255,off,378,750,0,37
ore_ont_3255,eo,378,750,0,35
ore_ont_3255,os,378,750,0,36
ore_ont_3255,both,378,750,0,35
ore_ont_3258,off,363,3187,1,2
ore_ont_3258,eo,363,3187,1,2
ore_ont_3258,os,363,3187,1,1
ore_ont_3258,both,363,3187,1,2
ore_ont_3259,off,0,180,0,0
ore_ont_3259,eo,0,180,0,0
ore_ont_3259,os,0,180,0,1
ore_ont_3259,both,0,180,0,1
ore_ont_3260,off,83,106,1,0
ore_ont_3260,eo,83,106,1,0
ore_ont_3260,os,83,106,1,0
ore_ont_3260,both,83,106,1,0
ore_ont_3262,off,320,675,43,1
ore_ont_3262,eo,320,675,43,2
ore_ont_3262,os,320,675,43,1
ore_ont_3262,both,320,675,43,1
ore_ont_3263,off,336,939,0,0
ore_ont_3263,eo,336,939,0,1
ore_ont_3263,os,336,939,0,0
ore_ont_3263,both,336,939,0,0
ore_ont_3270,off,106,48,91,0
ore_ont_3270,eo,106,48,91,0
ore_ont_3270,os,106,48,91,0
ore_ont_3270,both,106,48,91,0
ore_ont_3274,off,255138,506491,5,1390
ore_ont_3274,eo,255138,506491,5,1390
ore_ont_3274,os,255138,506491,5,1398
ore_ont_3274,both,255138,506491,5,1388
ore_ont_3281,off,266,1204,0,2
ore_ont_3281,eo,266,1204,0,3
ore_ont_3281,os,266,1204,0,3
ore_ont_3281,both,266,1204,0,1
ore_ont_3282,off,80381,218580,5,287
ore_ont_3282,eo,80381,218580,5,288
ore_ont_3282,os,80381,218580,5,286
ore_ont_3282,both,80381,218580,5,293
ore_ont_3292,off,0,142,0,1
ore_ont_3292,eo,0,142,0,0
ore_ont_3292,os,0,142,0,0
ore_ont_3292,both,0,142,0,0
ore_ont_3301,off,584,3158,14,2
ore_ont_3301,eo,584,3158,14,4
ore_ont_3301,os,584,3158,14,3
ore_ont_3301,both,584,3158,14,4
ore_ont_330,off,2689,8891,37,17
ore_ont_330,eo,2689,8891,37,17
ore_ont_330,os,2689,8891,37,17
ore_ont_330,both,2689,8891,37,18
ore_ont_3313,off,1283,8768,0,6
ore_ont_3313,eo,1283,8768,0,6
ore_ont_3313,os,1283,8768,0,6
ore_ont_3313,both,1283,8768,0,6
ore_ont_3329,off,3975,20174,57,50
ore_ont_3329,eo,3975,20174,57,50
ore_ont_3329,os,3975,20174,57,47
ore_ont_3329,both,3975,20174,57,50
ore_ont_3330,off,54,105,0,0
ore_ont_3330,eo,54,105,0,0
ore_ont_3330,os,54,105,0,0
ore_ont_3330,both,54,105,0,0
ore_ont_3341,off,105,32,0,0
ore_ont_3341,eo,105,32,0,0
ore_ont_3341,os,105,32,0,0
ore_ont_3341,both,105,32,0,0
ore_ont_3344,off,947,1612,0,3
ore_ont_3344,eo,947,1612,0,5
ore_ont_3344,os,947,1612,0,3
ore_ont_3344,both,947,1612,0,3
ore_ont_3349,off,915,6344,0,4
ore_ont_3349,eo,915,6344,0,4
ore_ont_3349,os,915,6344,0,5
ore_ont_3349,both,915,6344,0,4
ore_ont_3352,off,1295,4207,0,4
ore_ont_3352,eo,1295,4207,0,6
ore_ont_3352,os,1295,4207,0,5
ore_ont_3352,both,1295,4207,0,4
ore_ont_3357,off,4589,25860,63,18
ore_ont_3357,eo,4589,25860,63,18
ore_ont_3357,os,4589,25860,63,18
ore_ont_3357,both,4589,25860,63,18
ore_ont_336,off,4668,26246,69,18
ore_ont_336,eo,4668,26246,69,18
ore_ont_336,os,4668,26246,69,18
ore_ont_336,both,4668,26246,69,18
ore_ont_3377,off,747846,4425291,46,9718
ore_ont_3377,eo,747846,4425291,46,9642
ore_ont_3377,os,747846,4425291,46,9623
ore_ont_3377,both,747846,4425291,46,9623
ore_ont_3381,off,4323,26498,79,16
ore_ont_3381,eo,4323,26498,79,16
ore_ont_3381,os,4323,26498,79,16
ore_ont_3381,both,4323,26498,79,16
ore_ont_338,off,56,166,0,0
ore_ont_338,eo,56,166,0,0
ore_ont_338,os,56,166,0,0
ore_ont_338,both,56,166,0,0
ore_ont_33,off,13634,115805,2,51
ore_ont_33,eo,13634,115805,2,52
ore_ont_33,os,13634,115805,2,52
ore_ont_33,both,13634,115805,2,52
ore_ont_3406,off,9803,128606,0,58
ore_ont_3406,eo,9803,128606,0,56
ore_ont_3406,os,9803,128606,0,57
ore_ont_3406,both,9803,128606,0,57
ore_ont_3411,off,222,218,30,1
ore_ont_3411,eo,222,218,30,1
ore_ont_3411,os,222,218,30,0
ore_ont_3411,both,222,218,30,1
ore_ont_3414,off,80428,544452,0,402
ore_ont_3414,eo,80428,544452,0,391
ore_ont_3414,os,80428,544452,0,391
ore_ont_3414,both,80428,544452,0,397
ore_ont_3418,off,527,1991,0,1
ore_ont_3418,eo,527,1991,0,2
ore_ont_3418,os,527,1991,0,2
ore_ont_3418,both,527,1991,0,1
ore_ont_3455,off,127,149,53,0
ore_ont_3455,eo,127,149,53,0
ore_ont_3455,os,127,149,53,0
ore_ont_3455,both,127,149,53,0
ore_ont_345,off,549005,627006,1,2089
ore_ont_345,eo,549005,627006,1,2099
ore_ont_345,os,549005,627006,1,2125
ore_ont_345,both,549005,627006,1,2107
ore_ont_3463,off,122,437,0,0
ore_ont_3463,eo,122,437,0,0
ore_ont_3463,os,122,437,0,0
ore_ont_3463,both,122,437,0,0
ore_ont_3480,off,13781,38892,0,76
ore_ont_3480,eo,13781,38892,0,76
ore_ont_3480,os,13781,38892,0,78
ore_ont_3480,both,13781,38892,0,77
ore_ont_3484,off,4908,9816,0,11
ore_ont_3484,eo,4908,9816,0,11
ore_ont_3484,os,4908,9816,0,11
ore_ont_3484,both,4908,9816,0,11
ore_ont_3500,off,4589,25872,63,18
ore_ont_3500,eo,4589,25872,63,18
ore_ont_3500,os,4589,25872,63,18
ore_ont_3500,both,4589,25872,63,18
ore_ont_3503,off,1703,8694,37,6
ore_ont_3503,eo,1703,8694,37,6
ore_ont_3503,os,1703,8694,37,6
ore_ont_3503,both,1703,8694,37,6
ore_ont_3504,off,79,122,2,0
ore_ont_3504,eo,79,122,2,0
ore_ont_3504,os,79,122,2,0
ore_ont_3504,both,79,122,2,0
ore_ont_3508,off,66701,324744,0,300
ore_ont_3508,eo,66701,324744,0,301
ore_ont_3508,os,66701,324744,0,300
ore_ont_3508,both,66701,324744,0,304
ore_ont_3515,off,2058,9234,60,7
ore_ont_3515,eo,2058,9234,60,5
ore_ont_3515,os,2058,9234,60,5
ore_ont_3515,both,2058,9234,60,6
ore_ont_3516,off,13461,20513,3,24
ore_ont_3516,eo,13461,20513,3,24
ore_ont_3516,os,13461,20513,3,24
ore_ont_3516,both,13461,20513,3,24
ore_ont_3524,off,1727697,1727697,0,23760
ore_ont_3524,eo,1727697,1727697,0,24248
ore_ont_3524,os,1727697,1727697,0,24258
ore_ont_3524,both,1727697,1727697,0,24126
ore_ont_3529,off,6263,5879,0,25
ore_ont_3529,eo,6263,5879,0,25
ore_ont_3529,os,6263,5879,0,25
ore_ont_3529,both,6263,5879,0,25
ore_ont_3545,off,29,82,1,2
ore_ont_3545,eo,29,82,1,2
ore_ont_3545,os,29,82,1,2
ore_ont_3545,both,29,82,1,2
ore_ont_3550,off,3770,7977,0,9
ore_ont_3550,eo,3770,7977,0,9
ore_ont_3550,os,3770,7977,0,9
ore_ont_3550,both,3770,7977,0,9
ore_ont_3560,off,167351,162013,2,2187
ore_ont_3560,eo,167351,162013,2,2104
ore_ont_3560,os,167351,162013,2,2076
ore_ont_3560,both,167351,162013,2,2069
ore_ont_3561,off,54667,991,54496,113
ore_ont_3561,eo,54667,991,54496,111
ore_ont_3561,os,54667,991,54496,110
ore_ont_3561,both,54667,991,54496,112
ore_ont_3562,off,13432,50643,70,49
ore_ont_3562,eo,13432,50643,70,48
ore_ont_3562,os,13432,50643,70,49
ore_ont_3562,both,13432,50643,70,49
ore_ont_3566,off,174,696,0,2
ore_ont_3566,eo,174,696,0,2
ore_ont_3566,os,174,696,0,1
ore_ont_3566,both,174,696,0,2
ore_ont_3575,off,130948,560294,145,1466
ore_ont_3575,eo,130948,560294,145,1480
ore_ont_3575,os,130948,560294,145,1490
ore_ont_3575,both,130948,560294,145,1476
ore_ont_3584,off,3981,20194,57,46
ore_ont_3584,eo,3981,20194,57,47
ore_ont_3584,os,3981,20194,57,48
ore_ont_3584,both,3981,20194,57,46
ore_ont_3592,off,98,123,1,0
ore_ont_3592,eo,98,123,1,0
ore_ont_3592,os,98,123,1,0
ore_ont_3592,both,98,123,1,0
ore_ont_360,off,10240,20504,2,33
ore_ont_360,eo,10240,20504,2,32
ore_ont_360,os,10240,20504,2,32
ore_ont_360,both,10240,20504,2,32
ore_ont_3635,off,2001,6702,0,4
ore_ont_3635,eo,2001,6702,0,4
ore_ont_3635,os,2001,6702,0,4
ore_ont_3635,both,2001,6702,0,4
ore_ont_3639,off,130,126,0,0
ore_ont_3639,eo,130,126,0,0
ore_ont_3639,os,130,126,0,0
ore_ont_3639,both,130,126,0,0
ore_ont_3640,off,169,414,0,6
ore_ont_3640,eo,169,414,0,6
ore_ont_3640,os,169,414,0,6
ore_ont_3640,both,169,414,0,6
ore_ont_3658,off,1209,2121,0,577
ore_ont_3658,eo,1209,2121,0,583
ore_ont_3658,os,1209,2121,0,733
ore_ont_3658,both,1209,2121,0,577
ore_ont_3671,off,31,25,22,0
ore_ont_3671,eo,31,25,22,0
ore_ont_3671,os,31,25,22,0
ore_ont_3671,both,31,25,22,0
ore_ont_3680,off,29894,63212,0,100
ore_ont_3680,eo,29894,63212,0,100
ore_ont_3680,os,29894,63212,0,115
ore_ont_3680,both,29894,63212,0,101
ore_ont_3685,off,1147,1096,541,3
ore_ont_3685,eo,1147,1096,541,3
ore_ont_3685,os,1147,1096,541,2
ore_ont_3685,both,1147,1096,541,3
ore_ont_3696,off,38705,640682,2,625
ore_ont_3696,eo,38705,640682,2,630
ore_ont_3696,os,38705,640682,2,630
ore_ont_3696,both,38705,640682,2,639
ore_ont_3708,off,150,121,87,1
ore_ont_3708,eo,150,121,87,1
ore_ont_3708,os,150,121,87,1
ore_ont_3708,both,150,121,87,1
ore_ont_3712,off,13189,110334,0,50
ore_ont_3712,eo,13189,110334,0,50
ore_ont_3712,os,13189,110334,0,50
ore_ont_3712,both,13189,110334,0,50
ore_ont_3726,off,175,509,12,1
ore_ont_3726,eo,175,509,12,2
ore_ont_3726,os,175,509,12,2
ore_ont_3726,both,175,509,12,2
ore_ont_3733,off,124784,948679,59,898
ore_ont_3733,eo,124784,948679,59,895
ore_ont_3733,os,124784,948679,59,887
ore_ont_3733,both,124784,948679,59,880
ore_ont_3737,off,32287,219498,3,260
ore_ont_3737,eo,32287,219498,3,259
ore_ont_3737,os,32287,219498,3,261
ore_ont_3737,both,32287,219498,3,260
ore_ont_3770,off,0,112,0,0
ore_ont_3770,eo,0,112,0,0
ore_ont_3770,os,0,112,0,0
ore_ont_3770,both,0,112,0,0
ore_ont_3771,off,2622,19462,0,10
ore_ont_3771,eo,2622,19462,0,10
ore_ont_3771,os,2622,19462,0,10
ore_ont_3771,both,2622,19462,0,10
ore_ont_3775,off,62,226,0,0
ore_ont_3775,eo,62,226,0,1
ore_ont_3775,os,62,226,0,1
ore_ont_3775,both,62,226,0,0
ore_ont_3780,off,659,4611,0,3
ore_ont_3780,eo,659,4611,0,3
ore_ont_3780,os,659,4611,0,2
ore_ont_3780,both,659,4611,0,3
ore_ont_3781,off,10916,9589,0,23
ore_ont_3781,eo,10916,9589,0,23
ore_ont_3781,os,10916,9589,0,23
ore_ont_3781,both,10916,9589,0,23
ore_ont_3783,off,1195,14777,394,5
ore_ont_3783,eo,1195,14777,394,6
ore_ont_3783,os,1195,14777,394,4
ore_ont_3783,both,1195,14777,394,6
ore_ont_3784,off,6176,4327,0,17
ore_ont_3784,eo,6176,4327,0,18
ore_ont_3784,os,6176,4327,0,17
ore_ont_3784,both,6176,4327,0,17
ore_ont_3789,off,106,48,91,0
ore_ont_3789,eo,106,48,91,0
ore_ont_3789,os,106,48,91,0
ore_ont_3789,both,106,48,91,0
ore_ont_3794,off,58319,170600,0,247
ore_ont_3794,eo,58319,170600,0,247
ore_ont_3794,os,58319,170600,0,246
ore_ont_3794,both,58319,170600,0,252
ore_ont_3795,off,4589,25860,63,18
ore_ont_3795,eo,4589,25860,63,18
ore_ont_3795,os,4589,25860,63,18
ore_ont_3795,both,4589,25860,63,18
ore_ont_3797,off,17402,7911,0,36
ore_ont_3797,eo,17402,7911,0,36
ore_ont_3797,os,17402,7911,0,37
ore_ont_3797,both,17402,7911,0,37
ore_ont_3806,off,259,1148,44,1
ore_ont_3806,eo,259,1148,44,1
ore_ont_3806,os,259,1148,44,1
ore_ont_3806,both,259,1148,44,1
ore_ont_380,off,2407,6520,0,5
ore_ont_380,eo,2407,6520,0,6
ore_ont_380,os,2407,6520,0,6
ore_ont_380,both,2407,6520,0,5
ore_ont_3816,off,95379,2679,94206,15284
ore_ont_3816,eo,95379,2679,94206,14909
ore_ont_3816,os,95379,2679,94206,14987
ore_ont_3816,both,95379,2679,94206,15257
ore_ont_3832,off,633,3421,0,3
ore_ont_3832,eo,633,3421,0,2
ore_ont_3832,os,633,3421,0,1
ore_ont_3832,both,633,3421,0,1
ore_ont_3835,off,1162,4638,0,3
ore_ont_3835,eo,1162,4638,0,3
ore_ont_3835,os,1162,4638,0,3
ore_ont_3835,both,1162,4638,0,5
ore_ont_3836,off,1869498,96568,0,7066
ore_ont_3836,eo,1869498,96568,0,7329
ore_ont_3836,os,1869498,96568,0,6891
ore_ont_3836,both,1869498,96568,0,6826
ore_ont_3839,off,6603,173611,0,36
ore_ont_3839,eo,6603,173611,0,37
ore_ont_3839,os,6603,173611,0,37
ore_ont_3839,both,6603,173611,0,37
ore_ont_3842,off,86,184,0,0
ore_ont_3842,eo,86,184,0,0
ore_ont_3842,os,86,184,0,0
ore_ont_3842,both,86,184,0,0
ore_ont_3843,off,207,420,67,1
ore_ont_3843,eo,207,420,67,1
ore_ont_3843,os,207,420,67,1
ore_ont_3843,both,207,420,67,1
ore_ont_3852,off,106,48,91,0
ore_ont_3852,eo,106,48,91,0
ore_ont_3852,os,106,48,91,1
ore_ont_3852,both,106,48,91,0
ore_ont_385,off,86,101,9,0
ore_ont_385,eo,86,101,9,0
ore_ont_385,os,86,101,9,0
ore_ont_385,both,86,101,9,0
ore_ont_3873,off,30673,72954,676,419
ore_ont_3873,eo,30673,72954,676,394
ore_ont_3873,os,30673,72954,676,393
ore_ont_3873,both,30673,72954,676,394
ore_ont_3884,off,162,362,0,1
ore_ont_3884,eo,162,362,0,1
ore_ont_3884,os,162,362,0,0
ore_ont_3884,both,162,362,0,0
ore_ont_3892,off,404,724,171,2
ore_ont_3892,eo,404,724,171,3
ore_ont_3892,os,404,724,171,3
ore_ont_3892,both,404,724,171,2
ore_ont_3905,off,4276,22820,60,17
ore_ont_3905,eo,4276,22820,60,17
ore_ont_3905,os,4276,22820,60,17
ore_ont_3905,both,4276,22820,60,17
ore_ont_3909,off,60,167,0,0
ore_ont_3909,eo,60,167,0,0
ore_ont_3909,os,60,167,0,0
ore_ont_3909,both,60,167,0,0
ore_ont_3910,off,637,1466,0,2
ore_ont_3910,eo,637,1466,0,2
ore_ont_3910,os,637,1466,0,3
ore_ont_3910,both,637,1466,0,2
ore_ont_3914,off,12709,33119,20,1691
ore_ont_3914,eo,12709,33119,20,1693
ore_ont_3914,os,12709,33119,20,1698
ore_ont_3914,both,12709,33119,20,1718
ore_ont_3916,off,53149,2017,52104,110
ore_ont_3916,eo,53149,2017,52104,107
ore_ont_3916,os,53149,2017,52104,113
ore_ont_3916,both,53149,2017,52104,107
ore_ont_3917,off,9784,115909,78,62
ore_ont_3917,eo,9784,115909,78,59
ore_ont_3917,os,9784,115909,78,62
ore_ont_3917,both,9784,115909,78,59
ore_ont_3919,off,20210,85694,4,58
ore_ont_3919,eo,20210,85694,4,58
ore_ont_3919,os,20210,85694,4,58
ore_ont_3919,both,20210,85694,4,58
ore_ont_3931,off,2084,10290,60,13
ore_ont_3931,eo,2084,10290,60,8
ore_ont_3931,os,2084,10290,60,8
ore_ont_3931,both,2084,10290,60,8
ore_ont_3936,off,123,580,0,0
ore_ont_3936,eo,123,580,0,1
ore_ont_3936,os,123,580,0,0
ore_ont_3936,both,123,580,0,0
ore_ont_394,off,412,1523,0,1
ore_ont_394,eo,412,1523,0,2
ore_ont_394,os,412,1523,0,2
ore_ont_394,both,412,1523,0,2
ore_ont_3954,off,9567,25900,0,262
ore_ont_3954,eo,9567,25900,0,261
ore_ont_3954,os,9567,25900,0,260
ore_ont_3954,both,9567,25900,0,261
ore_ont_3966,off,640,3518,4,2
ore_ont_3966,eo,640,3518,4,3
ore_ont_3966,os,640,3518,4,3
ore_ont_3966,both,640,3518,4,2
ore_ont_3968,off,2732,4418,0,6
ore_ont_3968,eo,2732,4418,0,6
ore_ont_3968,os,2732,4418,0,6
ore_ont_3968,both,2732,4418,0,6
ore_ont_3978,off,1318,962,0,3
ore_ont_3978,eo,1318,962,0,3
ore_ont_3978,os,1318,962,0,5
ore_ont_3978,both,1318,962,0,4
ore_ont_3987,off,106,48,91,0
ore_ont_3987,eo,106,48,91,0
ore_ont_3987,os,106,48,91,0
ore_ont_3987,both,106,48,91,0
ore_ont_399,off,4354,26736,80,16
ore_ont_399,eo,4354,26736,80,16
ore_ont_399,os,4354,26736,80,16
ore_ont_399,both,4354,26736,80,16
ore_ont_4006,off,45461,90929,0,248
ore_ont_4006,eo,45461,90929,0,248
ore_ont_4006,os,45461,90929,0,257
ore_ont_4006,both,45461,90929,0,244
ore_ont_4032,off,533,2745,14,4
ore_ont_4032,eo,533,2745,14,4
ore_ont_4032,os,533,2745,14,2
ore_ont_4032,both,533,2745,14,2
ore_ont_4033,off,40250,9158,0,229
ore_ont_4033,eo,40250,9158,0,228
ore_ont_4033,os,40250,9158,0,229
ore_ont_4033,both,40250,9158,0,228
ore_ont_4035,off,235,137,0,1
ore_ont_4035,eo,235,137,0,0
ore_ont_4035,os,235,137,0,1
ore_ont_4035,both,235,137,0,1
ore_ont_4049,off,2718,5731,0,152
ore_ont_4049,eo,2718,5731,0,144
ore_ont_4049,os,2718,5731,0,152
ore_ont_4049,both,2718,5731,0,142
ore_ont_4054,off,61940,328192,0,679
ore_ont_4054,eo,61940,328192,0,674
ore_ont_4054,os,61940,328192,0,681
ore_ont_4054,both,61940,328192,0,682
ore_ont_4074,off,767,1525,433,3
ore_ont_4074,eo,767,1525,433,2
ore_ont_4074,os,767,1525,433,3
ore_ont_4074,both,767,1525,433,1
ore_ont_4092,off,4589,25860,63,18
ore_ont_4092,eo,4589,25860,63,18
ore_ont_4092,os,4589,25860,63,18
ore_ont_4092,both,4589,25860,63,18
ore_ont_4106,off,49,137,0,0
ore_ont_4106,eo,49,137,0,0
ore_ont_4106,os,49,137,0,0
ore_ont_4106,both,49,137,0,0
ore_ont_4127,off,10552,17373,2,33
ore_ont_4127,eo,10552,17373,2,33
ore_ont_4127,os,10552,17373,2,33
ore_ont_4127,both,10552,17373,2,33
ore_ont_412,off,2076,16774,0,7
ore_ont_412,eo,2076,16774,0,7
ore_ont_412,os,2076,16774,0,7
ore_ont_412,both,2076,16774,0,7
ore_ont_4133,off,344,1191,1,1
ore_ont_4133,eo,344,1191,1,1
ore_ont_4133,os,344,1191,1,1
ore_ont_4133,both,344,1191,1,1
ore_ont_4141,off,NA,NA,NA,NA
ore_ont_4141,eo,NA,NA,NA,NA
ore_ont_4141,os,NA,NA,NA,NA
ore_ont_4141,both,NA,NA,NA,NA
ore_ont_4162,off,3980,20450,58,48
ore_ont_4162,eo,3980,20450,58,46
ore_ont_4162,os,3980,20450,58,47
ore_ont_4162,both,3980,20450,58,50
ore_ont_4166,off,9571,25903,2,322
ore_ont_4166,eo,9571,25903,2,324
ore_ont_4166,os,9571,25903,2,324
ore_ont_4166,both,9571,25903,2,321
ore_ont_4178,off,14180,39353,0,79
ore_ont_4178,eo,14180,39353,0,79
ore_ont_4178,os,14180,39353,0,79
ore_ont_4178,both,14180,39353,0,80
ore_ont_4182,off,2464,10584,23,13
ore_ont_4182,eo,2464,10584,23,13
ore_ont_4182,os,2464,10584,23,13
ore_ont_4182,both,2464,10584,23,13
ore_ont_4187,off,772,1397,0,714
ore_ont_4187,eo,772,1397,0,711
ore_ont_4187,os,772,1397,0,710
ore_ont_4187,both,772,1397,0,716
ore_ont_4188,off,4589,25860,63,18
ore_ont_4188,eo,4589,25860,63,18
ore_ont_4188,os,4589,25860,63,18
ore_ont_4188,both,4589,25860,63,18
ore_ont_4193,off,106,48,91,0
ore_ont_4193,eo,106,48,91,0
ore_ont_4193,os,106,48,91,0
ore_ont_4193,both,106,48,91,0
ore_ont_4198,off,11572,1526,10762,38
ore_ont_4198,eo,11572,1526,10762,36
ore_ont_4198,os,11572,1526,10762,38
ore_ont_4198,both,11572,1526,10762,37
ore_ont_4205,off,616030,516036,7,2897
ore_ont_4205,eo,616030,516036,7,2876
ore_ont_4205,os,616030,516036,7,2954
ore_ont_4205,both,616030,516036,7,2906
ore_ont_4208,off,204128,455318,693,1072
ore_ont_4208,eo,204128,455318,693,1075
ore_ont_4208,os,204128,455318,693,1078
ore_ont_4208,both,204128,455318,693,1074
ore_ont_420,off,142,370,0,0
ore_ont_420,eo,142,370,0,0
ore_ont_420,os,142,370,0,0
ore_ont_420,both,142,370,0,0
ore_ont_4210,off,4589,25860,63,18
ore_ont_4210,eo,4589,25860,63,18
ore_ont_4210,os,4589,25860,63,18
ore_ont_4210,both,4589,25860,63,18
ore_ont_4223,off,119,123,0,0
ore_ont_4223,eo,119,123,0,0
ore_ont_4223,os,119,123,0,0
ore_ont_4223,both,119,123,0,0
ore_ont_4226,off,12347,26543,0,30
ore_ont_4226,eo,12347,26543,0,30
ore_ont_4226,os,12347,26543,0,32
ore_ont_4226,both,12347,26543,0,30
ore_ont_4233,off,38703,640679,0,570
ore_ont_4233,eo,38703,640679,0,578
ore_ont_4233,os,38703,640679,0,570
ore_ont_4233,both,38703,640679,0,564
ore_ont_4235,off,24422,48845,0,103
ore_ont_4235,eo,24422,48845,0,97
ore_ont_4235,os,24422,48845,0,97
ore_ont_4235,both,24422,48845,0,98
ore_ont_4242,off,1830,2704,0,193
ore_ont_4242,eo,1830,2704,0,193
ore_ont_4242,os,1830,2704,0,197
ore_ont_4242,both,1830,2704,0,195
ore_ont_4260,off,4430,19614,0,19
ore_ont_4260,eo,4430,19614,0,19
ore_ont_4260,os,4430,19614,0,19
ore_ont_4260,both,4430,19614,0,19
ore_ont_4261,off,1354,6194,0,5
ore_ont_4261,eo,1354,6194,0,6
ore_ont_4261,os,1354,6194,0,4
ore_ont_4261,both,1354,6194,0,4
ore_ont_4263,off,3975,20174,57,50
ore_ont_4263,eo,3975,20174,57,46
ore_ont_4263,os,3975,20174,57,47
ore_ont_4263,both,3975,20174,57,46
ore_ont_4279,off,2723,9975,36,6
ore_ont_4279,eo,2723,9975,36,6
ore_ont_4279,os,2723,9975,36,6
ore_ont_4279,both,2723,9975,36,6
ore_ont_430,off,0,124,0,0
ore_ont_430,eo,0,124,0,0
ore_ont_430,os,0,124,0,0
ore_ont_430,both,0,124,0,0
ore_ont_4313,off,696,4787,0,4
ore_ont_4313,eo,696,4787,0,2
ore_ont_4313,os,696,4787,0,2
ore_ont_4313,both,696,4787,0,2
ore_ont_4315,off,0,162,0,0
ore_ont_4315,eo,0,162,0,0
ore_ont_4315,os,0,162,0,0
ore_ont_4315,both,0,162,0,0
ore_ont_4354,off,601,3690,15,2
ore_ont_4354,eo,601,3690,15,2
ore_ont_4354,os,601,3690,15,2
ore_ont_4354,both,601,3690,15,4
ore_ont_4363,off,4434,22437,59,18
ore_ont_4363,eo,4434,22437,59,17
ore_ont_4363,os,4434,22437,59,18
ore_ont_4363,both,4434,22437,59,18
ore_ont_4382,off,430,835,0,1
ore_ont_4382,eo,430,835,0,1
ore_ont_4382,os,430,835,0,1
ore_ont_4382,both,430,835,0,1
ore_ont_4383,off,2400,1997,0,6
ore_ont_4383,eo,2400,1997,0,6
ore_ont_4383,os,2400,1997,0,6
ore_ont_4383,both,2400,1997,0,6
ore_ont_4388,off,599,3640,0,3
ore_ont_4388,eo,599,3640,0,3
ore_ont_4388,os,599,3640,0,1
ore_ont_4388,both,599,3640,0,3
ore_ont_4400,off,732,4785,0,2
ore_ont_4400,eo,732,4785,0,2
ore_ont_4400,os,732,4785,0,3
ore_ont_4400,both,732,4785,0,2
ore_ont_4410,off,188963,7635,185136,1243
ore_ont_4410,eo,188963,7635,185136,1160
ore_ont_4410,os,188963,7635,185136,1229
ore_ont_4410,both,188963,7635,185136,1155
ore_ont_4412,off,128095,1089271,63,2387
ore_ont_4412,eo,128095,1089271,63,2395
ore_ont_4412,os,128095,1089271,63,2395
ore_ont_4412,both,128095,1089271,63,2388
ore_ont_4423,off,4616,25917,63,18
ore_ont_4423,eo,4616,25917,63,18
ore_ont_4423,os,4616,25917,63,18
ore_ont_4423,both,4616,25917,63,18
ore_ont_4428,off,106,48,91,0
ore_ont_4428,eo,106,48,91,0
ore_ont_4428,os,106,48,91,1
ore_ont_4428,both,106,48,91,0
ore_ont_4429,off,3988,20283,57,50
ore_ont_4429,eo,3988,20283,57,47
ore_ont_4429,os,3988,20283,57,50
ore_ont_4429,both,3988,20283,57,53
ore_ont_443,off,299030,4479,296754,656
ore_ont_443,eo,299030,4479,296754,643
ore_ont_443,os,299030,4479,296754,651
ore_ont_443,both,299030,4479,296754,695
ore_ont_4460,off,13832,116602,0,53
ore_ont_4460,eo,13832,116602,0,53
ore_ont_4460,os,13832,116602,0,53
ore_ont_4460,both,13832,116602,0,53
ore_ont_4469,off,324,479,22,3
ore_ont_4469,eo,324,479,22,3
ore_ont_4469,os,324,479,22,3
ore_ont_4469,both,324,479,22,2
ore_ont_4487,off,72789,144551,5,263
ore_ont_4487,eo,72789,144551,5,255
ore_ont_4487,os,72789,144551,5,248
ore_ont_4487,both,72789,144551,5,248
ore_ont_4503,off,13459,20507,3,23
ore_ont_4503,eo,13459,20507,3,23
ore_ont_4503,os,13459,20507,3,23
ore_ont_4503,both,13459,20507,3,23
ore_ont_4510,off,399,1363,0,545
ore_ont_4510,eo,399,1363,0,552
ore_ont_4510,os,399,1363,0,546
ore_ont_4510,both,399,1363,0,547
ore_ont_4515,off,3980,20450,58,46
ore_ont_4515,eo,3980,20450,58,46
ore_ont_4515,os,3980,20450,58,46
ore_ont_4515,both,3980,20450,58,50
ore_ont_4516,off,740,1736,0,2
ore_ont_4516,eo,740,1736,0,3
ore_ont_4516,os,740,1736,0,3
ore_ont_4516,both,740,1736,0,2
ore_ont_4527,off,2241,9704,0,8
ore_ont_4527,eo,2241,9704,0,8
ore_ont_4527,os,2241,9704,0,8
ore_ont_4527,both,2241,9704,0,8
ore_ont_4557,off,63749,18758,0,495
ore_ont_4557,eo,63749,18758,0,489
ore_ont_4557,os,63749,18758,0,499
ore_ont_4557,both,63749,18758,0,493
ore_ont_4567,off,7819,96059,92,49
ore_ont_4567,eo,7819,96059,92,47
ore_ont_4567,os,7819,96059,92,50
ore_ont_4567,both,7819,96059,92,47
ore_ont_4570,off,26243,121353,3,77
ore_ont_4570,eo,26243,121353,3,78
ore_ont_4570,os,26243,121353,3,77
ore_ont_4570,both,26243,121353,3,78
ore_ont_4572,off,NA,NA,NA,NA
ore_ont_4572,eo,NA,NA,NA,NA
ore_ont_4572,os,NA,NA,NA,NA
ore_ont_4572,both,NA,NA,NA,NA
ore_ont_4577,off,1346,2132,0,405
ore_ont_4577,eo,1346,2132,0,406
ore_ont_4577,os,1346,2132,0,405
ore_ont_4577,both,1346,2132,0,405
ore_ont_4578,off,10253,65078,0,36
ore_ont_4578,eo,10253,65078,0,36
ore_ont_4578,os,10253,65078,0,36
ore_ont_4578,both,10253,65078,0,36
ore_ont_457,off,1206,889,0,3
ore_ont_457,eo,1206,889,0,3
ore_ont_457,os,1206,889,0,4
ore_ont_457,both,1206,889,0,2
ore_ont_4581,off,3981,20454,58,46
ore_ont_4581,eo,3981,20454,58,50
ore_ont_4581,os,3981,20454,58,47
ore_ont_4581,both,3981,20454,58,47
ore_ont_4587,off,4687,26112,64,19
ore_ont_4587,eo,4687,26112,64,19
ore_ont_4587,os,4687,26112,64,20
ore_ont_4587,both,4687,26112,64,19
ore_ont_4598,off,74524,462126,66,1039
ore_ont_4598,eo,74524,462126,66,1081
ore_ont_4598,os,74524,462126,66,1044
ore_ont_4598,both,74524,462126,66,1043
ore_ont_4604,off,204537,456527,693,1078
ore_ont_4604,eo,204537,456527,693,1071
ore_ont_4604,os,204537,456527,693,1071
ore_ont_4604,both,204537,456527,693,1073
ore_ont_4609,off,381191,2258,380895,547
ore_ont_4609,eo,381191,2258,380895,573
ore_ont_4609,os,381191,2258,380895,544
ore_ont_4609,both,381191,2258,380895,571
ore_ont_4610,off,10916,9586,0,22
ore_ont_4610,eo,10916,9586,0,22
ore_ont_4610,os,10916,9586,0,23
ore_ont_4610,both,10916,9586,0,23
ore_ont_4616,off,32313,32812,0,151
ore_ont_4616,eo,32313,32812,0,152
ore_ont_4616,os,32313,32812,0,153
ore_ont_4616,both,32313,32812,0,152
ore_ont_4617,off,90547,251360,693,454
ore_ont_4617,eo,90547,251360,693,454
ore_ont_4617,os,90547,251360,693,455
ore_ont_4617,both,90547,251360,693,459
ore_ont_4639,off,10550,17370,0,30
ore_ont_4639,eo,10550,17370,0,30
ore_ont_4639,os,10550,17370,0,31
ore_ont_4639,both,10550,17370,0,30
ore_ont_4652,off,2558,2000,0,6
ore_ont_4652,eo,2558,2000,0,6
ore_ont_4652,os,2558,2000,0,6
ore_ont_4652,both,2558,2000,0,11
ore_ont_4655,off,4402,4759,0,11
ore_ont_4655,eo,4402,4759,0,11
ore_ont_4655,os,4402,4759,0,11
ore_ont_4655,both,4402,4759,0,11
ore_ont_4662,off,8339,8365,0,41
ore_ont_4662,eo,8339,8365,0,41
ore_ont_4662,os,8339,8365,0,41
ore_ont_4662,both,8339,8365,0,41
ore_ont_4668,off,198,261,0,1
ore_ont_4668,eo,198,261,0,1
ore_ont_4668,os,198,261,0,1
ore_ont_4668,both,198,261,0,1
ore_ont_4669,off,82144,475765,6,786
ore_ont_4669,eo,82144,475765,6,787
ore_ont_4669,os,82144,475765,6,792
ore_ont_4669,both,82144,475765,6,800
ore_ont_4671,off,842,1289,0,3
ore_ont_4671,eo,842,1289,0,3
ore_ont_4671,os,842,1289,0,3
ore_ont_4671,both,842,1289,0,3
ore_ont_4719,off,306,335,41,1
ore_ont_4719,eo,306,335,41,1
ore_ont_4719,os,306,335,41,1
ore_ont_4719,both,306,335,41,1
ore_ont_4724,off,0,67,0,0
ore_ont_4724,eo,0,67,0,0
ore_ont_4724,os,0,67,0,0
ore_ont_4724,both,0,67,0,0
ore_ont_4732,off,13077,95619,0,50
ore_ont_4732,eo,13077,95619,0,49
ore_ont_4732,os,13077,95619,0,50
ore_ont_4732,both,13077,95619,0,50
ore_ont_4733,off,15349,30158,0,54
ore_ont_4733,eo,15349,30158,0,54
ore_ont_4733,os,15349,30158,0,54
ore_ont_4733,both,15349,30158,0,54
ore_ont_4737,off,2433,9482,21,21
ore_ont_4737,eo,2433,9482,21,21
ore_ont_4737,os,2433,9482,21,21
ore_ont_4737,both,2433,9482,21,21
ore_ont_4744,off,121708,920805,0,841
ore_ont_4744,eo,121708,920805,0,836
ore_ont_4744,os,121708,920805,0,841
ore_ont_4744,both,121708,920805,0,843
ore_ont_4755,off,54562,287126,3,803
ore_ont_4755,eo,54562,287126,3,835
ore_ont_4755,os,54562,287126,3,808
ore_ont_4755,both,54562,287126,3,813
ore_ont_4767,off,344,1217,0,1
ore_ont_4767,eo,344,1217,0,1
ore_ont_4767,os,344,1217,0,1
ore_ont_4767,both,344,1217,0,1
ore_ont_4770,off,4589,25860,63,18
ore_ont_4770,eo,4589,25860,63,18
ore_ont_4770,os,4589,25860,63,18
ore_ont_4770,both,4589,25860,63,18
ore_ont_4775,off,464,889,0,25
ore_ont_4775,eo,464,889,0,26
ore_ont_4775,os,464,889,0,25
ore_ont_4775,both,464,889,0,25
ore_ont_4780,off,5272,28780,65,21
ore_ont_4780,eo,5272,28780,65,21
ore_ont_4780,os,5272,28780,65,22
ore_ont_4780,both,5272,28780,65,21
ore_ont_4782,off,83168,181902,5,322
ore_ont_4782,eo,83168,181902,5,320
ore_ont_4782,os,83168,181902,5,321
ore_ont_4782,both,83168,181902,5,324
ore_ont_4796,off,363,855,37,3
ore_ont_4796,eo,363,855,37,2
ore_ont_4796,os,363,855,37,2
ore_ont_4796,both,363,855,37,2
ore_ont_4798,off,4409,48899,0,15
ore_ont_4798,eo,4409,48899,0,15
ore_ont_4798,os,4409,48899,0,15
ore_ont_4798,both,4409,48899,0,15
ore_ont_4802,off,140955,1367960,0,731
ore_ont_4802,eo,140955,1367960,0,734
ore_ont_4802,os,140955,1367960,0,737
ore_ont_4802,both,140955,1367960,0,735
ore_ont_480,off,48,138,0,0
ore_ont_480,eo,48,138,0,0
ore_ont_480,os,48,138,0,0
ore_ont_480,both,48,138,0,0
ore_ont_4827,off,1052,5406,2,4
ore_ont_4827,eo,1052,5406,2,5
ore_ont_4827,os,1052,5406,2,5
ore_ont_4827,both,1052,5406,2,3
ore_ont_4834,off,4589,25860,63,18
ore_ont_4834,eo,4589,25860,63,18
ore_ont_4834,os,4589,25860,63,18
ore_ont_4834,both,4589,25860,63,18
ore_ont_4855,off,124,251,0,0
ore_ont_4855,eo,124,251,0,0
ore_ont_4855,os,124,251,0,0
ore_ont_4855,both,124,251,0,0
ore_ont_4856,off,4,63,0,0
ore_ont_4856,eo,4,63,0,0
ore_ont_4856,os,4,63,0,0
ore_ont_4856,both,4,63,0,0
ore_ont_4875,off,506,468,0,1
ore_ont_4875,eo,506,468,0,2
ore_ont_4875,os,506,468,0,2
ore_ont_4875,both,506,468,0,2
ore_ont_4897,off,288,922,44,1
ore_ont_4897,eo,288,922,44,1
ore_ont_4897,os,288,922,44,1
ore_ont_4897,both,288,922,44,1
ore_ont_4898,off,1002,750,0,4
ore_ont_4898,eo,1002,750,0,3
ore_ont_4898,os,1002,750,0,3
ore_ont_4898,both,1002,750,0,4
ore_ont_4903,off,3860,13002,922,10
ore_ont_4903,eo,3860,13002,922,10
ore_ont_4903,os,3860,13002,922,11
ore_ont_4903,both,3860,13002,922,10
ore_ont_4911,off,1195,2288,0,3123
ore_ont_4911,eo,1195,2288,0,3126
ore_ont_4911,os,1195,2288,0,3127
ore_ont_4911,both,1195,2288,0,3071
ore_ont_4917,off,39424,138571,2,116
ore_ont_4917,eo,39424,138571,2,119
ore_ont_4917,os,39424,138571,2,129
ore_ont_4917,both,39424,138571,2,117
ore_ont_4918,off,688,3374,0,3
ore_ont_4918,eo,688,3374,0,3
ore_ont_4918,os,688,3374,0,2
ore_ont_4918,both,688,3374,0,3
ore_ont_4936,off,106,48,91,1
ore_ont_4936,eo,106,48,91,0
ore_ont_4936,os,106,48,91,1
ore_ont_4936,both,106,48,91,0
ore_ont_4938,off,14455,61913,72,55
ore_ont_4938,eo,14455,61913,72,55
ore_ont_4938,os,14455,61913,72,55
ore_ont_4938,both,14455,61913,72,55
ore_ont_4952,off,145685,254413,5,662
ore_ont_4952,eo,145685,254413,5,660
ore_ont_4952,os,145685,254413,5,668
ore_ont_4952,both,145685,254413,5,664
ore_ont_4958,off,4589,25860,63,18
ore_ont_4958,eo,4589,25860,63,18
ore_ont_4958,os,4589,25860,63,18
ore_ont_4958,both,4589,25860,63,18
ore_ont_4961,off,42,34,0,1
ore_ont_4961,eo,42,34,0,0
ore_ont_4961,os,42,34,0,1
ore_ont_4961,both,42,34,0,1
ore_ont_4983,off,531,2795,0,3
ore_ont_4983,eo,531,2795,0,3
ore_ont_4983,os,531,2795,0,3
ore_ont_4983,both,531,2795,0,3
ore_ont_5002,off,12221,26219,0,30
ore_ont_5002,eo,12221,26219,0,30
ore_ont_5002,os,12221,26219,0,30
ore_ont_5002,both,12221,26219,0,30
ore_ont_5014,off,1543,345,1377,8
ore_ont_5014,eo,1543,345,1377,11
ore_ont_5014,os,1543,345,1377,8
ore_ont_5014,both,1543,345,1377,11
ore_ont_5033,off,154,131,87,0
ore_ont_5033,eo,154,131,87,1
ore_ont_5033,os,154,131,87,1
ore_ont_5033,both,154,131,87,1
ore_ont_5057,off,777,1169,0,1
ore_ont_5057,eo,777,1169,0,3
ore_ont_5057,os,777,1169,0,1
ore_ont_5057,both,777,1169,0,2
ore_ont_5059,off,5169,41634,120,73
ore_ont_5059,eo,5169,41634,120,74
ore_ont_5059,os,5169,41634,120,74
ore_ont_5059,both,5169,41634,120,73
ore_ont_5074,off,105,324,0,1
ore_ont_5074,eo,105,324,0,0
ore_ont_5074,os,105,324,0,1
ore_ont_5074,both,105,324,0,1
ore_ont_5078,off,1333,3155,0,4
ore_ont_5078,eo,1333,3155,0,4
ore_ont_5078,os,1333,3155,0,4
ore_ont_5078,both,1333,3155,0,4
ore_ont_507,off,2675,7207,0,8
ore_ont_507,eo,2675,7207,0,8
ore_ont_507,os,2675,7207,0,8
ore_ont_507,both,2675,7207,0,8
ore_ont_5080,off,2770,15070,0,7
ore_ont_5080,eo,2770,15070,0,7
ore_ont_5080,os,2770,15070,0,8
ore_ont_5080,both,2770,15070,0,8
ore_ont_5089,off,117,505,0,0
ore_ont_5089,eo,117,505,0,0
ore_ont_5089,os,117,505,0,0
ore_ont_5089,both,117,505,0,0
ore_ont_508,off,30,131,0,0
ore_ont_508,eo,30,131,0,0
ore_ont_508,os,30,131,0,0
ore_ont_508,both,30,131,0,0
ore_ont_5090,off,237,626,0,0
ore_ont_5090,eo,237,626,0,1
ore_ont_5090,os,237,626,0,0
ore_ont_5090,both,237,626,0,0
ore_ont_5092,off,4015,20904,58,51
ore_ont_5092,eo,4015,20904,58,50
ore_ont_5092,os,4015,20904,58,51
ore_ont_5092,both,4015,20904,58,51
ore_ont_509,off,2820,14894,63,10
ore_ont_509,eo,2820,14894,63,10
ore_ont_509,os,2820,14894,63,10
ore_ont_509,both,2820,14894,63,10
ore_ont_5103,off,408,1130,0,95
ore_ont_5103,eo,408,1130,0,94
ore_ont_5103,os,408,1130,0,96
ore_ont_5103,both,408,1130,0,95
ore_ont_5107,off,71,139,5,0
ore_ont_5107,eo,71,139,5,0
ore_ont_5107,os,71,139,5,0
ore_ont_5107,both,71,139,5,0
ore_ont_5115,off,6587,173577,0,31
ore_ont_5115,eo,6587,173577,0,31
ore_ont_5115,os,6587,173577,0,31
ore_ont_5115,both,6587,173577,0,31
ore_ont_5141,off,142603,516599,196,962
ore_ont_5141,eo,142603,516599,196,956
ore_ont_5141,os,142603,516599,196,966
ore_ont_5141,both,142603,516599,196,973
ore_ont_5149,off,692,1982,0,5
ore_ont_5149,eo,692,1982,0,5
ore_ont_5149,os,692,1982,0,5
ore_ont_5149,both,692,1982,0,5
ore_ont_5159,off,106,48,91,0
ore_ont_5159,eo,106,48,91,1
ore_ont_5159,os,106,48,91,0
ore_ont_5159,both,106,48,91,0
ore_ont_5162,off,160259,1242942,60,797
ore_ont_5162,eo,160259,1242942,60,782
ore_ont_5162,os,160259,1242942,60,788
ore_ont_5162,both,160259,1242942,60,780
ore_ont_5164,off,0,177,0,0
ore_ont_5164,eo,0,177,0,1
ore_ont_5164,os,0,177,0,1
ore_ont_5164,both,0,177,0,1
ore_ont_5184,off,265,530,60,1
ore_ont_5184,eo,265,530,60,1
ore_ont_5184,os,265,530,60,1
ore_ont_5184,both,265,530,60,1
ore_ont_5188,off,17934,17986,0,62
ore_ont_5188,eo,17934,17986,0,62
ore_ont_5188,os,17934,17986,0,62
ore_ont_5188,both,17934,17986,0,62
ore_ont_5193,off,9084,52491,2,168
ore_ont_5193,eo,9084,52491,2,170
ore_ont_5193,os,9084,52491,2,167
ore_ont_5193,both,9084,52491,2,167
ore_ont_5197,off,4891,42812,1,17
ore_ont_5197,eo,4891,42812,1,17
ore_ont_5197,os,4891,42812,1,17
ore_ont_5197,both,4891,42812,1,17
ore_ont_5204,off,73,214,1,0
ore_ont_5204,eo,73,214,1,0
ore_ont_5204,os,73,214,1,0
ore_ont_5204,both,73,214,1,0
ore_ont_5205,off,367,1030,0,2
ore_ont_5205,eo,367,1030,0,2
ore_ont_5205,os,367,1030,0,2
ore_ont_5205,both,367,1030,0,1
ore_ont_5206,off,135,251,8,1
ore_ont_5206,eo,135,251,8,1
ore_ont_5206,os,135,251,8,1
ore_ont_5206,both,135,251,8,2
ore_ont_5213,off,3577,15560,0,9
ore_ont_5213,eo,3577,15560,0,9
ore_ont_5213,os,3577,15560,0,9
ore_ont_5213,both,3577,15560,0,9
ore_ont_5216,off,725,3857,0,4
ore_ont_5216,eo,725,3857,0,4
ore_ont_5216,os,725,3857,0,4
ore_ont_5216,both,725,3857,0,4
ore_ont_5218,off,130948,560294,145,1458
ore_ont_5218,eo,130948,560294,145,1477
ore_ont_5218,os,130948,560294,145,1470
ore_ont_5218,both,130948,560294,145,1466
ore_ont_5220,off,516,2818,0,3
ore_ont_5220,eo,516,2818,0,2
ore_ont_5220,os,516,2818,0,3
ore_ont_5220,both,516,2818,0,3
ore_ont_5241,off,1342,5775,0,9
ore_ont_5241,eo,1342,5775,0,9
ore_ont_5241,os,1342,5775,0,9
ore_ont_5241,both,1342,5775,0,9
ore_ont_524,off,1691,3049,0,6
ore_ont_524,eo,1691,3049,0,6
ore_ont_524,os,1691,3049,0,6
ore_ont_524,both,1691,3049,0,6
ore_ont_5253,off,14850,76784,0,216
ore_ont_5253,eo,14850,76784,0,216
ore_ont_5253,os,14850,76784,0,217
ore_ont_5253,both,14850,76784,0,217
ore_ont_5255,off,112,348,0,0
ore_ont_5255,eo,112,348,0,0
ore_ont_5255,os,112,348,0,0
ore_ont_5255,both,112,348,0,0
ore_ont_5258,off,128,378,0,1
ore_ont_5258,eo,128,378,0,1
ore_ont_5258,os,128,378,0,1
ore_ont_5258,both,128,378,0,1
ore_ont_5260,off,20433,66745,39,50
ore_ont_5260,eo,20433,66745,39,50
ore_ont_5260,os,20433,66745,39,50
ore_ont_5260,both,20433,66745,39,50
ore_ont_5263,off,0,130,0,0
ore_ont_5263,eo,0,130,0,0
ore_ont_5263,os,0,130,0,0
ore_ont_5263,both,0,130,0,0
ore_ont_5266,off,2249,10229,59,6
ore_ont_5266,eo,2249,10229,59,6
ore_ont_5266,os,2249,10229,59,6
ore_ont_5266,both,2249,10229,59,6
ore_ont_5289,off,113044,312702,5,446
ore_ont_5289,eo,113044,312702,5,448
ore_ont_5289,os,113044,312702,5,449
ore_ont_5289,both,113044,312702,5,452
ore_ont_5292,off,22,86,0,0
ore_ont_5292,eo,22,86,0,0
ore_ont_5292,os,22,86,0,0
ore_ont_5292,both,22,86,0,0
ore_ont_5295,off,26657,80069,7,555
ore_ont_5295,eo,26657,80069,7,553
ore_ont_5295,os,26657,80069,7,558
ore_ont_5295,both,26657,80069,7,553
ore_ont_5298,off,4611,26004,63,18
ore_ont_5298,eo,4611,26004,63,18
ore_ont_5298,os,4611,26004,63,18
ore_ont_5298,both,4611,26004,63,18
ore_ont_5303,off,244,225,76,0
ore_ont_5303,eo,244,225,76,1
ore_ont_5303,os,244,225,76,1
ore_ont_5303,both,244,225,76,1
ore_ont_5324,off,516,2818,0,2
ore_ont_5324,eo,516,2818,0,3
ore_ont_5324,os,516,2818,0,2
ore_ont_5324,both,516,2818,0,2
ore_ont_5358,off,61940,328192,0,687
ore_ont_5358,eo,61940,328192,0,676
ore_ont_5358,os,61940,328192,0,677
ore_ont_5358,both,61940,328192,0,673
ore_ont_5359,off,947,2779,45,3
ore_ont_5359,eo,947,2779,45,2
ore_ont_5359,os,947,2779,45,2
ore_ont_5359,both,947,2779,45,3
ore_ont_5368,off,18620251,55054,18608050,46867
ore_ont_5368,eo,18620251,55054,18608050,43623
ore_ont_5368,os,18620251,55054,18608050,43054
ore_ont_5368,both,18620251,55054,18608050,43105
ore_ont_5376,off,1598,1808,0,3
ore_ont_5376,eo,1598,1808,0,3
ore_ont_5376,os,1598,1808,0,4
ore_ont_5376,both,1598,1808,0,3
ore_ont_5398,off,4624,26100,63,18
ore_ont_5398,eo,4624,26100,63,18
ore_ont_5398,os,4624,26100,63,18
ore_ont_5398,both,4624,26100,63,18
ore_ont_5404,off,152,390,0,1
ore_ont_5404,eo,152,390,0,1
ore_ont_5404,os,152,390,0,1
ore_ont_5404,both,152,390,0,0
ore_ont_5418,off,68851,434748,6,963
ore_ont_5418,eo,68851,434748,6,964
ore_ont_5418,os,68851,434748,6,968
ore_ont_5418,both,68851,434748,6,965
ore_ont_541,off,217,202,79,0
ore_ont_541,eo,217,202,79,0
ore_ont_541,os,217,202,79,0
ore_ont_541,both,217,202,79,0
ore_ont_5438,off,26529,39933,329,69
ore_ont_5438,eo,26529,39933,329,67
ore_ont_5438,os,26529,39933,329,69
ore_ont_5438,both,26529,39933,329,68
ore_ont_5448,off,4000,20524,58,50
ore_ont_5448,eo,4000,20524,58,50
ore_ont_5448,os,4000,20524,58,48
ore_ont_5448,both,4000,20524,58,50
ore_ont_544,off,3024,2287,0,7
ore_ont_544,eo,3024,2287,0,8
ore_ont_544,os,3024,2287,0,8
ore_ont_544,both,3024,2287,0,7
ore_ont_5462,off,6176,4327,0,17
ore_ont_5462,eo,6176,4327,0,17
ore_ont_5462,os,6176,4327,0,17
ore_ont_5462,both,6176,4327,0,17
ore_ont_5475,off,69316,722433,2,1636
ore_ont_5475,eo,69316,722433,2,1623
ore_ont_5475,os,69316,722433,2,1633
ore_ont_5475,both,69316,722433,2,1652
ore_ont_5481,off,25555,247253,2,1167
ore_ont_5481,eo,25555,247253,2,1168
ore_ont_5481,os,25555,247253,2,1173
ore_ont_5481,both,25555,247253,2,1164
ore_ont_5485,off,2502,8370,36,5
ore_ont_5485,eo,2502,8370,36,5
ore_ont_5485,os,2502,8370,36,5
ore_ont_5485,both,2502,8370,36,5
ore_ont_5487,off,19884,39776,0,77
ore_ont_5487,eo,19884,39776,0,77
ore_ont_5487,os,19884,39776,0,78
ore_ont_5487,both,19884,39776,0,77
ore_ont_5492,off,4454,48993,0,26
ore_ont_5492,eo,4454,48993,0,26
ore_ont_5492,os,4454,48993,0,26
ore_ont_5492,both,4454,48993,0,26
ore_ont_5502,off,3014,19676,46,10
ore_ont_5502,eo,3014,19676,46,10
ore_ont_5502,os,3014,19676,46,10
ore_ont_5502,both,3014,19676,46,10
ore_ont_5507,off,13730,13731,0,40
ore_ont_5507,eo,13730,13731,0,40
ore_ont_5507,os,13730,13731,0,41
ore_ont_5507,both,13730,13731,0,41
ore_ont_5509,off,301,1194,0,2
ore_ont_5509,eo,301,1194,0,2
ore_ont_5509,os,301,1194,0,2
ore_ont_5509,both,301,1194,0,2
ore_ont_5519,off,167349,162010,0,1994
ore_ont_5519,eo,167349,162010,0,1984
ore_ont_5519,os,167349,162010,0,2006
ore_ont_5519,both,167349,162010,0,2003
ore_ont_5539,off,150,264,8,2
ore_ont_5539,eo,150,264,8,1
ore_ont_5539,os,150,264,8,1
ore_ont_5539,both,150,264,8,1
ore_ont_5543,off,3975,20174,57,50
ore_ont_5543,eo,3975,20174,57,46
ore_ont_5543,os,3975,20174,57,46
ore_ont_5543,both,3975,20174,57,46
ore_ont_5544,off,160,120,113,60
ore_ont_5544,eo,160,120,113,59
ore_ont_5544,os,160,120,113,60
ore_ont_5544,both,160,120,113,60
ore_ont_5548,off,250546,55894,239576,1032
ore_ont_5548,eo,250546,55894,239576,1016
ore_ont_5548,os,250546,55894,239576,1034
ore_ont_5548,both,250546,55894,239576,1017
ore_ont_5549,off,50898,337748,3,446
ore_ont_5549,eo,50898,337748,3,446
ore_ont_5549,os,50898,337748,3,444
ore_ont_5549,both,50898,337748,3,445
ore_ont_5550,off,2455,10596,23,12
ore_ont_5550,eo,2455,10596,23,12
ore_ont_5550,os,2455,10596,23,12
ore_ont_5550,both,2455,10596,23,12
ore_ont_5564,off,493,2592,14,4
ore_ont_5564,eo,493,2592,14,3
ore_ont_5564,os,493,2592,14,4
ore_ont_5564,both,493,2592,14,2
ore_ont_5566,off,197456,401926,5,1152
ore_ont_5566,eo,197456,401926,5,1151
ore_ont_5566,os,197456,401926,5,1154
ore_ont_5566,both,197456,401926,5,1184
ore_ont_5572,off,106,48,91,1
ore_ont_5572,eo,106,48,91,0
ore_ont_5572,os,106,48,91,0
ore_ont_5572,both,106,48,91,1
ore_ont_5596,off,199,335,0,290
ore_ont_5596,eo,199,335,0,286
ore_ont_5596,os,199,335,0,289
ore_ont_5596,both,199,335,0,286
ore_ont_5602,off,65566,20225,0,500
ore_ont_5602,eo,65566,20225,0,501
ore_ont_5602,os,65566,20225,0,509
ore_ont_5602,both,65566,20225,0,511
ore_ont_5604,off,465,1360,11,1
ore_ont_5604,eo,465,1360,11,1
ore_ont_5604,os,465,1360,11,1
ore_ont_5604,both,465,1360,11,2
ore_ont_5612,off,118046,1109470,2,567
ore_ont_5612,eo,118046,1109470,2,571
ore_ont_5612,os,118046,1109470,2,577
ore_ont_5612,both,118046,1109470,2,589
ore_ont_5617,off,20754,67833,39,51
ore_ont_5617,eo,20754,67833,39,51
ore_ont_5617,os,20754,67833,39,51
ore_ont_5617,both,20754,67833,39,51
ore_ont_5646,off,132,443,0,0
ore_ont_5646,eo,132,443,0,0
ore_ont_5646,os,132,443,0,0
ore_ont_5646,both,132,443,0,0
ore_ont_5664,off,5250,28648,65,21
ore_ont_5664,eo,5250,28648,65,21
ore_ont_5664,os,5250,28648,65,21
ore_ont_5664,both,5250,28648,65,21
ore_ont_5665,off,404,619,0,1
ore_ont_5665,eo,404,619,0,1
ore_ont_5665,os,404,619,0,1
ore_ont_5665,both,404,619,0,1
ore_ont_5669,off,3233,13656,5,16
ore_ont_5669,eo,3233,13656,5,16
ore_ont_5669,os,3233,13656,5,16
ore_ont_5669,both,3233,13656,5,16
ore_ont_566,off,2411,6530,0,5
ore_ont_566,eo,2411,6530,0,5
ore_ont_566,os,2411,6530,0,5
ore_ont_566,both,2411,6530,0,5
ore_ont_5679,off,320,431,193,0
ore_ont_5679,eo,320,431,193,1
ore_ont_5679,os,320,431,193,0
ore_ont_5679,both,320,431,193,1
ore_ont_5688,off,1302,6122,0,5
ore_ont_5688,eo,1302,6122,0,4
ore_ont_5688,os,1302,6122,0,5
ore_ont_5688,both,1302,6122,0,4
ore_ont_568,off,231,663,0,1
ore_ont_568,eo,231,663,0,1
ore_ont_568,os,231,663,0,1
ore_ont_568,both,231,663,0,1
ore_ont_5690,off,5641,10925,0,23
ore_ont_5690,eo,5641,10925,0,23
ore_ont_5690,os,5641,10925,0,24
ore_ont_5690,both,5641,10925,0,24
ore_ont_5695,off,442,825,0,12
ore_ont_5695,eo,442,825,0,12
ore_ont_5695,os,442,825,0,12
ore_ont_5695,both,442,825,0,12
ore_ont_5696,off,258,466,136,0
ore_ont_5696,eo,258,466,136,0
ore_ont_5696,os,258,466,136,0
ore_ont_5696,both,258,466,136,0
ore_ont_5707,off,1518,5068,597,4
ore_ont_5707,eo,1518,5068,597,3
ore_ont_5707,os,1518,5068,597,3
ore_ont_5707,both,1518,5068,597,3
ore_ont_5721,off,136,556,0,8
ore_ont_5721,eo,136,556,0,8
ore_ont_5721,os,136,556,0,8
ore_ont_5721,both,136,556,0,8
ore_ont_572,off,274778,2072,273706,378
ore_ont_572,eo,274778,2072,273706,388
ore_ont_572,os,274778,2072,273706,383
ore_ont_572,both,274778,2072,273706,387
ore_ont_5730,off,5253,28647,65,21
ore_ont_5730,eo,5253,28647,65,21
ore_ont_5730,os,5253,28647,65,21
ore_ont_5730,both,5253,28647,65,21
ore_ont_5742,off,98,575,0,0
ore_ont_5742,eo,98,575,0,0
ore_ont_5742,os,98,575,0,0
ore_ont_5742,both,98,575,0,0
ore_ont_5753,off,1734,3311,32,34242
ore_ont_5753,eo,1734,3311,32,34311
ore_ont_5753,os,1734,3311,32,34015
ore_ont_5753,both,1734,3311,32,34758
ore_ont_5755,off,9627,25948,0,265
ore_ont_5755,eo,9627,25948,0,267
ore_ont_5755,os,9627,25948,0,268
ore_ont_5755,both,9627,25948,0,349
ore_ont_5760,off,94683,20354,0,646
ore_ont_5760,eo,94683,20354,0,643
ore_ont_5760,os,94683,20354,0,645
ore_ont_5760,both,94683,20354,0,639
ore_ont_5764,off,1292,6832,6,8
ore_ont_5764,eo,1292,6832,6,7
ore_ont_5764,os,1292,6832,6,7
ore_ont_5764,both,1292,6832,6,7
ore_ont_5769,off,1820,2852,0,325
ore_ont_5769,eo,1820,2852,0,322
ore_ont_5769,os,1820,2852,0,331
ore_ont_5769,both,1820,2852,0,324
ore_ont_5774,off,105,311,1,1
ore_ont_5774,eo,105,311,1,0
ore_ont_5774,os,105,311,1,0
ore_ont_5774,both,105,311,1,1
ore_ont_5781,off,9245,25323,2,290
ore_ont_5781,eo,9245,25323,2,295
ore_ont_5781,os,9245,25323,2,292
ore_ont_5781,both,9245,25323,2,291
ore_ont_5792,off,8926,65092,0,33
ore_ont_5792,eo,8926,65092,0,33
ore_ont_5792,os,8926,65092,0,33
ore_ont_5792,both,8926,65092,0,33
ore_ont_580,off,1,21,0,0
ore_ont_580,eo,1,21,0,0
ore_ont_580,os,1,21,0,0
ore_ont_580,both,1,21,0,0
ore_ont_5815,off,19884,22258,0,78
ore_ont_5815,eo,19884,22258,0,77
ore_ont_5815,os,19884,22258,0,78
ore_ont_5815,both,19884,22258,0,78
ore_ont_5834,off,357,286,39,2
ore_ont_5834,eo,357,286,39,2
ore_ont_5834,os,357,286,39,1
ore_ont_5834,both,357,286,39,2
ore_ont_5840,off,7452,33123,2,25
ore_ont_5840,eo,7452,33123,2,25
ore_ont_5840,os,7452,33123,2,25
ore_ont_5840,both,7452,33123,2,25
ore_ont_5841,off,8607,27269,91,26
ore_ont_5841,eo,8607,27269,91,26
ore_ont_5841,os,8607,27269,91,26
ore_ont_5841,both,8607,27269,91,26
ore_ont_5849,off,80363,218472,5,286
ore_ont_5849,eo,80363,218472,5,287
ore_ont_5849,os,80363,218472,5,285
ore_ont_5849,both,80363,218472,5,288
ore_ont_5852,off,60,166,0,0
ore_ont_5852,eo,60,166,0,0
ore_ont_5852,os,60,166,0,0
ore_ont_5852,both,60,166,0,0
ore_ont_5857,off,137521,1341928,5,2869
ore_ont_5857,eo,137521,1341928,5,3272
ore_ont_5857,os,137521,1341928,5,2947
ore_ont_5857,both,137521,1341928,5,2896
ore_ont_586,off,5922,565,5561,10
ore_ont_586,eo,5922,565,5561,14
ore_ont_586,os,5922,565,5561,13
ore_ont_586,both,5922,565,5561,14
ore_ont_5894,off,2846,15168,63,11
ore_ont_5894,eo,2846,15168,63,10
ore_ont_5894,os,2846,15168,63,10
ore_ont_5894,both,2846,15168,63,10
ore_ont_589,off,19382,120685,0,90
ore_ont_589,eo,19382,120685,0,92
ore_ont_589,os,19382,120685,0,90
ore_ont_589,both,19382,120685,0,91
ore_ont_5927,off,121708,920803,0,718
ore_ont_5927,eo,121708,920803,0,722
ore_ont_5927,os,121708,920803,0,734
ore_ont_5927,both,121708,920803,0,725
ore_ont_5932,off,187,501,0,1
ore_ont_5932,eo,187,501,0,1
ore_ont_5932,os,187,501,0,1
ore_ont_5932,both,187,501,0,1
ore_ont_5940,off,1618,2130,0,2
ore_ont_5940,eo,1618,2130,0,3
ore_ont_5940,os,1618,2130,0,2
ore_ont_5940,both,1618,2130,0,2
ore_ont_5943,off,4589,25872,63,18
ore_ont_5943,eo,4589,25872,63,19
ore_ont_5943,os,4589,25872,63,18
ore_ont_5943,both,4589,25872,63,18
ore_ont_5964,off,1194,3366,56,8
ore_ont_5964,eo,1194,3366,56,10
ore_ont_5964,os,1194,3366,56,9
ore_ont_5964,both,1194,3366,56,10
ore_ont_5965,off,13730,13731,0,41
ore_ont_5965,eo,13730,13731,0,41
ore_ont_5965,os,13730,13731,0,42
ore_ont_5965,both,13730,13731,0,41
ore_ont_5966,off,322,1028,0,1
ore_ont_5966,eo,322,1028,0,1
ore_ont_5966,os,322,1028,0,1
ore_ont_5966,both,322,1028,0,1
ore_ont_5974,off,13732,13734,2,40
ore_ont_5974,eo,13732,13734,2,40
ore_ont_5974,os,13732,13734,2,41
ore_ont_5974,both,13732,13734,2,41
ore_ont_5978,off,166,302,0,1
ore_ont_5978,eo,166,302,0,1
ore_ont_5978,os,166,302,0,1
ore_ont_5978,both,166,302,0,1
ore_ont_5983,off,2725,4388,0,6
ore_ont_5983,eo,2725,4388,0,6
ore_ont_5983,os,2725,4388,0,6
ore_ont_5983,both,2725,4388,0,6
ore_ont_6009,off,15377,978970,0,153
ore_ont_6009,eo,15377,978970,0,153
ore_ont_6009,os,15377,978970,0,154
ore_ont_6009,both,15377,978970,0,154
ore_ont_6020,off,477,1343,0,2
ore_ont_6020,eo,477,1343,0,2
ore_ont_6020,os,477,1343,0,3
ore_ont_6020,both,477,1343,0,4
ore_ont_6024,off,94,565,0,1
ore_ont_6024,eo,94,565,0,1
ore_ont_6024,os,94,565,0,0
ore_ont_6024,both,94,565,0,0
ore_ont_6035,off,20622,83781,2,54
ore_ont_6035,eo,20622,83781,2,55
ore_ont_6035,os,20622,83781,2,54
ore_ont_6035,both,20622,83781,2,55
ore_ont_6060,off,4617,25943,63,18
ore_ont_6060,eo,4617,25943,63,18
ore_ont_6060,os,4617,25943,63,18
ore_ont_6060,both,4617,25943,63,18
ore_ont_6065,off,5751,344846,0,49
ore_ont_6065,eo,5751,344846,0,49
ore_ont_6065,os,5751,344846,0,49
ore_ont_6065,both,5751,344846,0,49
ore_ont_6067,off,679,3790,4,3
ore_ont_6067,eo,679,3790,4,3
ore_ont_6067,os,679,3790,4,3
ore_ont_6067,both,679,3790,4,4
ore_ont_6076,off,20680,83999,2,54
ore_ont_6076,eo,20680,83999,2,54
ore_ont_6076,os,20680,83999,2,55
ore_ont_6076,both,20680,83999,2,54
ore_ont_6102,off,939,1490,0,48
ore_ont_6102,eo,939,1490,0,48
ore_ont_6102,os,939,1490,0,48
ore_ont_6102,both,939,1490,0,48
ore_ont_6108,off,35982,215771,3,306
ore_ont_6108,eo,35982,215771,3,309
ore_ont_6108,os,35982,215771,3,308
ore_ont_6108,both,35982,215771,3,306
ore_ont_6109,off,12163,50572,0,29
ore_ont_6109,eo,12163,50572,0,29
ore_ont_6109,os,12163,50572,0,29
ore_ont_6109,both,12163,50572,0,29
ore_ont_6111,off,7018,41573,2769,21
ore_ont_6111,eo,7018,41573,2769,21
ore_ont_6111,os,7018,41573,2769,21
ore_ont_6111,both,7018,41573,2769,21
ore_ont_6120,off,32289,219501,5,292
ore_ont_6120,eo,32289,219501,5,290
ore_ont_6120,os,32289,219501,5,292
ore_ont_6120,both,32289,219501,5,290
ore_ont_6132,off,388514,4962,386063,641
ore_ont_6132,eo,388514,4962,386063,638
ore_ont_6132,os,388514,4962,386063,647
ore_ont_6132,both,388514,4962,386063,637
ore_ont_6134,off,3464,10948,497,8
ore_ont_6134,eo,3464,10948,497,8
ore_ont_6134,os,3464,10948,497,8
ore_ont_6134,both,3464,10948,497,8
ore_ont_6146,off,2524,10846,7,13
ore_ont_6146,eo,2524,10846,7,13
ore_ont_6146,os,2524,10846,7,13
ore_ont_6146,both,2524,10846,7,13
ore_ont_6149,off,1787,8216,0,6
ore_ont_6149,eo,1787,8216,0,5
ore_ont_6149,os,1787,8216,0,5
ore_ont_6149,both,1787,8216,0,5
ore_ont_6198,off,11300,44847,0,34
ore_ont_6198,eo,11300,44847,0,34
ore_ont_6198,os,11300,44847,0,35
ore_ont_6198,both,11300,44847,0,35
ore_ont_6202,off,6589,173580,2,31
ore_ont_6202,eo,6589,173580,2,31
ore_ont_6202,os,6589,173580,2,31
ore_ont_6202,both,6589,173580,2,31
ore_ont_6207,off,277,1416,0,1
ore_ont_6207,eo,277,1416,0,1
ore_ont_6207,os,277,1416,0,1
ore_ont_6207,both,277,1416,0,1
ore_ont_6212,off,772142,544862,2,6770
ore_ont_6212,eo,772142,544862,2,6876
ore_ont_6212,os,772142,544862,2,6956
ore_ont_6212,both,772142,544862,2,6858
ore_ont_6223,off,68453,434746,6,837
ore_ont_6223,eo,68453,434746,6,848
ore_ont_6223,os,68453,434746,6,846
ore_ont_6223,both,68453,434746,6,843
ore_ont_6226,off,227,830,0,2
ore_ont_6226,eo,227,830,0,2
ore_ont_6226,os,227,830,0,2
ore_ont_6226,both,227,830,0,2
ore_ont_6230,off,12112,25196,0,30
ore_ont_6230,eo,12112,25196,0,29
ore_ont_6230,os,12112,25196,0,29
ore_ont_6230,both,12112,25196,0,29
ore_ont_6233,off,193632,29971,0,1529
ore_ont_6233,eo,193632,29971,0,1523
ore_ont_6233,os,193632,29971,0,1546
ore_ont_6233,both,193632,29971,0,1559
ore_ont_6234,off,6426,25114,1,30
ore_ont_6234,eo,6426,25114,1,29
ore_ont_6234,os,6426,25114,1,29
ore_ont_6234,both,6426,25114,1,29
ore_ont_6246,off,116,395,18,1
ore_ont_6246,eo,116,395,18,0
ore_ont_6246,os,116,395,18,0
ore_ont_6246,both,116,395,18,1
ore_ont_6258,off,430,764,73,1
ore_ont_6258,eo,430,764,73,2
ore_ont_6258,os,430,764,73,2
ore_ont_6258,both,430,764,73,1
ore_ont_6260,off,106,48,91,0
ore_ont_6260,eo,106,48,91,0
ore_ont_6260,os,106,48,91,0
ore_ont_6260,both,106,48,91,0
ore_ont_6266,off,4007,20427,57,50
ore_ont_6266,eo,4007,20427,57,50
ore_ont_6266,os,4007,20427,57,50
ore_ont_6266,both,4007,20427,57,50
ore_ont_6272,off,223,101,1,1
ore_ont_6272,eo,223,101,1,1
ore_ont_6272,os,223,101,1,1
ore_ont_6272,both,223,101,1,1
ore_ont_6278,off,601,3688,15,4
ore_ont_6278,eo,601,3688,15,4
ore_ont_6278,os,601,3688,15,2
ore_ont_6278,both,601,3688,15,4
ore_ont_6298,off,261,1015,5,1
ore_ont_6298,eo,261,1015,5,1
ore_ont_6298,os,261,1015,5,2
ore_ont_6298,both,261,1015,5,2
ore_ont_630,off,607,829,0,2
ore_ont_630,eo,607,829,0,1
ore_ont_630,os,607,829,0,1
ore_ont_630,both,607,829,0,1
ore_ont_6310,off,32911,98708,0,161
ore_ont_6310,eo,32911,98708,0,157
ore_ont_6310,os,32911,98708,0,160
ore_ont_6310,both,32911,98708,0,159
ore_ont_6315,off,98653,544546,0,458
ore_ont_6315,eo,98653,544546,0,467
ore_ont_6315,os,98653,544546,0,463
ore_ont_6315,both,98653,544546,0,463
ore_ont_6333,off,268,257,56,1
ore_ont_6333,eo,268,257,56,0
ore_ont_6333,os,268,257,56,1
ore_ont_6333,both,268,257,56,1
ore_ont_6338,off,0,99,0,0
ore_ont_6338,eo,0,99,0,0
ore_ont_6338,os,0,99,0,0
ore_ont_6338,both,0,99,0,0
ore_ont_6354,off,4258,22743,60,16
ore_ont_6354,eo,4258,22743,60,17
ore_ont_6354,os,4258,22743,60,17
ore_ont_6354,both,4258,22743,60,17
ore_ont_6358,off,13679,116217,0,52
ore_ont_6358,eo,13679,116217,0,51
ore_ont_6358,os,13679,116217,0,52
ore_ont_6358,both,13679,116217,0,52
ore_ont_6368,off,369,1740,0,1
ore_ont_6368,eo,369,1740,0,1
ore_ont_6368,os,369,1740,0,1
ore_ont_6368,both,369,1740,0,1
ore_ont_6378,off,337,1056,0,1
ore_ont_6378,eo,337,1056,0,1
ore_ont_6378,os,337,1056,0,1
ore_ont_6378,both,337,1056,0,1
ore_ont_637,off,793,2047,0,2
ore_ont_637,eo,793,2047,0,2
ore_ont_637,os,793,2047,0,2
ore_ont_637,both,793,2047,0,2
ore_ont_6401,off,662,1532,0,3
ore_ont_6401,eo,662,1532,0,3
ore_ont_6401,os,662,1532,0,3
ore_ont_6401,both,662,1532,0,2
ore_ont_6409,off,2249,10229,59,6
ore_ont_6409,eo,2249,10229,59,6
ore_ont_6409,os,2249,10229,59,6
ore_ont_6409,both,2249,10229,59,6
ore_ont_6417,off,0,149,0,0
ore_ont_6417,eo,0,149,0,0
ore_ont_6417,os,0,149,0,0
ore_ont_6417,both,0,149,0,0
ore_ont_6423,off,5215,23224,19,13
ore_ont_6423,eo,5215,23224,19,13
ore_ont_6423,os,5215,23224,19,16
ore_ont_6423,both,5215,23224,19,13
ore_ont_6433,off,16382,64560,0,66
ore_ont_6433,eo,16382,64560,0,66
ore_ont_6433,os,16382,64560,0,67
ore_ont_6433,both,16382,64560,0,66
ore_ont_6437,off,2356,5273,1326,5
ore_ont_6437,eo,2356,5273,1326,9
ore_ont_6437,os,2356,5273,1326,5
ore_ont_6437,both,2356,5273,1326,5
ore_ont_6443,off,5044,28652,65,19
ore_ont_6443,eo,5044,28652,65,20
ore_ont_6443,os,5044,28652,65,19
ore_ont_6443,both,5044,28652,65,20
ore_ont_6444,off,356,731,0,46
ore_ont_6444,eo,356,731,0,46
ore_ont_6444,os,356,731,0,45
ore_ont_6444,both,356,731,0,46
ore_ont_6446,off,46547,1109,46011,62
ore_ont_6446,eo,46547,1109,46011,63
ore_ont_6446,os,46547,1109,46011,64
ore_ont_6446,both,46547,1109,46011,66
ore_ont_644,off,3233,13656,5,15
ore_ont_644,eo,3233,13656,5,15
ore_ont_644,os,3233,13656,5,15
ore_ont_644,both,3233,13656,5,16
ore_ont_6452,off,4435,22747,60,17
ore_ont_6452,eo,4435,22747,60,17
ore_ont_6452,os,4435,22747,60,17
ore_ont_6452,both,4435,22747,60,19
ore_ont_6453,off,13730,13731,0,41
ore_ont_6453,eo,13730,13731,0,47
ore_ont_6453,os,13730,13731,0,41
ore_ont_6453,both,13730,13731,0,44
ore_ont_6461,off,135,235,82,0
ore_ont_6461,eo,135,235,82,0
ore_ont_6461,os,135,235,82,0
ore_ont_6461,both,135,235,82,0
ore_ont_6469,off,3991,20520,58,46
ore_ont_6469,eo,3991,20520,58,46
ore_ont_6469,os,3991,20520,58,47
ore_ont_6469,both,3991,20520,58,50
ore_ont_6470,off,106,48,91,0
ore_ont_6470,eo,106,48,91,1
ore_ont_6470,os,106,48,91,0
ore_ont_6470,both,106,48,91,0
ore_ont_6477,off,218557,157858,2,1261
ore_ont_6477,eo,218557,157858,2,1273
ore_ont_6477,os,218557,157858,2,1270
ore_ont_6477,both,218557,157858,2,1274
ore_ont_6478,off,11056,66689,0,148
ore_ont_6478,eo,11056,66689,0,150
ore_ont_6478,os,11056,66689,0,148
ore_ont_6478,both,11056,66689,0,149
ore_ont_6483,off,5038,28645,65,19
ore_ont_6483,eo,5038,28645,65,19
ore_ont_6483,os,5038,28645,65,20
ore_ont_6483,both,5038,28645,65,19
ore_ont_6485,off,251,215,56,1
ore_ont_6485,eo,251,215,56,0
ore_ont_6485,os,251,215,56,1
ore_ont_6485,both,251,215,56,0
ore_ont_6495,off,69,123,18,0
ore_ont_6495,eo,69,123,18,0
ore_ont_6495,os,69,123,18,0
ore_ont_6495,both,69,123,18,0
ore_ont_6504,off,4589,25855,63,66
ore_ont_6504,eo,4589,25855,63,66
ore_ont_6504,os,4589,25855,63,58
ore_ont_6504,both,4589,25855,63,63
ore_ont_6535,off,4277,21873,60,51
ore_ont_6535,eo,4277,21873,60,50
ore_ont_6535,os,4277,21873,60,55
ore_ont_6535,both,4277,21873,60,55
ore_ont_6542,off,945,4960,0,4
ore_ont_6542,eo,945,4960,0,4
ore_ont_6542,os,945,4960,0,2
ore_ont_6542,both,945,4960,0,4
ore_ont_6566,off,3306,9209,497,7
ore_ont_6566,eo,3306,9209,497,7
ore_ont_6566,os,3306,9209,497,7
ore_ont_6566,both,3306,9209,497,7
ore_ont_6589,off,61,160,0,0
ore_ont_6589,eo,61,160,0,1
ore_ont_6589,os,61,160,0,1
ore_ont_6589,both,61,160,0,1
ore_ont_6608,off,25383,91289,65,63
ore_ont_6608,eo,25383,91289,65,63
ore_ont_6608,os,25383,91289,65,63
ore_ont_6608,both,25383,91289,65,66
ore_ont_6615,off,158,142,87,1
ore_ont_6615,eo,158,142,87,1
ore_ont_6615,os,158,142,87,1
ore_ont_6615,both,158,142,87,1
ore_ont_6617,off,106,48,91,0
ore_ont_6617,eo,106,48,91,0
ore_ont_6617,os,106,48,91,0
ore_ont_6617,both,106,48,91,1
ore_ont_6622,off,26817,29177,22263,52
ore_ont_6622,eo,26817,29177,22263,52
ore_ont_6622,os,26817,29177,22263,52
ore_ont_6622,both,26817,29177,22263,60
ore_ont_6627,off,83067,436836,325,703
ore_ont_6627,eo,83067,436836,325,712
ore_ont_6627,os,83067,436836,325,714
ore_ont_6627,both,83067,436836,325,704
ore_ont_6635,off,73,94,0,0
ore_ont_6635,eo,73,94,0,0
ore_ont_6635,os,73,94,0,0
ore_ont_6635,both,73,94,0,0
ore_ont_6659,off,21843,140720,2,112
ore_ont_6659,eo,21843,140720,2,112
ore_ont_6659,os,21843,140720,2,112
ore_ont_6659,both,21843,140720,2,112
ore_ont_6664,off,70136,69911,0,226
ore_ont_6664,eo,70136,69911,0,229
ore_ont_6664,os,70136,69911,0,230
ore_ont_6664,both,70136,69911,0,229
ore_ont_6682,off,169830,616824,196,1360
ore_ont_6682,eo,169830,616824,196,1360
ore_ont_6682,os,169830,616824,196,1359
ore_ont_6682,both,169830,616824,196,1366
ore_ont_668,off,1061685,9995,1056604,6461
ore_ont_668,eo,1061685,9995,1056604,6471
ore_ont_668,os,1061685,9995,1056604,6461
ore_ont_668,both,1061685,9995,1056604,6456
ore_ont_6696,off,884,881,0,4
ore_ont_6696,eo,884,881,0,4
ore_ont_6696,os,884,881,0,4
ore_ont_6696,both,884,881,0,4
ore_ont_670,off,2325,16215,0,7
ore_ont_670,eo,2325,16215,0,7
ore_ont_670,os,2325,16215,0,7
ore_ont_670,both,2325,16215,0,7
ore_ont_6712,off,70883,331916,190,367
ore_ont_6712,eo,70883,331916,190,360
ore_ont_6712,os,70883,331916,190,362
ore_ont_6712,both,70883,331916,190,361
ore_ont_6720,off,331,1310,1,3
ore_ont_6720,eo,331,1310,1,3
ore_ont_6720,os,331,1310,1,3
ore_ont_6720,both,331,1310,1,3
ore_ont_6722,off,113140,313024,7,468
ore_ont_6722,eo,113140,313024,7,453
ore_ont_6722,os,113140,313024,7,491
ore_ont_6722,both,113140,313024,7,457
ore_ont_6726,off,85793,88199,0,323
ore_ont_6726,eo,85793,88199,0,325
ore_ont_6726,os,85793,88199,0,323
ore_ont_6726,both,85793,88199,0,324
ore_ont_6727,off,3073,17144,68,11
ore_ont_6727,eo,3073,17144,68,11
ore_ont_6727,os,3073,17144,68,11
ore_ont_6727,both,3073,17144,68,11
ore_ont_6729,off,4589,25860,63,18
ore_ont_6729,eo,4589,25860,63,18
ore_ont_6729,os,4589,25860,63,18
ore_ont_6729,both,4589,25860,63,18
ore_ont_6735,off,213,1248,0,1
ore_ont_6735,eo,213,1248,0,1
ore_ont_6735,os,213,1248,0,1
ore_ont_6735,both,213,1248,0,1
ore_ont_6737,off,4402,4759,0,11
ore_ont_6737,eo,4402,4759,0,11
ore_ont_6737,os,4402,4759,0,11
ore_ont_6737,both,4402,4759,0,11
ore_ont_6751,off,11879,86155,2,45
ore_ont_6751,eo,11879,86155,2,45
ore_ont_6751,os,11879,86155,2,45
ore_ont_6751,both,11879,86155,2,45
ore_ont_6765,off,3980,20450,58,50
ore_ont_6765,eo,3980,20450,58,50
ore_ont_6765,os,3980,20450,58,50
ore_ont_6765,both,3980,20450,58,46
ore_ont_6792,off,751,4504,0,10
ore_ont_6792,eo,751,4504,0,10
ore_ont_6792,os,751,4504,0,10
ore_ont_6792,both,751,4504,0,10
ore_ont_6796,off,275,1404,24,0
ore_ont_6796,eo,275,1404,24,0
ore_ont_6796,os,275,1404,24,0
ore_ont_6796,both,275,1404,24,1
ore_ont_6800,off,15352,99665,0,66
ore_ont_6800,eo,15352,99665,0,66
ore_ont_6800,os,15352,99665,0,66
ore_ont_6800,both,15352,99665,0,67
ore_ont_6812,off,98,575,0,0
ore_ont_6812,eo,98,575,0,0
ore_ont_6812,os,98,575,0,0
ore_ont_6812,both,98,575,0,0
ore_ont_6815,off,3980,20450,58,46
ore_ont_6815,eo,3980,20450,58,49
ore_ont_6815,os,3980,20450,58,46
ore_ont_6815,both,3980,20450,58,46
ore_ont_6816,off,41180,262409,4,368
ore_ont_6816,eo,41180,262409,4,371
ore_ont_6816,os,41180,262409,4,369
ore_ont_6816,both,41180,262409,4,369
ore_ont_6817,off,855,3207,0,5
ore_ont_6817,eo,855,3207,0,5
ore_ont_6817,os,855,3207,0,10
ore_ont_6817,both,855,3207,0,5
ore_ont_6822,off,3359,3196,1408,6
ore_ont_6822,eo,3359,3196,1408,6
ore_ont_6822,os,3359,3196,1408,6
ore_ont_6822,both,3359,3196,1408,6
ore_ont_6833,off,3247,5564,0,250
ore_ont_6833,eo,3247,5564,0,255
ore_ont_6833,os,3247,5564,0,249
ore_ont_6833,both,3247,5564,0,251
ore_ont_6835,off,989,1555,0,405
ore_ont_6835,eo,989,1555,0,396
ore_ont_6835,os,989,1555,0,397
ore_ont_6835,both,989,1555,0,396
ore_ont_6847,off,4589,25847,63,18
ore_ont_6847,eo,4589,25847,63,18
ore_ont_6847,os,4589,25847,63,18
ore_ont_6847,both,4589,25847,63,18
ore_ont_6855,off,148,93,97,1
ore_ont_6855,eo,148,93,97,0
ore_ont_6855,os,148,93,97,0
ore_ont_6855,both,148,93,97,0
ore_ont_6857,off,557,2985,13,4
ore_ont_6857,eo,557,2985,13,2
ore_ont_6857,os,557,2985,13,4
ore_ont_6857,both,557,2985,13,4
ore_ont_6859,off,159,441,12,0
ore_ont_6859,eo,159,441,12,1
ore_ont_6859,os,159,441,12,1
ore_ont_6859,both,159,441,12,1
ore_ont_6862,off,13000,107777,0,49
ore_ont_6862,eo,13000,107777,0,49
ore_ont_6862,os,13000,107777,0,49
ore_ont_6862,both,13000,107777,0,49
ore_ont_6869,off,13003,107836,0,49
ore_ont_6869,eo,13003,107836,0,49
ore_ont_6869,os,13003,107836,0,49
ore_ont_6869,both,13003,107836,0,49
ore_ont_6870,off,15384,30764,2,54
ore_ont_6870,eo,15384,30764,2,53
ore_ont_6870,os,15384,30764,2,53
ore_ont_6870,both,15384,30764,2,54
ore_ont_6889,off,499,999,0,2
ore_ont_6889,eo,499,999,0,2
ore_ont_6889,os,499,999,0,1
ore_ont_6889,both,499,999,0,1
ore_ont_6892,off,4244,21572,59,50
ore_ont_6892,eo,4244,21572,59,50
ore_ont_6892,os,4244,21572,59,50
ore_ont_6892,both,4244,21572,59,50
ore_ont_6896,off,175382,398869,5,872
ore_ont_6896,eo,175382,398869,5,876
ore_ont_6896,os,175382,398869,5,875
ore_ont_6896,both,175382,398869,5,873
ore_ont_6905,off,4873,42617,1,17
ore_ont_6905,eo,4873,42617,1,17
ore_ont_6905,os,4873,42617,1,17
ore_ont_6905,both,4873,42617,1,17
ore_ont_6910,off,15669,127537,0,52
ore_ont_6910,eo,15669,127537,0,51
ore_ont_6910,os,15669,127537,0,52
ore_ont_6910,both,15669,127537,0,52
ore_ont_6923,off,1455,6853,2,30
ore_ont_6923,eo,1455,6853,2,17
ore_ont_6923,os,1455,6853,2,22
ore_ont_6923,both,1455,6853,2,17
ore_ont_6934,off,1734,745,1430,11
ore_ont_6934,eo,1734,745,1430,11
ore_ont_6934,os,1734,745,1430,11
ore_ont_6934,both,1734,745,1430,11
ore_ont_6939,off,1832,10454,0,5
ore_ont_6939,eo,1832,10454,0,5
ore_ont_6939,os,1832,10454,0,5
ore_ont_6939,both,1832,10454,0,5
ore_ont_6948,off,560340,413179,2,4964
ore_ont_6948,eo,560340,413179,2,4989
ore_ont_6948,os,560340,413179,2,5002
ore_ont_6948,both,560340,413179,2,5102
ore_ont_6951,off,28859,1211,28148,62
ore_ont_6951,eo,28859,1211,28148,62
ore_ont_6951,os,28859,1211,28148,62
ore_ont_6951,both,28859,1211,28148,63
ore_ont_6952,off,116576,233684,693,738
ore_ont_6952,eo,116576,233684,693,736
ore_ont_6952,os,116576,233684,693,737
ore_ont_6952,both,116576,233684,693,739
ore_ont_6967,off,1553,1292,722,4
ore_ont_6967,eo,1553,1292,722,3
ore_ont_6967,os,1553,1292,722,4
ore_ont_6967,both,1553,1292,722,4
ore_ont_6981,off,335,704,1,1
ore_ont_6981,eo,335,704,1,1
ore_ont_6981,os,335,704,1,0
ore_ont_6981,both,335,704,1,1
ore_ont_6983,off,439,2261,13,2
ore_ont_6983,eo,439,2261,13,3
ore_ont_6983,os,439,2261,13,2
ore_ont_6983,both,439,2261,13,3
ore_ont_6999,off,189,88,0,2
ore_ont_6999,eo,189,88,0,1
ore_ont_6999,os,189,88,0,2
ore_ont_6999,both,189,88,0,1
ore_ont_699,off,10238,120497,81,63
ore_ont_699,eo,10238,120497,81,61
ore_ont_699,os,10238,120497,81,64
ore_ont_699,both,10238,120497,81,61
ore_ont_7003,off,0,84,0,0
ore_ont_7003,eo,0,84,0,0
ore_ont_7003,os,0,84,0,0
ore_ont_7003,both,0,84,0,0
ore_ont_7007,off,10275,953,9717,23
ore_ont_7007,eo,10275,953,9717,33
ore_ont_7007,os,10275,953,9717,22
ore_ont_7007,both,10275,953,9717,22
ore_ont_7011,off,485,845,45,2
ore_ont_7011,eo,485,845,45,1
ore_ont_7011,os,485,845,45,2
ore_ont_7011,both,485,845,45,1
ore_ont_7014,off,4603,25888,63,18
ore_ont_7014,eo,4603,25888,63,18
ore_ont_7014,os,4603,25888,63,18
ore_ont_7014,both,4603,25888,63,18
ore_ont_7015,off,2541,13314,0,18
ore_ont_7015,eo,2541,13314,0,17
ore_ont_7015,os,2541,13314,0,17
ore_ont_7015,both,2541,13314,0,17
ore_ont_7025,off,4603,25888,63,18
ore_ont_7025,eo,4603,25888,63,18
ore_ont_7025,os,4603,25888,63,18
ore_ont_7025,both,4603,25888,63,18
ore_ont_703,off,560,3490,4,2
ore_ont_703,eo,560,3490,4,2
ore_ont_703,os,560,3490,4,1
ore_ont_703,both,560,3490,4,2
ore_ont_7052,off,59049,2029,57998,119
ore_ont_7052,eo,59049,2029,57998,115
ore_ont_7052,os,59049,2029,57998,119
ore_ont_7052,both,59049,2029,57998,116
ore_ont_7073,off,0,97,0,0
ore_ont_7073,eo,0,97,0,0
ore_ont_7073,os,0,97,0,0
ore_ont_7073,both,0,97,0,0
ore_ont_7079,off,4638,26355,63,18
ore_ont_7079,eo,4638,26355,63,18
ore_ont_7079,os,4638,26355,63,18
ore_ont_7079,both,4638,26355,63,18
ore_ont_7084,off,4043,20901,60,51
ore_ont_7084,eo,4043,20901,60,55
ore_ont_7084,os,4043,20901,60,47
ore_ont_7084,both,4043,20901,60,51
ore_ont_7102,off,3985,20464,58,50
ore_ont_7102,eo,3985,20464,58,47
ore_ont_7102,os,3985,20464,58,47
ore_ont_7102,both,3985,20464,58,50
ore_ont_7108,off,3224,17206,67,12
ore_ont_7108,eo,3224,17206,67,12
ore_ont_7108,os,3224,17206,67,12
ore_ont_7108,both,3224,17206,67,12
ore_ont_7111,off,79862,278011,0,242
ore_ont_7111,eo,79862,278011,0,245
ore_ont_7111,os,79862,278011,0,245
ore_ont_7111,both,79862,278011,0,244
ore_ont_7120,off,3038,6077,0,8
ore_ont_7120,eo,3038,6077,0,8
ore_ont_7120,os,3038,6077,0,8
ore_ont_7120,both,3038,6077,0,8
ore_ont_7127,off,130819,1041248,6,753
ore_ont_7127,eo,130819,1041248,6,755
ore_ont_7127,os,130819,1041248,6,758
ore_ont_7127,both,130819,1041248,6,753
ore_ont_714,off,61,137,5,0
ore_ont_714,eo,61,137,5,0
ore_ont_714,os,61,137,5,0
ore_ont_714,both,61,137,5,0
ore_ont_7169,off,1267,7429,0,6
ore_ont_7169,eo,1267,7429,0,4
ore_ont_7169,os,1267,7429,0,5
ore_ont_7169,both,1267,7429,0,4
ore_ont_7174,off,19438,85713,61,78
ore_ont_7174,eo,19438,85713,61,78
ore_ont_7174,os,19438,85713,61,78
ore_ont_7174,both,19438,85713,61,79
ore_ont_7178,off,16004,30731,0,101
ore_ont_7178,eo,16004,30731,0,101
ore_ont_7178,os,16004,30731,0,102
ore_ont_7178,both,16004,30731,0,101
ore_ont_7179,off,207,339,69,1
ore_ont_7179,eo,207,339,69,2
ore_ont_7179,os,207,339,69,2
ore_ont_7179,both,207,339,69,2
ore_ont_7180,off,3228,15607,0,15
ore_ont_7180,eo,3228,15607,0,15
ore_ont_7180,os,3228,15607,0,15
ore_ont_7180,both,3228,15607,0,15
ore_ont_7188,off,3801,13083,1,13
ore_ont_7188,eo,3801,13083,1,13
ore_ont_7188,os,3801,13083,1,13
ore_ont_7188,both,3801,13083,1,13
ore_ont_7192,off,258756,117115,5,5769
ore_ont_7192,eo,258756,117115,5,5768
ore_ont_7192,os,258756,117115,5,5748
ore_ont_7192,both,258756,117115,5,5747
ore_ont_7195,off,5310,23827,1,24
ore_ont_7195,eo,5310,23827,1,24
ore_ont_7195,os,5310,23827,1,24
ore_ont_7195,both,5310,23827,1,24
ore_ont_7203,off,8930,32872,2,32
ore_ont_7203,eo,8930,32872,2,32
ore_ont_7203,os,8930,32872,2,33
ore_ont_7203,both,8930,32872,2,32
ore_ont_7204,off,36867,124267,691,167
ore_ont_7204,eo,36867,124267,691,164
ore_ont_7204,os,36867,124267,691,166
ore_ont_7204,both,36867,124267,691,165
ore_ont_7216,off,1252,2815,0,3
ore_ont_7216,eo,1252,2815,0,5
ore_ont_7216,os,1252,2815,0,3
ore_ont_7216,both,1252,2815,0,3
ore_ont_7218,off,10042,15540,0,18
ore_ont_7218,eo,10042,15540,0,18
ore_ont_7218,os,10042,15540,0,18
ore_ont_7218,both,10042,15540,0,18
ore_ont_7220,off,1175,5824,0,5
ore_ont_7220,eo,1175,5824,0,5
ore_ont_7220,os,1175,5824,0,5
ore_ont_7220,both,1175,5824,0,4
ore_ont_7226,off,187,784,0,15
ore_ont_7226,eo,187,784,0,15
ore_ont_7226,os,187,784,0,15
ore_ont_7226,both,187,784,0,15
ore_ont_7234,off,19198,85228,61,48
ore_ont_7234,eo,19198,85228,61,48
ore_ont_7234,os,19198,85228,61,48
ore_ont_7234,both,19198,85228,61,48
ore_ont_7237,off,4603,25888,63,18
ore_ont_7237,eo,4603,25888,63,18
ore_ont_7237,os,4603,25888,63,18
ore_ont_7237,both,4603,25888,63,18
ore_ont_7246,off,415424,501575,1,1591
ore_ont_7246,eo,415424,501575,1,1601
ore_ont_7246,os,415424,501575,1,1599
ore_ont_7246,both,415424,501575,1,1591
ore_ont_7251,off,8410,21512,0,37
ore_ont_7251,eo,8410,21512,0,37
ore_ont_7251,os,8410,21512,0,38
ore_ont_7251,both,8410,21512,0,37
ore_ont_7256,off,37681,37836,0,186
ore_ont_7256,eo,37681,37836,0,185
ore_ont_7256,os,37681,37836,0,187
ore_ont_7256,both,37681,37836,0,186
ore_ont_725,off,2433,10416,0,7
ore_ont_725,eo,2433,10416,0,10
ore_ont_725,os,2433,10416,0,6
ore_ont_725,both,2433,10416,0,6
ore_ont_7270,off,65,243,0,0
ore_ont_7270,eo,65,243,0,0
ore_ont_7270,os,65,243,0,0
ore_ont_7270,both,65,243,0,0
ore_ont_7275,off,12116,25199,2,29
ore_ont_7275,eo,12116,25199,2,29
ore_ont_7275,os,12116,25199,2,29
ore_ont_7275,both,12116,25199,2,29
ore_ont_7278,off,175,509,12,2
ore_ont_7278,eo,175,509,12,2
ore_ont_7278,os,175,509,12,2
ore_ont_7278,both,175,509,12,2
ore_ont_727,off,1684,15233,0,6
ore_ont_727,eo,1684,15233,0,6
ore_ont_727,os,1684,15233,0,6
ore_ont_727,both,1684,15233,0,6
ore_ont_7300,off,48148,106406,0,216
ore_ont_7300,eo,48148,106406,0,215
ore_ont_7300,os,48148,106406,0,218
ore_ont_7300,both,48148,106406,0,217
ore_ont_7320,off,4589,25844,63,19
ore_ont_7320,eo,4589,25844,63,18
ore_ont_7320,os,4589,25844,63,18
ore_ont_7320,both,4589,25844,63,18
ore_ont_7327,off,1347,6944,32,5
ore_ont_7327,eo,1347,6944,32,6
ore_ont_7327,os,1347,6944,32,5
ore_ont_7327,both,1347,6944,32,6
ore_ont_7339,off,221,127,66,2
ore_ont_7339,eo,221,127,66,1
ore_ont_7339,os,221,127,66,1
ore_ont_7339,both,221,127,66,1
ore_ont_7340,off,228744,239307,0,1188
ore_ont_7340,eo,228744,239307,0,1176
ore_ont_7340,os,228744,239307,0,1171
ore_ont_7340,both,228744,239307,0,1179
ore_ont_7342,off,733,334,605,2
ore_ont_7342,eo,733,334,605,2
ore_ont_7342,os,733,334,605,2
ore_ont_7342,both,733,334,605,2
ore_ont_7343,off,157488,19516,0,386
ore_ont_7343,eo,157488,19516,0,383
ore_ont_7343,os,157488,19516,0,385
ore_ont_7343,both,157488,19516,0,385
ore_ont_7345,off,2064,4149,0,598
ore_ont_7345,eo,2064,4149,0,556
ore_ont_7345,os,2064,4149,0,596
ore_ont_7345,both,2064,4149,0,532
ore_ont_7356,off,10918,9592,2,23
ore_ont_7356,eo,10918,9592,2,23
ore_ont_7356,os,10918,9592,2,23
ore_ont_7356,both,10918,9592,2,23
ore_ont_7361,off,45497,142495,0,190
ore_ont_7361,eo,45497,142495,0,189
ore_ont_7361,os,45497,142495,0,190
ore_ont_7361,both,45497,142495,0,192
ore_ont_7364,off,2486,10663,0,5
ore_ont_7364,eo,2486,10663,0,5
ore_ont_7364,os,2486,10663,0,5
ore_ont_7364,both,2486,10663,0,5
ore_ont_7370,off,252124,498464,5,1362
ore_ont_7370,eo,252124,498464,5,1370
ore_ont_7370,os,252124,498464,5,1368
ore_ont_7370,both,252124,498464,5,1369
ore_ont_7372,off,2235,7454,0,13
ore_ont_7372,eo,2235,7454,0,13
ore_ont_7372,os,2235,7454,0,13
ore_ont_7372,both,2235,7454,0,13
ore_ont_7373,off,521,2377,0,2
ore_ont_7373,eo,521,2377,0,2
ore_ont_7373,os,521,2377,0,2
ore_ont_7373,both,521,2377,0,2
ore_ont_7389,off,973,1553,0,71
ore_ont_7389,eo,973,1553,0,71
ore_ont_7389,os,973,1553,0,71
ore_ont_7389,both,973,1553,0,71
ore_ont_7394,off,249,437,249,1
ore_ont_7394,eo,249,437,249,1
ore_ont_7394,os,249,437,249,1
ore_ont_7394,both,249,437,249,1
ore_ont_7399,off,3975,20174,57,49
ore_ont_7399,eo,3975,20174,57,50
ore_ont_7399,os,3975,20174,57,50
ore_ont_7399,both,3975,20174,57,46
ore_ont_7401,off,23795,67106,0,161
ore_ont_7401,eo,23795,67106,0,162
ore_ont_7401,os,23795,67106,0,163
ore_ont_7401,both,23795,67106,0,163
ore_ont_7409,off,219866,692400,5,1141
ore_ont_7409,eo,219866,692400,5,1134
ore_ont_7409,os,219866,692400,5,1158
ore_ont_7409,both,219866,692400,5,1130
ore_ont_7416,off,34737,212730,3,293
ore_ont_7416,eo,34737,212730,3,292
ore_ont_7416,os,34737,212730,3,294
ore_ont_7416,both,34737,212730,3,292
ore_ont_7417,off,132,435,0,0
ore_ont_7417,eo,132,435,0,1
ore_ont_7417,os,132,435,0,1
ore_ont_7417,both,132,435,0,1
ore_ont_7418,off,0,183,0,0
ore_ont_7418,eo,0,183,0,0
ore_ont_7418,os,0,183,0,0
ore_ont_7418,both,0,183,0,1
ore_ont_7439,off,12347,26543,0,30
ore_ont_7439,eo,12347,26543,0,30
ore_ont_7439,os,12347,26543,0,30
ore_ont_7439,both,12347,26543,0,30
ore_ont_7455,off,61085,214336,7,220
ore_ont_7455,eo,61085,214336,7,220
ore_ont_7455,os,61085,214336,7,220
ore_ont_7455,both,61085,214336,7,221
ore_ont_7464,off,67,96,1,0
ore_ont_7464,eo,67,96,1,0
ore_ont_7464,os,67,96,1,0
ore_ont_7464,both,67,96,1,0
ore_ont_7474,off,3980,20446,58,49
ore_ont_7474,eo,3980,20446,58,50
ore_ont_7474,os,3980,20446,58,46
ore_ont_7474,both,3980,20446,58,50
ore_ont_7479,off,4473,22949,62,18
ore_ont_7479,eo,4473,22949,62,17
ore_ont_7479,os,4473,22949,62,18
ore_ont_7479,both,4473,22949,62,18
ore_ont_7482,off,115,148,53,0
ore_ont_7482,eo,115,148,53,0
ore_ont_7482,os,115,148,53,0
ore_ont_7482,both,115,148,53,0
ore_ont_7483,off,2260,6720,0,7
ore_ont_7483,eo,2260,6720,0,7
ore_ont_7483,os,2260,6720,0,7
ore_ont_7483,both,2260,6720,0,7
ore_ont_7488,off,2282,10451,23,18
ore_ont_7488,eo,2282,10451,23,17
ore_ont_7488,os,2282,10451,23,18
ore_ont_7488,both,2282,10451,23,18
ore_ont_7493,off,38639,640548,0,255
ore_ont_7493,eo,38639,640548,0,251
ore_ont_7493,os,38639,640548,0,250
ore_ont_7493,both,38639,640548,0,253
ore_ont_7496,off,43106,267421,5,520
ore_ont_7496,eo,43106,267421,5,517
ore_ont_7496,os,43106,267421,5,517
ore_ont_7496,both,43106,267421,5,516
ore_ont_7499,off,12179,32061,0,27
ore_ont_7499,eo,12179,32061,0,27
ore_ont_7499,os,12179,32061,0,28
ore_ont_7499,both,12179,32061,0,28
ore_ont_7507,off,463672,549526,1,1832
ore_ont_7507,eo,463672,549526,1,1837
ore_ont_7507,os,463672,549526,1,1827
ore_ont_7507,both,463672,549526,1,1817
ore_ont_7517,off,126,207,0,0
ore_ont_7517,eo,126,207,0,0
ore_ont_7517,os,126,207,0,1
ore_ont_7517,both,126,207,0,0
ore_ont_751,off,68463,434749,8,997
ore_ont_751,eo,68463,434749,8,998
ore_ont_751,os,68463,434749,8,987
ore_ont_751,both,68463,434749,8,999
ore_ont_7525,off,230,310,71,1
ore_ont_7525,eo,230,310,71,1
ore_ont_7525,os,230,310,71,0
ore_ont_7525,both,230,310,71,0
ore_ont_7532,off,2675,12319,105,8
ore_ont_7532,eo,2675,12319,105,8
ore_ont_7532,os,2675,12319,105,8
ore_ont_7532,both,2675,12319,105,8
ore_ont_7536,off,21721,19990,0,79
ore_ont_7536,eo,21721,19990,0,76
ore_ont_7536,os,21721,19990,0,77
ore_ont_7536,both,21721,19990,0,76
ore_ont_7537,off,4603,25888,63,18
ore_ont_7537,eo,4603,25888,63,18
ore_ont_7537,os,4603,25888,63,18
ore_ont_7537,both,4603,25888,63,18
ore_ont_7540,off,54710,109431,0,300
ore_ont_7540,eo,54710,109431,0,301
ore_ont_7540,os,54710,109431,0,302
ore_ont_7540,both,54710,109431,0,301
ore_ont_7557,off,26489,79602,5,571
ore_ont_7557,eo,26489,79602,5,554
ore_ont_7557,os,26489,79602,5,555
ore_ont_7557,both,26489,79602,5,558
ore_ont_7567,off,175366,386306,5,789
ore_ont_7567,eo,175366,386306,5,793
ore_ont_7567,os,175366,386306,5,792
ore_ont_7567,both,175366,386306,5,790
ore_ont_7569,off,4634,26081,63,18
ore_ont_7569,eo,4634,26081,63,18
ore_ont_7569,os,4634,26081,63,19
ore_ont_7569,both,4634,26081,63,19
ore_ont_7576,off,422,1426,0,1
ore_ont_7576,eo,422,1426,0,1
ore_ont_7576,os,422,1426,0,1
ore_ont_7576,both,422,1426,0,2
ore_ont_7578,off,69314,722433,2,1633
ore_ont_7578,eo,69314,722433,2,1629
ore_ont_7578,os,69314,722433,2,1639
ore_ont_7578,both,69314,722433,2,1638
ore_ont_7581,off,185578,1319900,6,1174
ore_ont_7581,eo,185578,1319900,6,1175
ore_ont_7581,os,185578,1319900,6,1184
ore_ont_7581,both,185578,1319900,6,1183
ore_ont_7584,off,191,575,6,2
ore_ont_7584,eo,191,575,6,1
ore_ont_7584,os,191,575,6,2
ore_ont_7584,both,191,575,6,1
ore_ont_7607,off,9515,20681,0,3004
ore_ont_7607,eo,9515,20681,0,2062
ore_ont_7607,os,9515,20681,0,2920
ore_ont_7607,both,9515,20681,0,2071
ore_ont_7608,off,15078,44945,0,99
ore_ont_7608,eo,15078,44945,0,98
ore_ont_7608,os,15078,44945,0,99
ore_ont_7608,both,15078,44945,0,98
ore_ont_7610,off,2641,1113,2085,18
ore_ont_7610,eo,2641,1113,2085,16
ore_ont_7610,os,2641,1113,2085,18
ore_ont_7610,both,2641,1113,2085,16
ore_ont_762,off,222503,531087,695,1165
ore_ont_762,eo,222503,531087,695,1164
ore_ont_762,os,222503,531087,695,1170
ore_ont_762,both,222503,531087,695,1161
ore_ont_7639,off,31,21,20,0
ore_ont_7639,eo,31,21,20,0
ore_ont_7639,os,31,21,20,0
ore_ont_7639,both,31,21,20,0
ore_ont_7646,off,1282400,1587767,291,8861
ore_ont_7646,eo,1282400,1587767,291,8799
ore_ont_7646,os,1282400,1587767,291,8784
ore_ont_7646,both,1282400,1587767,291,8826
ore_ont_7663,off,297,1184,0,1
ore_ont_7663,eo,297,1184,0,1
ore_ont_7663,os,297,1184,0,2
ore_ont_7663,both,297,1184,0,1
ore_ont_7668,off,213,91,1,1
ore_ont_7668,eo,213,91,1,1
ore_ont_7668,os,213,91,1,1
ore_ont_7668,both,213,91,1,1
ore_ont_766,off,732,6437,0,4
ore_ont_766,eo,732,6437,0,4
ore_ont_766,os,732,6437,0,4
ore_ont_766,both,732,6437,0,4
ore_ont_7680,off,3613,14490,6,13
ore_ont_7680,eo,3613,14490,6,13
ore_ont_7680,os,3613,14490,6,13
ore_ont_7680,both,3613,14490,6,13
ore_ont_7706,off,18565,54613,60,87
ore_ont_7706,eo,18565,54613,60,84
ore_ont_7706,os,18565,54613,60,84
ore_ont_7706,both,18565,54613,60,84
ore_ont_770,off,4603,25888,63,18
ore_ont_770,eo,4603,25888,63,18
ore_ont_770,os,4603,25888,63,18
ore_ont_770,both,4603,25888,63,18
ore_ont_7712,off,20421,66690,39,50
ore_ont_7712,eo,20421,66690,39,50
ore_ont_7712,os,20421,66690,39,50
ore_ont_7712,both,20421,66690,39,50
ore_ont_7716,off,25634,52297,0,81
ore_ont_7716,eo,25634,52297,0,80
ore_ont_7716,os,25634,52297,0,81
ore_ont_7716,both,25634,52297,0,81
ore_ont_7726,off,13494,59225,2,38
ore_ont_7726,eo,13494,59225,2,37
ore_ont_7726,os,13494,59225,2,37
ore_ont_7726,both,13494,59225,2,37
ore_ont_7728,off,142154,280634,5,626
ore_ont_7728,eo,142154,280634,5,636
ore_ont_7728,os,142154,280634,5,633
ore_ont_7728,both,142154,280634,5,633
ore_ont_7729,off,325542,995547,5,1973
ore_ont_7729,eo,325542,995547,5,1968
ore_ont_7729,os,325542,995547,5,1978
ore_ont_7729,both,325542,995547,5,1986
ore_ont_7730,off,164,287,19,1
ore_ont_7730,eo,164,287,19,1
ore_ont_7730,os,164,287,19,1
ore_ont_7730,both,164,287,19,0
ore_ont_773,off,9243,25320,0,241
ore_ont_773,eo,9243,25320,0,243
ore_ont_773,os,9243,25320,0,240
ore_ont_773,both,9243,25320,0,242
ore_ont_7743,off,3300,12263,60,13
ore_ont_7743,eo,3300,12263,60,13
ore_ont_7743,os,3300,12263,60,13
ore_ont_7743,both,3300,12263,60,13
ore_ont_7758,off,3980,20450,58,50
ore_ont_7758,eo,3980,20450,58,47
ore_ont_7758,os,3980,20450,58,50
ore_ont_7758,both,3980,20450,58,50
ore_ont_7775,off,2894,5158,17,9
ore_ont_7775,eo,2894,5158,17,9
ore_ont_7775,os,2894,5158,17,9
ore_ont_7775,both,2894,5158,17,9
ore_ont_7776,off,2449,17297,0,8
ore_ont_7776,eo,2449,17297,0,8
ore_ont_7776,os,2449,17297,0,8
ore_ont_7776,both,2449,17297,0,8
ore_ont_7778,off,2185,9312,0,8
ore_ont_7778,eo,2185,9312,0,8
ore_ont_7778,os,2185,9312,0,9
ore_ont_7778,both,2185,9312,0,8
ore_ont_7789,off,72,221,8,0
ore_ont_7789,eo,72,221,8,1
ore_ont_7789,os,72,221,8,1
ore_ont_7789,both,72,221,8,1
ore_ont_778,off,287,595,47,1
ore_ont_778,eo,287,595,47,1
ore_ont_778,os,287,595,47,1
ore_ont_778,both,287,595,47,1
ore_ont_7800,off,48,36,0,0
ore_ont_7800,eo,48,36,0,0
ore_ont_7800,os,48,36,0,0
ore_ont_7800,both,48,36,0,0
ore_ont_7803,off,38055,223374,3,318
ore_ont_7803,eo,38055,223374,3,317
ore_ont_7803,os,38055,223374,3,316
ore_ont_7803,both,38055,223374,3,317
ore_ont_7817,off,3073,16364,68,11
ore_ont_7817,eo,3073,16364,68,11
ore_ont_7817,os,3073,16364,68,11
ore_ont_7817,both,3073,16364,68,11
ore_ont_7818,off,2122,1301,1710,11
ore_ont_7818,eo,2122,1301,1710,12
ore_ont_7818,os,2122,1301,1710,11
ore_ont_7818,both,2122,1301,1710,12
ore_ont_7820,off,150,121,87,1
ore_ont_7820,eo,150,121,87,0
ore_ont_7820,os,150,121,87,1
ore_ont_7820,both,150,121,87,1
ore_ont_7823,off,14547,14548,0,47
ore_ont_7823,eo,14547,14548,0,47
ore_ont_7823,os,14547,14548,0,48
ore_ont_7823,both,14547,14548,0,47
ore_ont_7828,off,989,5640,3,5
ore_ont_7828,eo,989,5640,3,6
ore_ont_7828,os,989,5640,3,5
ore_ont_7828,both,989,5640,3,6
ore_ont_7831,off,26527,20569,0,86
ore_ont_7831,eo,26527,20569,0,85
ore_ont_7831,os,26527,20569,0,86
ore_ont_7831,both,26527,20569,0,86
ore_ont_7833,off,1882,1583,0,5
ore_ont_7833,eo,1882,1583,0,5
ore_ont_7833,os,1882,1583,0,5
ore_ont_7833,both,1882,1583,0,5
ore_ont_7839,off,22,40,6,0
ore_ont_7839,eo,22,40,6,0
ore_ont_7839,os,22,40,6,0
ore_ont_7839,both,22,40,6,0
ore_ont_7858,off,8339,8365,0,41
ore_ont_7858,eo,8339,8365,0,41
ore_ont_7858,os,8339,8365,0,42
ore_ont_7858,both,8339,8365,0,41
ore_ont_7868,off,134619,1050856,8,841
ore_ont_7868,eo,134619,1050856,8,844
ore_ont_7868,os,134619,1050856,8,841
ore_ont_7868,both,134619,1050856,8,849
ore_ont_786,off,18128,40410,0,44
ore_ont_786,eo,18128,40410,0,44
ore_ont_786,os,18128,40410,0,44
ore_ont_786,both,18128,40410,0,45
ore_ont_7877,off,1252,789,574,3
ore_ont_7877,eo,1252,789,574,3
ore_ont_7877,os,1252,789,574,3
ore_ont_7877,both,1252,789,574,3
ore_ont_7890,off,298,1952,0,2
ore_ont_7890,eo,298,1952,0,2
ore_ont_7890,os,298,1952,0,1
ore_ont_7890,both,298,1952,0,2
ore_ont_7893,off,1396,936,574,2
ore_ont_7893,eo,1396,936,574,2
ore_ont_7893,os,1396,936,574,3
ore_ont_7893,both,1396,936,574,3
ore_ont_7894,off,368,1519,0,2
ore_ont_7894,eo,368,1519,0,1
ore_ont_7894,os,368,1519,0,2
ore_ont_7894,both,368,1519,0,2
ore_ont_7901,off,297,509,171,1
ore_ont_7901,eo,297,509,171,1
ore_ont_7901,os,297,509,171,1
ore_ont_7901,both,297,509,171,1
ore_ont_7908,off,248553,479416,5,1424
ore_ont_7908,eo,248553,479416,5,1392
ore_ont_7908,os,248553,479416,5,1391
ore_ont_7908,both,248553,479416,5,1398
ore_ont_7914,off,38133,159208,264,334
ore_ont_7914,eo,38133,159208,264,338
ore_ont_7914,os,38133,159208,264,340
ore_ont_7914,both,38133,159208,264,338
ore_ont_7926,off,14869,29746,0,52
ore_ont_7926,eo,14869,29746,0,54
ore_ont_7926,os,14869,29746,0,52
ore_ont_7926,both,14869,29746,0,52
ore_ont_7938,off,2321,10018,0,7
ore_ont_7938,eo,2321,10018,0,6
ore_ont_7938,os,2321,10018,0,6
ore_ont_7938,both,2321,10018,0,6
ore_ont_7944,off,4616,25964,63,18
ore_ont_7944,eo,4616,25964,63,18
ore_ont_7944,os,4616,25964,63,18
ore_ont_7944,both,4616,25964,63,18
ore_ont_7956,off,82181,536404,6,360
ore_ont_7956,eo,82181,536404,6,359
ore_ont_7956,os,82181,536404,6,360
ore_ont_7956,both,82181,536404,6,362
ore_ont_795,off,98464,554118,2,524
ore_ont_795,eo,98464,554118,2,523
ore_ont_795,os,98464,554118,2,523
ore_ont_795,both,98464,554118,2,522
ore_ont_7962,off,92,114,2,1
ore_ont_7962,eo,92,114,2,1
ore_ont_7962,os,92,114,2,1
ore_ont_7962,both,92,114,2,0
ore_ont_7969,off,98,575,0,0
ore_ont_7969,eo,98,575,0,0
ore_ont_7969,os,98,575,0,0
ore_ont_7969,both,98,575,0,0
ore_ont_7988,off,743,277,560,4
ore_ont_7988,eo,743,277,560,4
ore_ont_7988,os,743,277,560,4
ore_ont_7988,both,743,277,560,4
ore_ont_7993,off,78497,20167,0,607
ore_ont_7993,eo,78497,20167,0,607
ore_ont_7993,os,78497,20167,0,598
ore_ont_7993,both,78497,20167,0,599
ore_ont_7995,off,504,461,0,1
ore_ont_7995,eo,504,461,0,1
ore_ont_7995,os,504,461,0,1
ore_ont_7995,both,504,461,0,1
ore_ont_8006,off,1260,6380,31,5
ore_ont_8006,eo,1260,6380,31,5
ore_ont_8006,os,1260,6380,31,5
ore_ont_8006,both,1260,6380,31,5
ore_ont_8019,off,1126,6505,33,4
ore_ont_8019,eo,1126,6505,33,6
ore_ont_8019,os,1126,6505,33,6
ore_ont_8019,both,1126,6505,33,5
ore_ont_8021,off,846,1299,0,1
ore_ont_8021,eo,846,1299,0,1
ore_ont_8021,os,846,1299,0,3
ore_ont_8021,both,846,1299,0,3
ore_ont_802,off,1486,7928,0,14
ore_ont_802,eo,1486,7928,0,14
ore_ont_802,os,1486,7928,0,14
ore_ont_802,both,1486,7928,0,14
ore_ont_8030,off,842,4833,26,3
ore_ont_8030,eo,842,4833,26,4
ore_ont_8030,os,842,4833,26,5
ore_ont_8030,both,842,4833,26,4
ore_ont_8042,off,357,286,39,2
ore_ont_8042,eo,357,286,39,1
ore_ont_8042,os,357,286,39,2
ore_ont_8042,both,357,286,39,2
ore_ont_8047,off,0,16,0,0
ore_ont_8047,eo,0,16,0,0
ore_ont_8047,os,0,16,0,0
ore_ont_8047,both,0,16,0,0
ore_ont_8050,off,328,1626,0,2
ore_ont_8050,eo,328,1626,0,2
ore_ont_8050,os,328,1626,0,2
ore_ont_8050,both,328,1626,0,2
ore_ont_8068,off,43100,267417,3,492
ore_ont_8068,eo,43100,267417,3,492
ore_ont_8068,os,43100,267417,3,499
ore_ont_8068,both,43100,267417,3,493
ore_ont_8090,off,4408,48878,0,15
ore_ont_8090,eo,4408,48878,0,15
ore_ont_8090,os,4408,48878,0,15
ore_ont_8090,both,4408,48878,0,15
ore_ont_8094,off,90,162,22,0
ore_ont_8094,eo,90,162,22,0
ore_ont_8094,os,90,162,22,0
ore_ont_8094,both,90,162,22,0
ore_ont_8119,off,153,197,1,1
ore_ont_8119,eo,153,197,1,1
ore_ont_8119,os,153,197,1,0
ore_ont_8119,both,153,197,1,1
ore_ont_8128,off,33,58,0,0
ore_ont_8128,eo,33,58,0,0
ore_ont_8128,os,33,58,0,0
ore_ont_8128,both,33,58,0,0
ore_ont_8135,off,1626,2158,0,3
ore_ont_8135,eo,1626,2158,0,4
ore_ont_8135,os,1626,2158,0,3
ore_ont_8135,both,1626,2158,0,3
ore_ont_8141,off,947,2779,45,3
ore_ont_8141,eo,947,2779,45,3
ore_ont_8141,os,947,2779,45,2
ore_ont_8141,both,947,2779,45,3
ore_ont_8142,off,567,977,86,5
ore_ont_8142,eo,567,977,86,5
ore_ont_8142,os,567,977,86,5
ore_ont_8142,both,567,977,86,4
ore_ont_8145,off,167961,15555,0,402
ore_ont_8145,eo,167961,15555,0,399
ore_ont_8145,os,167961,15555,0,402
ore_ont_8145,both,167961,15555,0,408
ore_ont_8148,off,7124,86614,80,47
ore_ont_8148,eo,7124,86614,80,45
ore_ont_8148,os,7124,86614,80,47
ore_ont_8148,both,7124,86614,80,45
ore_ont_8166,off,145,91,59,1
ore_ont_8166,eo,145,91,59,1
ore_ont_8166,os,145,91,59,1
ore_ont_8166,both,145,91,59,1
ore_ont_8169,off,154,383,0,0
ore_ont_8169,eo,154,383,0,0
ore_ont_8169,os,154,383,0,0
ore_ont_8169,both,154,383,0,0
ore_ont_8171,off,3975,20174,57,47
ore_ont_8171,eo,3975,20174,57,46
ore_ont_8171,os,3975,20174,57,48
ore_ont_8171,both,3975,20174,57,47
ore_ont_8175,off,1687,3039,0,5
ore_ont_8175,eo,1687,3039,0,5
ore_ont_8175,os,1687,3039,0,5
ore_ont_8175,both,1687,3039,0,5
ore_ont_8187,off,1488,9696,0,4
ore_ont_8187,eo,1488,9696,0,7
ore_ont_8187,os,1488,9696,0,6
ore_ont_8187,both,1488,9696,0,7
ore_ont_8189,off,635,3458,0,3
ore_ont_8189,eo,635,3458,0,3
ore_ont_8189,os,635,3458,0,1
ore_ont_8189,both,635,3458,0,3
ore_ont_8194,off,49615,483349,0,966
ore_ont_8194,eo,49615,483349,0,982
ore_ont_8194,os,49615,483349,0,969
ore_ont_8194,both,49615,483349,0,974
ore_ont_8203,off,3775,7999,0,10
ore_ont_8203,eo,3775,7999,0,10
ore_ont_8203,os,3775,7999,0,10
ore_ont_8203,both,3775,7999,0,10
ore_ont_8226,off,129,308,1,0
ore_ont_8226,eo,129,308,1,0
ore_ont_8226,os,129,308,1,0
ore_ont_8226,both,129,308,1,0
ore_ont_8250,off,1106,998,642,4
ore_ont_8250,eo,1106,998,642,3
ore_ont_8250,os,1106,998,642,5
ore_ont_8250,both,1106,998,642,4
ore_ont_8273,off,765,2072,63,3
ore_ont_8273,eo,765,2072,63,2
ore_ont_8273,os,765,2072,63,2
ore_ont_8273,both,765,2072,63,2
ore_ont_8280,off,145,260,8,2
ore_ont_8280,eo,145,260,8,1
ore_ont_8280,os,145,260,8,2
ore_ont_8280,both,145,260,8,2
ore_ont_8286,off,3980,20450,58,47
ore_ont_8286,eo,3980,20450,58,46
ore_ont_8286,os,3980,20450,58,50
ore_ont_8286,both,3980,20450,58,47
ore_ont_8290,off,3400,16422,0,10
ore_ont_8290,eo,3400,16422,0,10
ore_ont_8290,os,3400,16422,0,10
ore_ont_8290,both,3400,16422,0,10
ore_ont_8294,off,3598,21425,133,11
ore_ont_8294,eo,3598,21425,133,11
ore_ont_8294,os,3598,21425,133,11
ore_ont_8294,both,3598,21425,133,11
ore_ont_8298,off,3058,14539,0,8
ore_ont_8298,eo,3058,14539,0,8
ore_ont_8298,os,3058,14539,0,8
ore_ont_8298,both,3058,14539,0,8
ore_ont_8322,off,4058,20452,58,50
ore_ont_8322,eo,4058,20452,58,51
ore_ont_8322,os,4058,20452,58,48
ore_ont_8322,both,4058,20452,58,48
ore_ont_8326,off,3970,20154,57,50
ore_ont_8326,eo,3970,20154,57,46
ore_ont_8326,os,3970,20154,57,50
ore_ont_8326,both,3970,20154,57,47
ore_ont_8327,off,712,3855,0,2
ore_ont_8327,eo,712,3855,0,3
ore_ont_8327,os,712,3855,0,3
ore_ont_8327,both,712,3855,0,3
ore_ont_8329,off,10042,15540,0,18
ore_ont_8329,eo,10042,15540,0,19
ore_ont_8329,os,10042,15540,0,18
ore_ont_8329,both,10042,15540,0,18
ore_ont_8335,off,132,446,0,0
ore_ont_8335,eo,132,446,0,0
ore_ont_8335,os,132,446,0,0
ore_ont_8335,both,132,446,0,0
ore_ont_8347,off,12345,27661,2,46
ore_ont_8347,eo,12345,27661,2,47
ore_ont_8347,os,12345,27661,2,47
ore_ont_8347,both,12345,27661,2,47
ore_ont_8355,off,98,68,0,1
ore_ont_8355,eo,98,68,0,1
ore_ont_8355,os,98,68,0,1
ore_ont_8355,both,98,68,0,1
ore_ont_8359,off,3980,20450,58,50
ore_ont_8359,eo,3980,20450,58,46
ore_ont_8359,os,3980,20450,58,47
ore_ont_8359,both,3980,20450,58,46
ore_ont_8362,off,178,312,20,3
ore_ont_8362,eo,178,312,20,3
ore_ont_8362,os,178,312,20,3
ore_ont_8362,both,178,312,20,3
ore_ont_8369,off,0,127,0,0
ore_ont_8369,eo,0,127,0,0
ore_ont_8369,os,0,127,0,0
ore_ont_8369,both,0,127,0,0
ore_ont_8377,off,11177,79539,0,81
ore_ont_8377,eo,11177,79539,0,81
ore_ont_8377,os,11177,79539,0,81
ore_ont_8377,both,11177,79539,0,82
ore_ont_8387,off,222,218,30,2
ore_ont_8387,eo,222,218,30,1
ore_ont_8387,os,222,218,30,2
ore_ont_8387,both,222,218,30,1
ore_ont_8388,off,43904,155769,693,215
ore_ont_8388,eo,43904,155769,693,213
ore_ont_8388,os,43904,155769,693,213
ore_ont_8388,both,43904,155769,693,215
ore_ont_8396,off,1162,1025,0,4
ore_ont_8396,eo,1162,1025,0,3
ore_ont_8396,os,1162,1025,0,4
ore_ont_8396,both,1162,1025,0,3
ore_ont_8399,off,1195,14777,394,7
ore_ont_8399,eo,1195,14777,394,6
ore_ont_8399,os,1195,14777,394,6
ore_ont_8399,both,1195,14777,394,6
ore_ont_840,off,48014,765556,0,297
ore_ont_840,eo,48014,765556,0,302
ore_ont_840,os,48014,765556,0,303
ore_ont_840,both,48014,765556,0,310
ore_ont_8417,off,4630,26075,63,18
ore_ont_8417,eo,4630,26075,63,18
ore_ont_8417,os,4630,26075,63,19
ore_ont_8417,both,4630,26075,63,18
ore_ont_8429,off,1027,5908,3,6
ore_ont_8429,eo,1027,5908,3,4
ore_ont_8429,os,1027,5908,3,6
ore_ont_8429,both,1027,5908,3,4
ore_ont_8431,off,3994,20292,57,54
ore_ont_8431,eo,3994,20292,57,50
ore_ont_8431,os,3994,20292,57,50
ore_ont_8431,both,3994,20292,57,47
ore_ont_8432,off,11276,67954,0,156
ore_ont_8432,eo,11276,67954,0,156
ore_ont_8432,os,11276,67954,0,158
ore_ont_8432,both,11276,67954,0,156
ore_ont_8441,off,19438,85713,61,79
ore_ont_8441,eo,19438,85713,61,79
ore_ont_8441,os,19438,85713,61,78
ore_ont_8441,both,19438,85713,61,78
ore_ont_8445,off,NA,NA,NA,NA
ore_ont_8445,eo,NA,NA,NA,NA
ore_ont_8445,os,NA,NA,NA,NA
ore_ont_8445,both,NA,NA,NA,NA
ore_ont_8460,off,333,418,66,1
ore_ont_8460,eo,333,418,66,1
ore_ont_8460,os,333,418,66,1
ore_ont_8460,both,333,418,66,1
ore_ont_8462,off,0,140,0,0
ore_ont_8462,eo,0,140,0,0
ore_ont_8462,os,0,140,0,0
ore_ont_8462,both,0,140,0,0
ore_ont_8470,off,34613,78579,5,106
ore_ont_8470,eo,34613,78579,5,106
ore_ont_8470,os,34613,78579,5,106
ore_ont_8470,both,34613,78579,5,106
ore_ont_8475,off,226561,668264,9292,1101
ore_ont_8475,eo,226561,668264,9292,1101
ore_ont_8475,os,226561,668264,9292,1111
ore_ont_8475,both,226561,668264,9292,1109
ore_ont_8480,off,2694,17569,5,56
ore_ont_8480,eo,2694,17569,5,55
ore_ont_8480,os,2694,17569,5,56
ore_ont_8480,both,2694,17569,5,56
ore_ont_8486,off,903613,14742621,0,44399
ore_ont_8486,eo,903613,14742621,0,44308
ore_ont_8486,os,903613,14742621,0,44247
ore_ont_8486,both,903613,14742621,0,43996
ore_ont_8492,off,12112,25196,0,29
ore_ont_8492,eo,12112,25196,0,29
ore_ont_8492,os,12112,25196,0,29
ore_ont_8492,both,12112,25196,0,29
ore_ont_8502,off,417,426,0,1
ore_ont_8502,eo,417,426,0,1
ore_ont_8502,os,417,426,0,1
ore_ont_8502,both,417,426,0,1
ore_ont_8509,off,2831,10810,439,9
ore_ont_8509,eo,2831,10810,439,17
ore_ont_8509,os,2831,10810,439,9
ore_ont_8509,both,2831,10810,439,10
ore_ont_850,off,357,286,39,2
ore_ont_850,eo,357,286,39,2
ore_ont_850,os,357,286,39,2
ore_ont_850,both,357,286,39,2
ore_ont_8557,off,90282,12053,0,192
ore_ont_8557,eo,90282,12053,0,192
ore_ont_8557,os,90282,12053,0,192
ore_ont_8557,both,90282,12053,0,196
ore_ont_8563,off,2028,8401,0,5
ore_ont_8563,eo,2028,8401,0,5
ore_ont_8563,os,2028,8401,0,5
ore_ont_8563,both,2028,8401,0,5
ore_ont_8578,off,319,608,64,1
ore_ont_8578,eo,319,608,64,1
ore_ont_8578,os,319,608,64,1
ore_ont_8578,both,319,608,64,1
ore_ont_8579,off,14869,14883,0,48
ore_ont_8579,eo,14869,14883,0,48
ore_ont_8579,os,14869,14883,0,48
ore_ont_8579,both,14869,14883,0,49
ore_ont_8595,off,2792,14829,63,10
ore_ont_8595,eo,2792,14829,63,10
ore_ont_8595,os,2792,14829,63,10
ore_ont_8595,both,2792,14829,63,10
ore_ont_85,off,420,332,153,4
ore_ont_85,eo,420,332,153,3
ore_ont_85,os,420,332,153,4
ore_ont_85,both,420,332,153,3
ore_ont_8627,off,338,884,0,7
ore_ont_8627,eo,338,884,0,7
ore_ont_8627,os,338,884,0,7
ore_ont_8627,both,338,884,0,7
ore_ont_8631,off,1033,7191,0,5
ore_ont_8631,eo,1033,7191,0,3
ore_ont_8631,os,1033,7191,0,3
ore_ont_8631,both,1033,7191,0,3
ore_ont_8634,off,66777,431123,6,302
ore_ont_8634,eo,66777,431123,6,307
ore_ont_8634,os,66777,431123,6,302
ore_ont_8634,both,66777,431123,6,301
ore_ont_8640,off,886,4649,0,3
ore_ont_8640,eo,886,4649,0,3
ore_ont_8640,os,886,4649,0,3
ore_ont_8640,both,886,4649,0,4
ore_ont_8641,off,5121,20606,2,15
ore_ont_8641,eo,5121,20606,2,15
ore_ont_8641,os,5121,20606,2,15
ore_ont_8641,both,5121,20606,2,16
ore_ont_8662,off,6,43,0,0
ore_ont_8662,eo,6,43,0,0
ore_ont_8662,os,6,43,0,0
ore_ont_8662,both,6,43,0,0
ore_ont_8665,off,229,342,0,0
ore_ont_8665,eo,229,342,0,0
ore_ont_8665,os,229,342,0,1
ore_ont_8665,both,229,342,0,0
ore_ont_8666,off,105,210,0,0
ore_ont_8666,eo,105,210,0,0
ore_ont_8666,os,105,210,0,0
ore_ont_8666,both,105,210,0,0
ore_ont_8667,off,78,165,0,0
ore_ont_8667,eo,78,165,0,0
ore_ont_8667,os,78,165,0,0
ore_ont_8667,both,78,165,0,0
ore_ont_8668,off,4589,25860,63,18
ore_ont_8668,eo,4589,25860,63,18
ore_ont_8668,os,4589,25860,63,18
ore_ont_8668,both,4589,25860,63,18
ore_ont_8671,off,192696,384222,5,1062
ore_ont_8671,eo,192696,384222,5,1061
ore_ont_8671,os,192696,384222,5,1064
ore_ont_8671,both,192696,384222,5,1062
ore_ont_8684,off,3980,20450,58,43
ore_ont_8684,eo,3980,20450,58,46
ore_ont_8684,os,3980,20450,58,50
ore_ont_8684,both,3980,20450,58,46
ore_ont_8688,off,4080,20382,57,51
ore_ont_8688,eo,4080,20382,57,50
ore_ont_8688,os,4080,20382,57,48
ore_ont_8688,both,4080,20382,57,51
ore_ont_868,off,981146,15790194,2,52623
ore_ont_868,eo,981146,15790194,2,52472
ore_ont_868,os,981146,15790194,2,52356
ore_ont_868,both,981146,15790194,2,52572
ore_ont_869,off,3058,14571,0,8
ore_ont_869,eo,3058,14571,0,8
ore_ont_869,os,3058,14571,0,8
ore_ont_869,both,3058,14571,0,8
ore_ont_8705,off,10917,48540,0,35
ore_ont_8705,eo,10917,48540,0,34
ore_ont_8705,os,10917,48540,0,34
ore_ont_8705,both,10917,48540,0,34
ore_ont_8712,off,19884,19885,0,71
ore_ont_8712,eo,19884,19885,0,72
ore_ont_8712,os,19884,19885,0,72
ore_ont_8712,both,19884,19885,0,71
ore_ont_8719,off,3983,20204,57,48
ore_ont_8719,eo,3983,20204,57,50
ore_ont_8719,os,3983,20204,57,47
ore_ont_8719,both,3983,20204,57,50
ore_ont_8723,off,2790,15857,7,140
ore_ont_8723,eo,2790,15857,7,140
ore_ont_8723,os,2790,15857,7,146
ore_ont_8723,both,2790,15857,7,142
ore_ont_8730,off,78,82,0,1
ore_ont_8730,eo,78,82,0,2
ore_ont_8730,os,78,82,0,2
ore_ont_8730,both,78,82,0,2
ore_ont_8737,off,2544786,136612,0,10995
ore_ont_8737,eo,2544786,136612,0,10998
ore_ont_8737,os,2544786,136612,0,11070
ore_ont_8737,both,2544786,136612,0,11088
ore_ont_8744,off,2248,5699,0,8
ore_ont_8744,eo,2248,5699,0,8
ore_ont_8744,os,2248,5699,0,8
ore_ont_8744,both,2248,5699,0,8
ore_ont_8755,off,13628,115765,0,52
ore_ont_8755,eo,13628,115765,0,52
ore_ont_8755,os,13628,115765,0,52
ore_ont_8755,both,13628,115765,0,52
ore_ont_8759,off,6714,47748,0,25
ore_ont_8759,eo,6714,47748,0,24
ore_ont_8759,os,6714,47748,0,24
ore_ont_8759,both,6714,47748,0,24
ore_ont_8779,off,320,851,0,7
ore_ont_8779,eo,320,851,0,7
ore_ont_8779,os,320,851,0,7
ore_ont_8779,both,320,851,0,7
ore_ont_8781,off,193,519,2,2
ore_ont_8781,eo,193,519,2,2
ore_ont_8781,os,193,519,2,1
ore_ont_8781,both,193,519,2,2
ore_ont_8786,off,355,283,39,2
ore_ont_8786,eo,355,283,39,2
ore_ont_8786,os,355,283,39,2
ore_ont_8786,both,355,283,39,1
ore_ont_8787,off,30113,351432,2,523
ore_ont_8787,eo,30113,351432,2,525
ore_ont_8787,os,30113,351432,2,521
ore_ont_8787,both,30113,351432,2,524
ore_ont_8792,off,13044,107870,0,86
ore_ont_8792,eo,13044,107870,0,73
ore_ont_8792,os,13044,107870,0,74
ore_ont_8792,both,13044,107870,0,78
ore_ont_8806,off,268,347,0,1
ore_ont_8806,eo,268,347,0,1
ore_ont_8806,os,268,347,0,0
ore_ont_8806,both,268,347,0,1
ore_ont_8844,off,5249,28649,65,21
ore_ont_8844,eo,5249,28649,65,21
ore_ont_8844,os,5249,28649,65,21
ore_ont_8844,both,5249,28649,65,21
ore_ont_8858,off,9629,25951,2,325
ore_ont_8858,eo,9629,25951,2,331
ore_ont_8858,os,9629,25951,2,330
ore_ont_8858,both,9629,25951,2,330
ore_ont_8864,off,11607,8464,0,36
ore_ont_8864,eo,11607,8464,0,37
ore_ont_8864,os,11607,8464,0,38
ore_ont_8864,both,11607,8464,0,37
ore_ont_8882,off,338,884,0,8
ore_ont_8882,eo,338,884,0,8
ore_ont_8882,os,338,884,0,8
ore_ont_8882,both,338,884,0,8
ore_ont_8902,off,4481,27511,81,17
ore_ont_8902,eo,4481,27511,81,17
ore_ont_8902,os,4481,27511,81,17
ore_ont_8902,both,4481,27511,81,17
ore_ont_8911,off,490,1110,45,2
ore_ont_8911,eo,490,1110,45,2
ore_ont_8911,os,490,1110,45,2
ore_ont_8911,both,490,1110,45,3
ore_ont_8916,off,2153,15498,0,7
ore_ont_8916,eo,2153,15498,0,7
ore_ont_8916,os,2153,15498,0,10
ore_ont_8916,both,2153,15498,0,7
ore_ont_891,off,4616,25926,63,18
ore_ont_891,eo,4616,25926,63,18
ore_ont_891,os,4616,25926,63,18
ore_ont_891,both,4616,25926,63,18
ore_ont_8933,off,2235,7454,0,13
ore_ont_8933,eo,2235,7454,0,13
ore_ont_8933,os,2235,7454,0,13
ore_ont_8933,both,2235,7454,0,13
ore_ont_8937,off,6,43,0,0
ore_ont_8937,eo,6,43,0,0
ore_ont_8937,os,6,43,0,0
ore_ont_8937,both,6,43,0,0
ore_ont_8940,off,2207,9306,21,11
ore_ont_8940,eo,2207,9306,21,11
ore_ont_8940,os,2207,9306,21,11
ore_ont_8940,both,2207,9306,21,11
ore_ont_8941,off,9803,1231,9302,24
ore_ont_8941,eo,9803,1231,9302,24
ore_ont_8941,os,9803,1231,9302,24
ore_ont_8941,both,9803,1231,9302,24
ore_ont_8948,off,465,2448,13,3
ore_ont_8948,eo,465,2448,13,3
ore_ont_8948,os,465,2448,13,2
ore_ont_8948,both,465,2448,13,3
ore_ont_8949,off,0,113,0,0
ore_ont_8949,eo,0,113,0,0
ore_ont_8949,os,0,113,0,0
ore_ont_8949,both,0,113,0,0
ore_ont_894,off,2348,5721,0,6
ore_ont_894,eo,2348,5721,0,6
ore_ont_894,os,2348,5721,0,6
ore_ont_894,both,2348,5721,0,6
ore_ont_8951,off,106,48,91,0
ore_ont_8951,eo,106,48,91,0
ore_ont_8951,os,106,48,91,1
ore_ont_8951,both,106,48,91,0
ore_ont_8974,off,6,19,0,0
ore_ont_8974,eo,6,19,0,0
ore_ont_8974,os,6,19,0,0
ore_ont_8974,both,6,19,0,0
ore_ont_8975,off,352,618,97,2
ore_ont_8975,eo,352,618,97,2
ore_ont_8975,os,352,618,97,2
ore_ont_8975,both,352,618,97,2
ore_ont_8982,off,195814,380313,5,1082
ore_ont_8982,eo,195814,380313,5,971
ore_ont_8982,os,195814,380313,5,978
ore_ont_8982,both,195814,380313,5,972
ore_ont_8989,off,566093,5957,563078,1248
ore_ont_8989,eo,566093,5957,563078,1191
ore_ont_8989,os,566093,5957,563078,1225
ore_ont_8989,both,566093,5957,563078,1184
ore_ont_8995,off,20766,84247,2,54
ore_ont_8995,eo,20766,84247,2,54
ore_ont_8995,os,20766,84247,2,55
ore_ont_8995,both,20766,84247,2,54
ore_ont_8999,off,3993,20308,57,49
ore_ont_8999,eo,3993,20308,57,47
ore_ont_8999,os,3993,20308,57,50
ore_ont_8999,both,3993,20308,57,50
ore_ont_9002,off,106,48,91,0
ore_ont_9002,eo,106,48,91,0
ore_ont_9002,os,106,48,91,0
ore_ont_9002,both,106,48,91,1
ore_ont_9012,off,1768,1001,1453,3
ore_ont_9012,eo,1768,1001,1453,3
ore_ont_9012,os,1768,1001,1453,3
ore_ont_9012,both,1768,1001,1453,2
ore_ont_9014,off,7169,30853,2,26
ore_ont_9014,eo,7169,30853,2,25
ore_ont_9014,os,7169,30853,2,24
ore_ont_9014,both,7169,30853,2,25
ore_ont_9020,off,10315,185,10315,15
ore_ont_9020,eo,10315,185,10315,15
ore_ont_9020,os,10315,185,10315,15
ore_ont_9020,both,10315,185,10315,15
ore_ont_9024,off,790,868,379,2
ore_ont_9024,eo,790,868,379,2
ore_ont_9024,os,790,868,379,2
ore_ont_9024,both,790,868,379,2
ore_ont_9027,off,162208,587543,196,1236
ore_ont_9027,eo,162208,587543,196,1227
ore_ont_9027,os,162208,587543,196,1240
ore_ont_9027,both,162208,587543,196,1233
ore_ont_9031,off,216,697,0,1
ore_ont_9031,eo,216,697,0,0
ore_ont_9031,os,216,697,0,0
ore_ont_9031,both,216,697,0,1
ore_ont_9037,off,3975,20174,57,50
ore_ont_9037,eo,3975,20174,57,46
ore_ont_9037,os,3975,20174,57,46
ore_ont_9037,both,3975,20174,57,46
ore_ont_9046,off,11848,71902,4,256
ore_ont_9046,eo,11848,71902,4,258
ore_ont_9046,os,11848,71902,4,256
ore_ont_9046,both,11848,71902,4,254
ore_ont_904,off,6205,46490,354,24
ore_ont_904,eo,6205,46490,354,24
ore_ont_904,os,6205,46490,354,24
ore_ont_904,both,6205,46490,354,24
ore_ont_9053,off,5209,53609,45,44
ore_ont_9053,eo,5209,53609,45,44
ore_ont_9053,os,5209,53609,45,45
ore_ont_9053,both,5209,53609,45,45
ore_ont_9054,off,1108,1046,538,3
ore_ont_9054,eo,1108,1046,538,3
ore_ont_9054,os,1108,1046,538,3
ore_ont_9054,both,1108,1046,538,3
ore_ont_9088,off,197,1192,0,1
ore_ont_9088,eo,197,1192,0,1
ore_ont_9088,os,197,1192,0,1
ore_ont_9088,both,197,1192,0,1
ore_ont_9096,off,1377,7090,30,5
ore_ont_9096,eo,1377,7090,30,5
ore_ont_9096,os,1377,7090,30,6
ore_ont_9096,both,1377,7090,30,5
ore_ont_9119,off,25022,13993,0,92
ore_ont_9119,eo,25022,13993,0,91
ore_ont_9119,os,25022,13993,0,96
ore_ont_9119,both,25022,13993,0,92
ore_ont_9122,off,210,416,0,2
ore_ont_9122,eo,210,416,0,1
ore_ont_9122,os,210,416,0,1
ore_ont_9122,both,210,416,0,1
ore_ont_9151,off,14884,183683,113,96
ore_ont_9151,eo,14884,183683,113,94
ore_ont_9151,os,14884,183683,113,95
ore_ont_9151,both,14884,183683,113,94
ore_ont_9154,off,654,1905,0,2
ore_ont_9154,eo,654,1905,0,3
ore_ont_9154,os,654,1905,0,2
ore_ont_9154,both,654,1905,0,1
ore_ont_9186,off,3975,20184,57,51
ore_ont_9186,eo,3975,20184,57,50
ore_ont_9186,os,3975,20184,57,50
ore_ont_9186,both,3975,20184,57,46
ore_ont_9204,off,0,128,0,0
ore_ont_9204,eo,0,128,0,0
ore_ont_9204,os,0,128,0,0
ore_ont_9204,both,0,128,0,0
ore_ont_9240,off,1008,3366,0,4
ore_ont_9240,eo,1008,3366,0,2
ore_ont_9240,os,1008,3366,0,4
ore_ont_9240,both,1008,3366,0,2
ore_ont_9248,off,2950,15890,66,11
ore_ont_9248,eo,2950,15890,66,11
ore_ont_9248,os,2950,15890,66,11
ore_ont_9248,both,2950,15890,66,11
ore_ont_9249,off,135,399,0,5
ore_ont_9249,eo,135,399,0,5
ore_ont_9249,os,135,399,0,5
ore_ont_9249,both,135,399,0,5
ore_ont_9251,off,951,1622,0,3
ore_ont_9251,eo,951,1622,0,3
ore_ont_9251,os,951,1622,0,5
ore_ont_9251,both,951,1622,0,5
ore_ont_9257,off,6603,173611,0,37
ore_ont_9257,eo,6603,173611,0,36
ore_ont_9257,os,6603,173611,0,36
ore_ont_9257,both,6603,173611,0,37
ore_ont_928,off,2469,12185,23,13
ore_ont_928,eo,2469,12185,23,13
ore_ont_928,os,2469,12185,23,13
ore_ont_928,both,2469,12185,23,13
ore_ont_9299,off,12744,41850,178,33
ore_ont_9299,eo,12744,41850,178,32
ore_ont_9299,os,12744,41850,178,38
ore_ont_9299,both,12744,41850,178,32
ore_ont_9303,off,8886,3751,6669,39
ore_ont_9303,eo,8887,3751,6670,38
ore_ont_9303,os,8886,3751,6669,37
ore_ont_9303,both,8887,3751,6670,38
ore_ont_9318,off,41930,86113,2,212
ore_ont_9318,eo,41930,86113,2,215
ore_ont_9318,os,41930,86113,2,212
ore_ont_9318,both,41930,86113,2,212
ore_ont_9347,off,113,18309,0,5204
ore_ont_9347,eo,113,18309,0,5204
ore_ont_9347,os,113,18309,0,5151
ore_ont_9347,both,113,18309,0,5119
ore_ont_934,off,540,573,309,3
ore_ont_934,eo,540,573,309,1
ore_ont_934,os,540,573,309,3
ore_ont_934,both,540,573,309,3
ore_ont_935,off,20210,85694,4,58
ore_ont_935,eo,20210,85694,4,58
ore_ont_935,os,20210,85694,4,58
ore_ont_935,both,20210,85694,4,59
ore_ont_9382,off,3975,20174,57,51
ore_ont_9382,eo,3975,20174,57,47
ore_ont_9382,os,3975,20174,57,46
ore_ont_9382,both,3975,20174,57,46
ore_ont_9386,off,731,1268,0,10
ore_ont_9386,eo,731,1268,0,9
ore_ont_9386,os,731,1268,0,9
ore_ont_9386,both,731,1268,0,10
ore_ont_9400,off,63055,409750,7,949
ore_ont_9400,eo,63055,409750,7,909
ore_ont_9400,os,63055,409750,7,901
ore_ont_9400,both,63055,409750,7,910
ore_ont_9402,off,2557,8622,37,6
ore_ont_9402,eo,2557,8622,37,6
ore_ont_9402,os,2557,8622,37,6
ore_ont_9402,both,2557,8622,37,6
ore_ont_9413,off,195983,380114,7,978
ore_ont_9413,eo,195983,380114,7,982
ore_ont_9413,os,195983,380114,7,976
ore_ont_9413,both,195983,380114,7,989
ore_ont_9422,off,70,172,9,0
ore_ont_9422,eo,70,172,9,0
ore_ont_9422,os,70,172,9,0
ore_ont_9422,both,70,172,9,0
ore_ont_9429,off,9904,30904,6047,144
ore_ont_9429,eo,9904,30904,6047,129
ore_ont_9429,os,9904,30904,6047,135
ore_ont_9429,both,9904,30904,6047,135
ore_ont_9435,off,3775,7998,0,9
ore_ont_9435,eo,3775,7998,0,9
ore_ont_9435,os,3775,7998,0,9
ore_ont_9435,both,3775,7998,0,9
ore_ont_9462,off,221,844,0,1
ore_ont_9462,eo,221,844,0,1
ore_ont_9462,os,221,844,0,1
ore_ont_9462,both,221,844,0,1
ore_ont_947,off,13366,20344,0,23
ore_ont_947,eo,13366,20344,0,23
ore_ont_947,os,13366,20344,0,23
ore_ont_947,both,13366,20344,0,23
ore_ont_9498,off,432805,3181141,0,5815
ore_ont_9498,eo,432805,3181141,0,5908
ore_ont_9498,os,432805,3181141,0,5951
ore_ont_9498,both,432805,3181141,0,5960
ore_ont_9499,off,68928,434952,8,986
ore_ont_9499,eo,68928,434952,8,994
ore_ont_9499,os,68928,434952,8,996
ore_ont_9499,both,68928,434952,8,994
ore_ont_9509,off,71,159,0,0
ore_ont_9509,eo,71,159,0,0
ore_ont_9509,os,71,159,0,0
ore_ont_9509,both,71,159,0,0
ore_ont_950,off,351,867,0,11
ore_ont_950,eo,351,867,0,11
ore_ont_950,os,351,867,0,11
ore_ont_950,both,351,867,0,11
ore_ont_9513,off,19680,44839,0,91
ore_ont_9513,eo,19680,44839,0,91
ore_ont_9513,os,19680,44839,0,91
ore_ont_9513,both,19680,44839,0,92
ore_ont_9534,off,4059,20997,60,52
ore_ont_9534,eo,4059,20997,60,51
ore_ont_9534,os,4059,20997,60,51
ore_ont_9534,both,4059,20997,60,48
ore_ont_9540,off,141,87,45,1
ore_ont_9540,eo,141,87,45,1
ore_ont_9540,os,141,87,45,1
ore_ont_9540,both,141,87,45,1
ore_ont_9545,off,41202,80998,5,138
ore_ont_9545,eo,41202,80998,5,138
ore_ont_9545,os,41202,80998,5,139
ore_ont_9545,both,41202,80998,5,137
ore_ont_954,off,158420,1250207,62,790
ore_ont_954,eo,158420,1250207,62,808
ore_ont_954,os,158420,1250207,62,794
ore_ont_954,both,158420,1250207,62,929
ore_ont_9557,off,82,76,0,1
ore_ont_9557,eo,82,76,0,1
ore_ont_9557,os,82,76,0,0
ore_ont_9557,both,82,76,0,1
ore_ont_9558,off,3980,20450,58,49
ore_ont_9558,eo,3980,20450,58,46
ore_ont_9558,os,3980,20450,58,50
ore_ont_9558,both,3980,20450,58,48
ore_ont_955,off,119558,1009780,0,813
ore_ont_955,eo,119558,1009780,0,813
ore_ont_955,os,119558,1009780,0,820
ore_ont_955,both,119558,1009780,0,814
ore_ont_9567,off,9627,25948,0,266
ore_ont_9567,eo,9627,25948,0,274
ore_ont_9567,os,9627,25948,0,273
ore_ont_9567,both,9627,25948,0,269
ore_ont_9577,off,15319,188442,113,99
ore_ont_9577,eo,15319,188442,113,96
ore_ont_9577,os,15319,188442,113,104
ore_ont_9577,both,15319,188442,113,96
ore_ont_9590,off,11864,35515,2,68
ore_ont_9590,eo,11864,35515,2,68
ore_ont_9590,os,11864,35515,2,69
ore_ont_9590,both,11864,35515,2,69
ore_ont_9596,off,12163,50573,0,29
ore_ont_9596,eo,12163,50573,0,29
ore_ont_9596,os,12163,50573,0,30
ore_ont_9596,both,12163,50573,0,29
ore_ont_9598,off,2673,7199,0,6
ore_ont_9598,eo,2673,7199,0,6
ore_ont_9598,os,2673,7199,0,6
ore_ont_9598,both,2673,7199,0,6
ore_ont_9600,off,136,362,29,0
ore_ont_9600,eo,136,362,29,0
ore_ont_9600,os,136,362,29,0
ore_ont_9600,both,136,362,29,0
ore_ont_960,off,3980,20450,58,50
ore_ont_960,eo,3980,20450,58,51
ore_ont_960,os,3980,20450,58,47
ore_ont_960,both,3980,20450,58,47
ore_ont_9612,off,9567,25897,0,30
ore_ont_9612,eo,9567,25897,0,30
ore_ont_9612,os,9567,25897,0,30
ore_ont_9612,both,9567,25897,0,29
ore_ont_9617,off,2673,7199,0,6
ore_ont_9617,eo,2673,7199,0,6
ore_ont_9617,os,2673,7199,0,6
ore_ont_9617,both,2673,7199,0,6
ore_ont_9635,off,102,239,3,1
ore_ont_9635,eo,102,239,3,0
ore_ont_9635,os,102,239,3,0
ore_ont_9635,both,102,239,3,0
ore_ont_9646,off,4078,9262,0,10
ore_ont_9646,eo,4078,9262,0,10
ore_ont_9646,os,4078,9262,0,10
ore_ont_9646,both,4078,9262,0,15
ore_ont_964,off,17934,35876,0,66
ore_ont_964,eo,17934,35876,0,65
ore_ont_964,os,17934,35876,0,66
ore_ont_964,both,17934,35876,0,67
ore_ont_9654,off,1842,3981,0,1305
ore_ont_9654,eo,1842,3981,0,1313
ore_ont_9654,os,1842,3981,0,1300
ore_ont_9654,both,1842,3981,0,1318
ore_ont_9662,off,2151,10265,108,6
ore_ont_9662,eo,2151,10265,108,6
ore_ont_9662,os,2151,10265,108,6
ore_ont_9662,both,2151,10265,108,6
ore_ont_9663,off,141404,675065,323,687
ore_ont_9663,eo,141404,675065,323,687
ore_ont_9663,os,141404,675065,323,689
ore_ont_9663,both,141404,675065,323,722
ore_ont_9666,off,39,51,7,0
ore_ont_9666,eo,39,51,7,0
ore_ont_9666,os,39,51,7,0
ore_ont_9666,both,39,51,7,0
ore_ont_9668,off,3975,20174,57,46
ore_ont_9668,eo,3975,20174,57,46
ore_ont_9668,os,3975,20174,57,47
ore_ont_9668,both,3975,20174,57,50
ore_ont_9673,off,4872,42539,1,17
ore_ont_9673,eo,4872,42539,1,17
ore_ont_9673,os,4872,42539,1,17
ore_ont_9673,both,4872,42539,1,24
ore_ont_9674,off,981144,15790191,0,52552
ore_ont_9674,eo,981144,15790191,0,52516
ore_ont_9674,os,981144,15790191,0,51877
ore_ont_9674,both,981144,15790191,0,52344
ore_ont_9684,off,13663,39528,158,114
ore_ont_9684,eo,13663,39528,158,109
ore_ont_9684,os,13663,39528,158,110
ore_ont_9684,both,13663,39528,158,110
ore_ont_9689,off,120,219,13,1
ore_ont_9689,eo,120,219,13,1
ore_ont_9689,os,120,219,13,1
ore_ont_9689,both,120,219,13,1
ore_ont_9690,off,76,211,0,1
ore_ont_9690,eo,76,211,0,1
ore_ont_9690,os,76,211,0,1
ore_ont_9690,both,76,211,0,1
ore_ont_9694,off,7554,26608,6,667
ore_ont_9694,eo,7554,26608,6,664
ore_ont_9694,os,7554,26608,6,665
ore_ont_9694,both,7554,26608,6,661
ore_ont_9695,off,488,418,0,2
ore_ont_9695,eo,488,418,0,2
ore_ont_9695,os,488,418,0,2
ore_ont_9695,both,488,418,0,2
ore_ont_9709,off,63,67,38,0
ore_ont_9709,eo,63,67,38,1
ore_ont_9709,os,63,67,38,0
ore_ont_9709,both,63,67,38,0
ore_ont_9724,off,45497,142495,0,191
ore_ont_9724,eo,45497,142495,0,191
ore_ont_9724,os,45497,142495,0,191
ore_ont_9724,both,45497,142495,0,192
ore_ont_9736,off,133,420,0,0
ore_ont_9736,eo,133,420,0,0
ore_ont_9736,os,133,420,0,0
ore_ont_9736,both,133,420,0,0
ore_ont_9739,off,17875,49048,65,75
ore_ont_9739,eo,17875,49048,65,74
ore_ont_9739,os,17875,49048,65,73
ore_ont_9739,both,17875,49048,65,73
ore_ont_9758,off,3980,20450,58,49
ore_ont_9758,eo,3980,20450,58,46
ore_ont_9758,os,3980,20450,58,50
ore_ont_9758,both,3980,20450,58,51
ore_ont_9761,off,7831,10099,0,20
ore_ont_9761,eo,7831,10099,0,21
ore_ont_9761,os,7831,10099,0,20
ore_ont_9761,both,7831,10099,0,20
ore_ont_9767,off,68453,434746,6,838
ore_ont_9767,eo,68453,434746,6,845
ore_ont_9767,os,68453,434746,6,842
ore_ont_9767,both,68453,434746,6,839
ore_ont_9768,off,66977,20389,0,519
ore_ont_9768,eo,66977,20389,0,514
ore_ont_9768,os,66977,20389,0,517
ore_ont_9768,both,66977,20389,0,519
ore_ont_9772,off,4402,4762,0,11
ore_ont_9772,eo,4402,4762,0,11
ore_ont_9772,os,4402,4762,0,12
ore_ont_9772,both,4402,4762,0,12
ore_ont_9783,off,332,601,62,1
ore_ont_9783,eo,332,601,62,1
ore_ont_9783,os,332,601,62,1
ore_ont_9783,both,332,601,62,1
ore_ont_9786,off,1823,9362,104,5
ore_ont_9786,eo,1823,9362,104,5
ore_ont_9786,os,1823,9362,104,6
ore_ont_9786,both,1823,9362,104,6
ore_ont_9790,off,6710,47724,0,24
ore_ont_9790,eo,6710,47724,0,24
ore_ont_9790,os,6710,47724,0,25
ore_ont_9790,both,6710,47724,0,24
ore_ont_9791,off,160256,1243250,60,781
ore_ont_9791,eo,160256,1243250,60,780
ore_ont_9791,os,160256,1243250,60,782
ore_ont_9791,both,160256,1243250,60,782
ore_ont_9792,off,8364,155432,0,49
ore_ont_9792,eo,8364,155432,0,47
ore_ont_9792,os,8364,155432,0,47
ore_ont_9792,both,8364,155432,0,47
ore_ont_9794,off,678470,37373,0,2341
ore_ont_9794,eo,678470,37373,0,1986
ore_ont_9794,os,678470,37373,0,1976
ore_ont_9794,both,678470,37373,0,1990
ore_ont_9800,off,11998,12869,9377,69
ore_ont_9800,eo,11998,12869,9377,69
ore_ont_9800,os,11998,12869,9377,70
ore_ont_9800,both,11998,12869,9377,66
ore_ont_9805,off,25,68,0,0
ore_ont_9805,eo,25,68,0,0
ore_ont_9805,os,25,68,0,0
ore_ont_9805,both,25,68,0,0
ore_ont_9809,off,204409,157822,2,1208
ore_ont_9809,eo,204409,157822,2,1194
ore_ont_9809,os,204409,157822,2,1203
ore_ont_9809,both,204409,157822,2,1224
ore_ont_980,off,4658,26013,63,19
ore_ont_980,eo,4658,26013,63,19
ore_ont_980,os,4658,26013,63,19
ore_ont_980,both,4658,26013,63,19
ore_ont_9816,off,54304,108619,0,297
ore_ont_9816,eo,54304,108619,0,299
ore_ont_9816,os,54304,108619,0,300
ore_ont_9816,both,54304,108619,0,300
ore_ont_9835,off,131998,708017,0,620
ore_ont_9835,eo,131998,708017,0,619
ore_ont_9835,os,131998,708017,0,621
ore_ont_9835,both,131998,708017,0,627
ore_ont_9854,off,82,240,0,0
ore_ont_9854,eo,82,240,0,0
ore_ont_9854,os,82,240,0,0
ore_ont_9854,both,82,240,0,0
ore_ont_9855,off,18123,40417,0,44
ore_ont_9855,eo,18123,40417,0,43
ore_ont_9855,os,18123,40417,0,44
ore_ont_9855,both,18123,40417,0,44
ore_ont_9857,off,1552,1494,0,4
ore_ont_9857,eo,1552,1494,0,5
ore_ont_9857,os,1552,1494,0,4
ore_ont_9857,both,1552,1494,0,6
ore_ont_9864,off,931,5231,2,3
ore_ont_9864,eo,931,5231,2,3
ore_ont_9864,os,931,5231,2,4
ore_ont_9864,both,931,5231,2,3
ore_ont_9867,off,134,202,0,0
ore_ont_9867,eo,134,202,0,0
ore_ont_9867,os,134,202,0,0
ore_ont_9867,both,134,202,0,0
ore_ont_9881,off,2208,4102,6,122
ore_ont_9881,eo,2208,4102,6,122
ore_ont_9881,os,2208,4102,6,121
ore_ont_9881,both,2208,4102,6,121
ore_ont_9884,off,6598,41044,2,24
ore_ont_9884,eo,6598,41044,2,24
ore_ont_9884,os,6598,41044,2,24
ore_ont_9884,both,6598,41044,2,24
ore_ont_9886,off,134244,132195,0,569
ore_ont_9886,eo,134244,132195,0,569
ore_ont_9886,os,134244,132195,0,570
ore_ont_9886,both,134244,132195,0,571
ore_ont_9890,off,1569,2691,510,3
ore_ont_9890,eo,1569,2691,510,3
ore_ont_9890,os,1569,2691,510,3
ore_ont_9890,both,1569,2691,510,5
ore_ont_9894,off,62149,135841,5,206
ore_ont_9894,eo,62149,135841,5,206
ore_ont_9894,os,62149,135841,5,206
ore_ont_9894,both,62149,135841,5,208
ore_ont_9896,off,3684,12187,0,16
ore_ont_9896,eo,3684,12187,0,16
ore_ont_9896,os,3684,12187,0,17
ore_ont_9896,both,3684,12187,0,16
ore_ont_9899,off,388706,6002,386063,639
ore_ont_9899,eo,388706,6002,386063,637
ore_ont_9899,os,388706,6002,386063,653
ore_ont_9899,both,388706,6002,386063,638
ore_ont_9904,off,89,123,19,0
ore_ont_9904,eo,89,123,19,0
ore_ont_9904,os,89,123,19,0
ore_ont_9904,both,89,123,19,0
ore_ont_990,off,4594,25874,63,18
ore_ont_990,eo,4594,25874,63,18
ore_ont_990,os,4594,25874,63,18
ore_ont_990,both,4594,25874,63,18
ore_ont_9928,off,166,302,0,1
ore_ont_9928,eo,166,302,0,1
ore_ont_9928,os,166,302,0,1
ore_ont_9928,both,166,302,0,1
ore_ont_9941,off,27,57,0,0
ore_ont_9941,eo,27,57,0,0
ore_ont_9941,os,27,57,0,0
ore_ont_9941,both,27,57,0,0
ore_ont_9943,off,5098,20011,0,14
ore_ont_9943,eo,5098,20011,0,14
ore_ont_9943,os,5098,20011,0,14
ore_ont_9943,both,5098,20011,0,14
ore_ont_9944,off,18680,46843,65,45
ore_ont_9944,eo,18680,46843,65,45
ore_ont_9944,os,18680,46843,65,45
ore_ont_9944,both,18680,46843,65,46
ore_ont_9947,off,2415,9698,6,9
ore_ont_9947,eo,2415,9698,6,9
ore_ont_9947,os,2415,9698,6,9
ore_ont_9947,both,2415,9698,6,9
ore_ont_9957,off,1502,10778,55,6
ore_ont_9957,eo,1502,10778,55,5
ore_ont_9957,os,1502,10778,55,6
ore_ont_9957,both,1502,10778,55,6
ore_ont_9958,off,1686,4056,0,605
ore_ont_9958,eo,1686,4056,0,596
ore_ont_9958,os,1686,4056,0,597
ore_ont_9958,both,1686,4056,0,603
ore_ont_9972,off,3975,20174,57,46
ore_ont_9972,eo,3975,20174,57,50
ore_ont_9972,os,3975,20174,57,46
ore_ont_9972,both,3975,20174,57,50
ore_ont_9994,off,76,84,36,0
ore_ont_9994,eo,76,84,36,0
ore_ont_9994,os,76,84,36,1
ore_ont_9994,both,76,84,36,0
ore_ont_9998,off,2944,2314,0,7
ore_ont_9998,eo,2944,2314,0,7
ore_ont_9998,os,2944,2314,0,8
ore_ont_9998,both,2944,2314,0,7
